Variables ="X", "Y", "Z", "Cf", "Cfx", "Cfy", "Cfz", "Ds", "Theta", "Pixels/in"
-56.6606   1.1173  0.0927  0.0121  0.0121  0.0002  0.0000   9.990   9.280   85.80
-56.6255   0.2974  0.0908  0.0110  0.0110  0.0002  0.0000   9.100   8.300   85.80
-56.5498  -2.0173  0.0862  0.0130  0.0130  0.0004  0.0000  10.720   6.740   85.85
-56.5498   2.0173  0.0862  0.0130  0.0130 -0.0004  0.0000  10.720   6.740   85.85
-56.5318  -6.2527  0.0872  0.0129  0.0128  0.0004  0.0000  10.710   9.710   86.56
-56.5318   6.2527  0.0872  0.0129  0.0128 -0.0004  0.0000  10.710   9.710   86.56
-56.5093  -2.4223  0.0857  0.0115  0.0115  0.0004  0.0000   9.500   6.760   85.84
-56.5093   2.4223  0.0857  0.0115  0.0115 -0.0004  0.0000   9.500   6.760   85.84
-56.5066  -5.4741  0.0864  0.0113  0.0112  0.0009  0.0000   9.350   8.710   86.46
-56.5066   5.4741  0.0864  0.0113  0.0112 -0.0009  0.0000   9.350   8.710   86.46
-56.4759  -3.2081  0.0850  0.0114  0.0114 -0.0002  0.0000   9.390   6.930   85.91
-56.4759   3.2081  0.0850  0.0114  0.0114  0.0002  0.0000   9.390   6.930   85.91
-54.5576   4.2973  0.0974  0.0124  0.0124  0.0002  0.0000   9.930  16.240   82.23
-54.2876   0.0048  0.0881  0.0133  0.0133  0.0007  0.0000  10.580  11.760   82.18
-54.2862  -0.8027  0.0857  0.0127  0.0127 -0.0007  0.0000  10.100  11.270   82.42
-54.2603  -1.1574  0.0847  0.0115  0.0115  0.0001  0.0000   9.150  11.160   82.27
-54.1914  -4.3705  0.0834  0.0111  0.0111 -0.0003  0.0000   8.840  11.540   82.61
-54.1914   4.3705  0.0834  0.0111  0.0111  0.0003  0.0000   8.840  11.540   82.61
-54.1612  -5.1753  0.0846  0.0124  0.0124  0.0001  0.0000   9.890  12.120   82.67
-54.1612   5.1753  0.0846  0.0124  0.0124 -0.0001  0.0000   9.890  12.120   82.67
-54.1398  -4.7797  0.0840  0.0117  0.0117 -0.0004  0.0000   9.310  11.870   82.64
-54.1398   4.7797  0.0840  0.0117  0.0117  0.0004  0.0000   9.310  11.870   82.64
-54.1334  -5.5967  0.0851  0.0109  0.0108 -0.0004  0.0000   8.690  12.500   82.80
-54.1334   5.5967  0.0851  0.0109  0.0108  0.0004  0.0000   8.690  12.500   82.80
-51.8454  -3.8751  0.0814  0.0118  0.0118  0.0002  0.0000   9.000  15.500   78.30
-51.8454   3.8751  0.0814  0.0118  0.0118 -0.0002  0.0000   9.000  15.500   78.30
-51.8443  -3.5618  0.0814  0.0131  0.0131  0.0002  0.0000   9.950  15.420   78.29
-51.8443   3.5618  0.0814  0.0131  0.0131 -0.0002  0.0000   9.950  15.420   78.29
-50.3804  -4.7905  0.0884  0.0108  0.0108  0.0005  0.0000   8.090  22.090   75.67
-50.3804   4.7905  0.0884  0.0108  0.0108 -0.0005  0.0000   8.090  22.090   75.67
-49.1841   0.2482  0.0822  0.0111  0.0111  0.0005  0.0000   9.440  20.520   86.34
-49.1397  -0.1794  0.0816  0.0124  0.0124  0.0005  0.0000  10.580  20.430   86.44
-48.9788  -3.9893  0.0785  0.0115  0.0115 -0.0006  0.0000   9.820  20.470   86.64
-47.4112   3.4657  0.0806  0.0124  0.0124 -0.0002  0.0000  10.410  25.080   83.75
-47.4092  -4.1301  0.0764  0.0126  0.0126  0.0011  0.0000  10.700  23.060   85.14
-47.3964   4.2463  0.0804  0.0122  0.0122 -0.0002  0.0000  10.260  25.670   83.58
-47.3771  -3.0506  0.0772  0.0117  0.0117  0.0003  0.0000   9.910  22.970   84.87
-47.2863   6.8646  0.0788  0.0108  0.0108 -0.0007  0.0000   9.060  27.980   82.92
-47.2057  -7.0864  0.0751  0.0119  0.0119  0.0008  0.0000  10.180  24.510   85.35
-46.4647   1.5872  0.0783  0.0113  0.0113 -0.0004  0.0000   9.430  25.410   83.24
-46.4573   0.5591  0.0784  0.0132  0.0132 -0.0004  0.0000  11.020  24.930   83.58
-46.4371   1.2335  0.0784  0.0112  0.0112 -0.0005  0.0000   9.370  25.230   83.56
-44.2568  -2.0274  0.0738  0.0134  0.0134 -0.0001  0.0000  11.080  27.800   81.87
-44.1970  -0.5800  0.0751  0.0120  0.0120  0.0009  0.0000   9.950  28.050   81.65
-44.1890  -1.3341  0.0744  0.0111  0.0111  0.0000  0.0000   9.230  27.960   81.73
-44.1179   4.8497  0.0724  0.0115  0.0115  0.0004  0.0000   9.460  30.470   80.53
-44.1047   5.6130  0.0708  0.0127  0.0127  0.0001  0.0000  10.490  30.990   80.34
-43.9519  -4.6056  0.0717  0.0128  0.0128  0.0002  0.0000  10.580  28.450   81.61
-42.5565   0.9546  0.0747  0.0120  0.0120  0.0001  0.0000   9.780  30.770   79.62
-41.5577   2.8447  0.0726  0.0121  0.0121 -0.0001  0.0000   9.880  32.760   78.54
-41.4889   3.4893  0.0718  0.0099  0.0099  0.0006  0.0000   8.020  33.100   78.23
-40.8991  -1.6110  0.0720  0.0099  0.0098  0.0003  0.0000   7.990  32.600   78.37
-40.8715  -5.1136  0.0710  0.0105  0.0105  0.0005  0.0000   8.600  32.780   79.26
-40.8532  -6.2426  0.0702  0.0114  0.0114  0.0004  0.0000   9.360  33.050   79.19
-39.3727   0.3028  0.0747  0.0111  0.0111  0.0006  0.0000   9.250   6.930   86.83
-39.3607   2.1537  0.0737  0.0115  0.0115  0.0007  0.0000   9.560   8.110   86.76
-39.3317   1.7334  0.0744  0.0121  0.0121  0.0010  0.0000  10.120   7.680   86.84
-39.3150   1.3276  0.0745  0.0116  0.0116  0.0003  0.0000   9.660   7.460   86.81
-39.3053   0.9788  0.0747  0.0125  0.0125 -0.0001  0.0000  10.430   7.280   86.79
-38.7308   3.5679  0.0724  0.0119  0.0119 -0.0003  0.0000   9.830  10.430   85.93
-37.8604   5.1334  0.0728  0.0123  0.0123 -0.0002  0.0000  10.110  13.660   84.88
-37.8395   6.5919  0.0716  0.0134  0.0134 -0.0005  0.0000  11.080  15.640   84.75
-37.8328   5.8504  0.0721  0.0118  0.0118 -0.0001  0.0000   9.730  14.650   84.81
-37.8311   5.5437  0.0724  0.0118  0.0118 -0.0005  0.0000   9.740  14.240   84.81
-37.6989  -3.7772  0.0728  0.0138  0.0138  0.0001  0.0000  11.280  12.290   84.50
-37.6613  -1.3208  0.0742  0.0124  0.0124  0.0003  0.0000  10.100  10.410   84.71
-37.6613  -1.6611  0.0740  0.0116  0.0116 -0.0001  0.0000   9.490  10.590   84.65
-37.6373  -0.9534  0.0744  0.0118  0.0117 -0.0010  0.0000   9.580  10.310   84.61
-37.6325  -0.2054  0.0746  0.0119  0.0119 -0.0001  0.0000   9.740  10.170   84.73
-37.6305  -4.1733  0.0724  0.0130  0.0130  0.0000  0.0000  10.600  12.830   84.34
-37.6101  -4.5982  0.0719  0.0135  0.0135  0.0004  0.0000  10.980  13.370   84.19
-37.5966  -4.9027  0.0717  0.0127  0.0127  0.0000  0.0000  10.340  13.760   84.10
-37.5733  -5.2938  0.0714  0.0117  0.0117  0.0004  0.0000   9.570  14.290   84.09
-35.7962   3.2920  0.0750  0.0120  0.0120  0.0004  0.0000   9.650  14.810   83.03
-35.7764   3.5866  0.0749  0.0125  0.0125 -0.0003  0.0000  10.060  15.060   82.95
-35.7753   3.9307  0.0748  0.0122  0.0122  0.0001  0.0000   9.880  15.350   82.98
-35.7427   4.7024  0.0741  0.0126  0.0126 -0.0003  0.0000  10.150  16.120   82.86
-35.7124   4.2956  0.0745  0.0121  0.0121  0.0000  0.0000   9.780  15.780   82.89
-35.2649   2.0754  0.0754  0.0123  0.0123  0.0003  0.0000   9.910  14.970   82.65
-35.2395   0.3539  0.0752  0.0113  0.0113  0.0004  0.0000   9.040  14.530   82.67
-35.2216   1.6588  0.0754  0.0123  0.0123  0.0003  0.0000   9.870  14.870   82.64
-35.1502   0.9628  0.0754  0.0105  0.0105 -0.0003  0.0000   8.400  14.780   82.51
-35.1345  -1.6982  0.0739  0.0131  0.0131  0.0004  0.0000  10.530  15.090   82.35
-35.0934  -2.8892  0.0734  0.0107  0.0107  0.0005  0.0000   8.560  15.720   82.12
-35.0929  -2.5223  0.0735  0.0105  0.0105  0.0004  0.0000   8.360  15.510   82.06
-35.0889  -3.5244  0.0728  0.0127  0.0127 -0.0003  0.0000  10.120  16.180   81.94
-35.0811  -3.2368  0.0731  0.0118  0.0118  0.0002  0.0000   9.390  15.970   81.99
-35.0468  -5.1667  0.0709  0.0119  0.0119  0.0002  0.0000   9.520  17.610   81.65
-34.9909  -6.0214  0.0703  0.0125  0.0125  0.0007  0.0000   9.990  18.540   81.56
-34.9745  -7.0494  0.0697  0.0122  0.0122  0.0005  0.0000   9.760  19.670   81.39
-34.9673  -6.3935  0.0701  0.0112  0.0112  0.0006  0.0000   8.960  18.960   81.45
-34.9667  -6.7314  0.0699  0.0121  0.0121  0.0005  0.0000   9.700  19.330   81.42
-33.3984   5.8982  0.0747  0.0132  0.0131 -0.0010  0.0000  10.490  20.620   80.78
-33.3737   5.5598  0.0749  0.0120  0.0119 -0.0013  0.0000   9.540  20.360   80.82
-33.3663   5.1640  0.0751  0.0112  0.0112 -0.0002  0.0000   8.930  20.050   80.76
-33.3600   6.2373  0.0745  0.0123  0.0122  0.0005  0.0000   9.790  20.980   80.83
-31.9949  -1.9447  0.0744  0.0132  0.0132  0.0007  0.0000  10.350  20.450   79.37
-31.9804  -5.7589  0.0700  0.0122  0.0122  0.0001  0.0000   9.540  22.520   78.92
-31.9787  -0.1088  0.0760  0.0114  0.0114 -0.0005  0.0000   8.920  20.210   79.29
-31.9729  -5.4589  0.0704  0.0123  0.0123  0.0006  0.0000   9.660  22.370   79.09
-31.9689  -0.9499  0.0754  0.0103  0.0103  0.0005  0.0000   8.110  20.230   79.66
-31.9682  -3.9315  0.0722  0.0126  0.0124  0.0020  0.0000   9.930  21.360   79.62
-31.9552  -0.5445  0.0757  0.0109  0.0109  0.0004  0.0000   8.540  20.210   79.66
-31.9530  -4.7409  0.0711  0.0118  0.0118  0.0002  0.0000   9.190  21.900   78.75
-31.9529  -1.2970  0.0751  0.0115  0.0115  0.0006  0.0000   9.030  20.320   79.46
-31.9418  -4.3514  0.0715  0.0128  0.0128  0.0003  0.0000   9.950  21.620   78.80
-31.3259   3.7403  0.0774  0.0126  0.0126  0.0004  0.0000   9.880  22.280   78.90
-31.3125   3.4098  0.0775  0.0128  0.0128 -0.0002  0.0000  10.060  22.100   79.12
-31.3110   3.0921  0.0776  0.0113  0.0113 -0.0011  0.0000   8.890  21.960   79.14
-31.2997   4.9189  0.0769  0.0130  0.0130  0.0002  0.0000  10.250  22.940   79.34
-31.2662   4.5507  0.0773  0.0132  0.0132  0.0000  0.0000  10.340  22.760   78.66
-29.8813  -7.0773  0.0680  0.0123  0.0123  0.0008  0.0000   9.350  26.610   75.36
-29.8607  -6.0467  0.0707  0.0111  0.0111  0.0007  0.0000   8.600  25.780   76.92
-29.8474  -6.4214  0.0697  0.0116  0.0115  0.0011  0.0000   8.860  26.050   76.01
-29.6671   0.2941  0.0765  0.0108  0.0108  0.0003  0.0000   8.330  24.030   76.89
-29.6512   2.1297  0.0779  0.0117  0.0117 -0.0003  0.0000   8.930  24.330   76.57
-29.6488   0.5846  0.0767  0.0109  0.0109 -0.0004  0.0000   8.340  23.990   76.76
-29.5611   5.9663  0.0763  0.0114  0.0114  0.0000  0.0000   8.760  26.190   76.54
-29.5605   6.3114  0.0762  0.0120  0.0120 -0.0004  0.0000   9.230  26.400   76.36
-29.5485   5.6220  0.0765  0.0114  0.0114 -0.0001  0.0000   8.780  26.000   76.52
-29.5296   6.7180  0.0761  0.0130  0.0130  0.0002  0.0000   9.990  26.720   76.29
-29.0416  -3.2917  0.0757  0.0120  0.0120  0.0003  0.0000   9.340  25.550   77.53
-29.0356  -4.0507  0.0751  0.0116  0.0115  0.0014  0.0000   9.130  25.790   78.60
-29.0295  -2.9099  0.0759  0.0116  0.0115  0.0004  0.0000   9.000  25.440   77.63
-29.0276  -3.6600  0.0755  0.0118  0.0118  0.0004  0.0000   9.230  25.620   77.68
-28.0682   3.1175  0.0774  0.0128  0.0128 -0.0004  0.0000  10.640  10.420   86.12
-28.0081   4.1236  0.0764  0.0108  0.0108  0.0002  0.0000   8.990  12.180   85.89
-27.2303  -5.0216  0.0786  0.0106  0.0106  0.0004  0.0000   8.170  28.980   75.49
-27.1934  -5.4568  0.0766  0.0124  0.0124  0.0005  0.0000   9.460  29.240   74.85
-27.1577  -5.0843  0.0784  0.0117  0.0117  0.0012  0.0000   9.630   8.160   85.51
-27.1508  -5.8451  0.0745  0.0110  0.0110  0.0008  0.0000   8.400  29.480   74.69
-27.1296  -5.4934  0.0765  0.0108  0.0108 -0.0002  0.0000   8.850   8.790   85.46
-27.1135  -6.2486  0.0713  0.0112  0.0112  0.0006  0.0000   8.420  29.830   73.65
-27.1022  -6.5810  0.0680  0.0120  0.0120  0.0009  0.0000   9.010  30.220   73.25
-27.0899  -6.9108  0.0650  0.0125  0.0125  0.0004  0.0000   9.230  30.430   71.95
-26.6528  -0.4169  0.0768  0.0122  0.0122  0.0002  0.0000   9.810   7.030   83.70
-26.2037  -2.6775  0.0785  0.0114  0.0114  0.0005  0.0000   9.190   7.340   84.13
-26.1520  -3.7705  0.0828  0.0116  0.0116  0.0004  0.0000   9.410   7.940   84.58
-25.9942   5.2438  0.0755  0.0136  0.0136 -0.0001  0.0000  10.990  15.850   83.02
-25.9942   6.9108  0.0755  0.0136  0.0136 -0.0004  0.0000  10.990  15.850   83.02
-25.9315   5.5718  0.0741  0.0118  0.0118  0.0004  0.0000   9.530  16.220   82.81
-25.9315   2.6775  0.0741  0.0118  0.0118 -0.0005  0.0000   9.530  16.220   82.81
-25.9282   5.8961  0.0732  0.0113  0.0113  0.0004  0.0000   9.150  16.730   82.82
-25.9282  -5.2438  0.0732  0.0113  0.0113  0.0001  0.0000   9.150  16.730   82.82
-25.8943   6.2652  0.0736  0.0129  0.0129 -0.0006  0.0000  10.430  17.070   82.62
-25.8943  -5.5718  0.0736  0.0129  0.0129 -0.0004  0.0000  10.430  17.070   82.62
-25.8472   6.6464  0.0746  0.0124  0.0124  0.0000  0.0000   9.970  17.660   82.36
-25.8472  -5.8961  0.0746  0.0124  0.0124 -0.0004  0.0000   9.970  17.660   82.36
-24.9461   3.4479  0.0724  0.0119  0.0119  0.0004 -0.0001   9.610  15.360   83.02
-24.9327   3.8427  0.0660  0.0109  0.0109  0.0004 -0.0001   8.800  15.480   82.95
-24.9296   4.6588  0.0653  0.0123  0.0123  0.0000 -0.0001   9.900  15.760   82.67
-24.9171   4.2411  0.0643  0.0123  0.0123 -0.0001 -0.0001   9.900  15.350   82.59
-24.2239  -5.1058  0.0789  0.0109  0.0109 -0.0001  0.0000   8.540  12.370   81.32
-24.2093  -5.9219  0.0733  0.0121  0.0121 -0.0004  0.0000   9.580  13.280   81.46
-24.1933  -5.5349  0.0758  0.0122  0.0122 -0.0011  0.0001   9.530  12.910   80.75
-22.5159   4.8832  0.0491  0.0125  0.0125 -0.0001 -0.0001   9.650  18.510   78.73
-22.4519  -4.2265  0.0441  0.0119  0.0119 -0.0002 -0.0002   9.470  15.530   81.69
-22.4508  -4.5029  0.0480  0.0116  0.0116 -0.0006 -0.0002   9.060  14.670   80.48
-22.4444   5.4713  0.0565  0.0116  0.0116 -0.0006 -0.0001   9.000  19.220   78.93
-22.4266  -3.8703  0.0399  0.0113  0.0112 -0.0010 -0.0002   9.000  15.460   81.97
-22.4255  -3.1060  0.0316  0.0113  0.0113 -0.0005 -0.0003   9.190  15.760   83.11
-22.4247  -3.5183  0.0368  0.0120  0.0120  0.0000 -0.0003   9.640  15.360   82.24
-22.3677   5.9399  0.0623  0.0121  0.0121  0.0005  0.0000   9.350  19.820   78.50
-22.0198   0.2174  0.0487  0.0105  0.0105  0.0006 -0.0003   8.630  16.890   84.15
-21.9880   2.1228  0.0176  0.0104  0.0104  0.0006 -0.0001   8.250  16.510   81.20
-21.9612   0.5452  0.0595  0.0095  0.0095  0.0004 -0.0005   7.970  18.490   85.09
-21.9481   1.7124  0.0285  0.0108  0.0108  0.0006 -0.0006   8.950  17.910   84.42
-21.9207   0.8795  0.0678  0.0103  0.0103  0.0009 -0.0005   8.590  18.670   84.73
-21.9070   1.2482  0.0580  0.0098  0.0097  0.0011 -0.0006   8.240  20.490   85.08
-21.3236  -6.8698  0.0253  0.0108  0.0108  0.0007  0.0001   8.160  18.460   76.72
-21.2942  -6.4621  0.0345  0.0104  0.0104 -0.0001 -0.0004   8.420  19.810   82.24
-21.2566  -6.0987  0.0358  0.0104  0.0103 -0.0006 -0.0003   8.370  19.600   81.99
-21.2216  -5.3064  0.0433  0.0113  0.0113 -0.0006  0.0000   8.560  17.750   77.23
-21.2212  -5.7471  0.0346  0.0117  0.0117  0.0012  0.0000   9.190  19.600   79.54
-20.4887   3.3363  0.0330  0.0117  0.0117 -0.0004  0.0001   8.630  19.520   74.82
-20.4023   4.0647  0.0400  0.0120  0.0120  0.0001  0.0000   8.840  20.430   74.92
-20.3970  -4.8702  0.0362  0.0098  0.0098  0.0001 -0.0002   7.560  19.460   78.64
-20.3683  -4.6234  0.0339  0.0119  0.0119 -0.0011  0.0000   9.030  19.380   76.96
-20.3508  -3.0119  0.0330  0.0116  0.0115 -0.0009  0.0001   8.500  17.540   75.11
-20.3476   4.4368  0.0424  0.0123  0.0123  0.0002  0.0000   9.120  20.840   74.98
-20.3389  -3.7985  0.0378  0.0113  0.0113 -0.0010  0.0001   8.380  17.890   75.47
-20.3319  -3.4172  0.0355  0.0116  0.0116 -0.0004  0.0001   8.540  17.650   74.96
-20.3092  -0.2201  0.0256  0.0109  0.0108  0.0000 -0.0002   8.280  19.470   77.63
-20.3046  -1.8004  0.0320  0.0129  0.0129 -0.0004  0.0001   9.410  17.530   74.75
-20.2876  -2.1086  0.0317  0.0105  0.0105  0.0002  0.0001   7.700  17.560   74.97
-20.2774  -1.4321  0.0341  0.0123  0.0122 -0.0008  0.0001   9.010  17.760   74.99
-20.2727  -0.6427  0.0308  0.0098  0.0098  0.0005  0.0000   7.240  18.040   75.32
-19.8907 -11.1954  0.0400  0.0135  0.0135 -0.0007  0.0001  10.150  24.020   75.11
-19.8900 -11.7936  0.0431  0.0129  0.0129  0.0000  0.0001   9.760  24.690   75.70
-19.8707 -11.5198  0.0418  0.0124  0.0124 -0.0001  0.0001   9.390  24.420   75.54
-19.8406 -10.8604  0.0387  0.0128  0.0128  0.0007  0.0001   9.700  23.720   75.77
-19.5466   5.3525  0.0504  0.0121  0.0121 -0.0003  0.0000   8.910  22.700   74.34
-19.4332   7.1126  0.0637  0.0133  0.0133  0.0011  0.0000   9.970  24.780   74.77
-19.2341  -6.7367  0.0338  0.0121  0.0120  0.0003  0.0001   8.890  21.100   74.62
-19.2091  -6.3697  0.0341  0.0106  0.0106  0.0003  0.0001   7.820  20.970   74.61
-19.1715  -6.0146  0.0344  0.0109  0.0109 -0.0006  0.0001   7.990  20.810   74.12
-19.1636   0.3114  0.0287  0.0105  0.0105 -0.0002  0.0001   7.590  19.840   73.05
-19.1599  -5.1856  0.0343  0.0110  0.0110 -0.0002  0.0000   8.050  20.470   74.45
-19.1449  -5.5941  0.0345  0.0108  0.0108  0.0002  0.0000   7.960  20.610   74.65
-19.1411   0.5850  0.0292  0.0107  0.0107 -0.0006  0.0001   7.770  20.020   73.35
-19.0877   2.1414  0.0338  0.0118  0.0118 -0.0001  0.0001   8.520  20.850   73.36
-19.0758   1.3131  0.0312  0.0098  0.0097 -0.0006  0.0001   7.090  20.420   73.58
-19.0751   1.7305  0.0324  0.0106  0.0106  0.0003  0.0001   7.720  20.670   73.53
-18.9052  -7.7956  0.0333  0.0116  0.0116 -0.0003  0.0001   8.540  22.360   73.84
-18.8777  -8.2275  0.0334  0.0114  0.0114  0.0002  0.0001   8.420  22.590   74.16
-18.6137  -4.3293  0.0400  0.0109  0.0109  0.0000  0.0001   7.960  21.010   73.82
-18.5728  -3.9344  0.0413  0.0114  0.0114 -0.0009  0.0001   8.300  20.910   73.68
-18.5469  -3.5594  0.0419  0.0122  0.0122  0.0000  0.0001   8.910  20.860   73.76
-18.5469   6.7367  0.0419  0.0122  0.0122 -0.0003  0.0001   8.910  20.860   73.76
-18.5213  -3.1507  0.0411  0.0111  0.0111 -0.0009  0.0000   8.120  20.990   74.05
-18.5213   6.0146  0.0411  0.0111  0.0111  0.0006  0.0000   8.120  20.990   74.05
-18.1498 -11.5966  0.0543  0.0125  0.0125  0.0004  0.0001   9.430  26.510   74.73
-18.1498   5.1856  0.0543  0.0125  0.0125  0.0002  0.0001   9.430  26.510   74.73
-18.0784 -10.9020  0.0514  0.0121  0.0121 -0.0001  0.0001   9.050  25.870   74.20
-18.0784  -0.5850  0.0514  0.0121  0.0121  0.0006  0.0001   9.050  25.870   74.20
-18.0420 -10.5420  0.0492  0.0113  0.0113  0.0001  0.0001   8.400  25.590   74.21
-18.0420  -1.3131  0.0492  0.0113  0.0113  0.0006  0.0001   8.400  25.590   74.21
-17.7834  -6.9317  0.0422  0.0107  0.0107 -0.0002  0.0001   7.780  23.460   73.10
-17.7834   7.7956  0.0422  0.0107  0.0107  0.0003  0.0001   7.780  23.460   73.10
-17.7465  -6.6370  0.0422  0.0117  0.0117 -0.0007  0.0001   8.510  23.340   72.76
-17.7465   4.3293  0.0422  0.0117  0.0117  0.0000  0.0001   8.510  23.340   72.76
-17.7230  -5.9024  0.0418  0.0116  0.0116 -0.0003  0.0001   8.400  23.030   72.98
-17.7230   3.5594  0.0418  0.0116  0.0116  0.0000  0.0001   8.400  23.030   72.98
-17.7116  -5.1192  0.0415  0.0114  0.0114 -0.0006  0.0000   8.260  22.800   72.75
-17.7116   3.1507  0.0415  0.0114  0.0114  0.0009  0.0000   8.260  22.800   72.75
-17.7108  -5.5186  0.0417  0.0099  0.0099 -0.0005  0.0000   7.180  22.870   72.72
-17.7108  11.5966  0.0417  0.0099  0.0099 -0.0004  0.0000   7.180  22.870   72.72
-17.3362   2.8404  0.0444  0.0098  0.0097  0.0006  0.0001   8.240  11.020   87.48
-17.3362  -2.8404  0.0444  0.0098  0.0097 -0.0006  0.0001   8.240  11.020   87.48
-17.3227   3.5848  0.0467  0.0102  0.0102  0.0007  0.0001   8.630  12.290   87.20
-17.3227  -3.5848  0.0467  0.0102  0.0102 -0.0007  0.0001   8.630  12.290   87.20
-17.3140   3.1580  0.0453  0.0103  0.0103  0.0007  0.0001   8.690  11.530   87.35
-17.3140  -3.1580  0.0453  0.0103  0.0103 -0.0007  0.0001   8.690  11.530   87.35
-17.2991   4.7708  0.0523  0.0113  0.0113  0.0013  0.0000   9.490  14.220   86.26
-17.2991  -4.7708  0.0523  0.0113  0.0113 -0.0013  0.0000   9.490  14.220   86.26
-17.2674   3.9070  0.0483  0.0099  0.0099  0.0006  0.0000   8.310  12.870   86.61
-17.2674  -3.9070  0.0483  0.0099  0.0099 -0.0006  0.0000   8.310  12.870   86.61
-17.2666   4.3257  0.0503  0.0114  0.0114  0.0007  0.0000   9.530  13.500   86.46
-17.2666  -4.3257  0.0503  0.0114  0.0114 -0.0007  0.0000   9.530  13.500   86.46
-17.2458  -1.2654  0.0416  0.0095  0.0095 -0.0003  0.0000   7.960   5.580   87.48
-17.0892  -9.7718  0.0510  0.0124  0.0124 -0.0003  0.0001   9.080  26.350   72.94
-17.0892 -11.5966  0.0510  0.0124  0.0124  0.0004  0.0001   9.080  26.350   72.94
-17.0797  -9.4748  0.0505  0.0121  0.0121 -0.0004  0.0001   8.880  26.030   72.84
-17.0797   2.8404  0.0505  0.0121  0.0121  0.0006  0.0001   8.880  26.030   72.84
-17.0565  -7.9283  0.0486  0.0128  0.0128  0.0002  0.0001   9.370  24.870   72.96
-17.0565   3.5848  0.0486  0.0128  0.0128  0.0007  0.0001   9.370  24.870   72.96
-16.9207   5.7569  0.0572  0.0128  0.0128  0.0008  0.0000  10.590  16.160   84.99
-16.9207  -5.7569  0.0572  0.0128  0.0128 -0.0008  0.0000  10.590  16.160   84.99
-16.9190   5.4337  0.0559  0.0113  0.0112  0.0012  0.0000   9.330  15.640   84.98
-16.9190  -5.4337  0.0559  0.0113  0.0112 -0.0012  0.0000   9.330  15.640   84.98
-16.8869   8.2980  0.0733  0.0118  0.0117  0.0011  0.0000   9.770  20.470   83.92
-16.8869  -8.2980  0.0733  0.0118  0.0117 -0.0011  0.0000   9.770  20.470   83.92
-16.8775   9.6973  0.0789  0.0123  0.0122  0.0009  0.0000  10.170  22.460   83.52
-16.8775  -9.6973  0.0789  0.0123  0.0122 -0.0009  0.0000  10.170  22.460   83.52
-16.8760   8.5878  0.0738  0.0109  0.0108  0.0012  0.0000   9.010  20.880   83.89
-16.8760  -8.5878  0.0738  0.0109  0.0108 -0.0012  0.0000   9.010  20.880   83.89
-16.8638   6.0743  0.0588  0.0130  0.0130 -0.0003  0.0000  10.730  16.610   84.61
-16.8638  -6.0743  0.0588  0.0130  0.0130  0.0003  0.0000  10.730  16.610   84.61
-16.8633   8.9409  0.0747  0.0123  0.0123  0.0007  0.0000  10.240  21.450   83.86
-16.8633  -8.9409  0.0747  0.0123  0.0123 -0.0007  0.0000  10.240  21.450   83.86
-16.7937   6.4602  0.0611  0.0124  0.0124  0.0009  0.0000  10.220  17.290   84.32
-16.7937  -6.4602  0.0611  0.0124  0.0124 -0.0009  0.0000  10.220  17.290   84.32
-16.7461   7.3190  0.0666  0.0130  0.0130  0.0003  0.0000  10.720  18.650   83.88
-16.7461  -7.3190  0.0666  0.0130  0.0130 -0.0003  0.0000  10.720  18.650   83.88
-16.4215   0.2714  0.0434  0.0080  0.0080  0.0004  0.0000   5.900  11.930   83.70
-16.3974   0.1982  0.0435  0.0091  0.0091 -0.0001  0.0001   7.530   8.310   86.34
-16.3871   0.5290  0.0437  0.0078  0.0078  0.0000  0.0000   5.690  12.250   83.62
-16.3844   0.5152  0.0437  0.0084  0.0083  0.0004  0.0000   6.920   8.720   86.25
-16.3842   0.8943  0.0440  0.0086  0.0086  0.0001  0.0000   6.270  12.620   83.51
-16.3817   1.2274  0.0444  0.0080  0.0080  0.0005  0.0000   5.860  12.950   83.51
-16.3652   1.6427  0.0452  0.0080  0.0080  0.0001  0.0000   5.880  13.490   83.41
-16.3313   1.2520  0.0447  0.0095  0.0094  0.0010  0.0000   7.850   9.700   86.00
-16.1982 -11.7488  0.0595  0.0123  0.0123  0.0002  0.0000   9.200  29.390   73.36
-16.1982  -8.9409  0.0595  0.0123  0.0123 -0.0007  0.0000   9.200  29.390   73.36
-16.1908 -11.4802  0.0584  0.0124  0.0124 -0.0003  0.0000   9.190  29.080   72.93
-16.1908  -6.4602  0.0584  0.0124  0.0124 -0.0009  0.0000   9.190  29.080   72.93
-15.8000  -4.2395  0.0489  0.0088  0.0088  0.0001  0.0000   6.400  11.840   83.12
-15.8000   4.2395  0.0489  0.0088  0.0088 -0.0001  0.0000   6.400  11.840   83.12
-15.6961  -4.6073  0.0494  0.0088  0.0087 -0.0004  0.0000   6.370  12.110   82.90
-15.6961   4.6073  0.0494  0.0088  0.0087  0.0004  0.0000   6.370  12.110   82.90
-15.6904   0.0387  0.0458  0.0074  0.0074  0.0002  0.0000   5.990   9.400   84.58
-15.6622  -0.4061  0.0459  0.0090  0.0090  0.0002  0.0000   7.340   9.080   84.56
-15.6536  -5.3341  0.0505  0.0082  0.0081 -0.0009  0.0000   5.970  12.560   83.05
-15.6536   5.3341  0.0505  0.0082  0.0081  0.0009  0.0000   5.970  12.560   83.05
-14.7682  -2.5822  0.0471  0.0071  0.0071 -0.0008  0.0000   5.710  10.010   83.31
-14.7624   2.2253  0.0482  0.0085  0.0084  0.0008  0.0000   6.800  13.210   83.13
-14.7624  -2.2253  0.0482  0.0085  0.0084 -0.0008  0.0000   6.800  13.210   83.13
-14.7354  -2.9550  0.0481  0.0090  0.0090  0.0010  0.0000   7.260  10.100   83.45
-14.6947   1.8085  0.0481  0.0097  0.0096  0.0011  0.0000   7.780  12.790   83.14
-14.6943   1.0131  0.0470  0.0087  0.0087  0.0006  0.0000   6.970  11.970   83.15
-14.5769   5.4531  0.0584  0.0106  0.0104  0.0016  0.0000   8.490  17.640   82.10
-14.5769  -5.4531  0.0584  0.0106  0.0104 -0.0016  0.0000   8.490  17.640   82.10
-14.5625   7.3934  0.0653  0.0103  0.0103 -0.0002  0.0000   8.320  20.430   81.59
-14.5625  -7.3934  0.0653  0.0103  0.0103  0.0002  0.0000   8.320  20.430   81.59
-14.5476   6.2227  0.0609  0.0095  0.0094  0.0009  0.0000   7.620  18.780   81.95
-14.5476  -6.2227  0.0609  0.0095  0.0094 -0.0009  0.0000   7.620  18.780   81.95
-14.5436   6.8702  0.0629  0.0115  0.0115  0.0001  0.0000   9.260  19.770   81.77
-14.5436  -6.8702  0.0629  0.0115  0.0115 -0.0001  0.0000   9.260  19.770   81.77
-14.1439  -0.1848  0.0462  0.0080  0.0080  0.0002  0.0000   6.410  11.860   82.90
-14.1371   3.1288  0.0492  0.0092  0.0092  0.0004  0.0000   7.370  15.040   82.55
-14.1371  -3.1288  0.0492  0.0092  0.0092 -0.0004  0.0000   7.370  15.040   82.55
-14.0965   8.8544  0.0713  0.0121  0.0119  0.0019  0.0000   9.670  23.010   80.69
-14.0965  -8.8544  0.0713  0.0121  0.0119 -0.0019  0.0000   9.670  23.010   80.69
-14.0911   3.4178  0.0500  0.0090  0.0090  0.0001  0.0000   7.180  15.450   82.42
-14.0911  -3.4178  0.0500  0.0090  0.0090 -0.0001  0.0000   7.180  15.450   82.42
-14.0624  -3.4358  0.0478  0.0083  0.0082 -0.0012  0.0000   5.990  14.960   81.78
-14.0624   3.4358  0.0478  0.0083  0.0082  0.0012  0.0000   5.990  14.960   81.78
-14.0600  -3.7018  0.0483  0.0086  0.0085  0.0012  0.0000   6.190  14.930   81.96
-14.0600   3.7018  0.0483  0.0086  0.0085 -0.0012  0.0000   6.190  14.930   81.96
-14.0553  -4.4149  0.0497  0.0075  0.0075 -0.0008  0.0000   5.420  15.100   81.61
-14.0553   4.4149  0.0497  0.0075  0.0075  0.0008  0.0000   5.420  15.100   81.61
-14.0506   4.9555  0.0570  0.0092  0.0091 -0.0014  0.0000   7.540  23.360   82.22
-14.0506  -4.9555  0.0570  0.0092  0.0091  0.0014  0.0000   7.540  23.360   82.22
-14.0499  -4.0475  0.0490  0.0086  0.0086 -0.0004  0.0000   6.160  15.010   81.43
-14.0499   4.0475  0.0490  0.0086  0.0086  0.0004  0.0000   6.160  15.010   81.43
-14.0466  -0.9978  0.0446  0.0077  0.0077 -0.0003  0.0000   6.140  11.670   82.66
-14.0459  -4.8153  0.0505  0.0078  0.0078  0.0002  0.0000   5.610  15.240   81.68
-14.0459   4.8153  0.0505  0.0078  0.0078 -0.0002  0.0000   5.610  15.240   81.68
-14.0374   4.4808  0.0545  0.0100  0.0100 -0.0005  0.0000   8.190  22.590   82.71
-14.0374  -4.4808  0.0545  0.0100  0.0100  0.0005  0.0000   8.190  22.590   82.71
-14.0277  -1.3885  0.0445  0.0079  0.0079 -0.0003  0.0000   6.300  11.570   82.63
-14.0236   4.1019  0.0526  0.0087  0.0087  0.0006  0.0000   6.980  16.380   81.88
-14.0236  -4.1019  0.0526  0.0087  0.0087 -0.0006  0.0000   6.980  16.380   81.88
-13.9847  -2.0598  0.0447  0.0074  0.0074  0.0003  0.0000   5.920  11.500   82.66
-13.9778   4.9338  0.0569  0.0099  0.0098  0.0018  0.0000   7.910  17.510   81.53
-13.9778  -4.9338  0.0569  0.0099  0.0098 -0.0018  0.0000   7.910  17.510   81.53
-13.9706   4.5222  0.0548  0.0102  0.0102  0.0008  0.0000   8.160  16.970   81.62
-13.9706  -4.5222  0.0548  0.0102  0.0102 -0.0008  0.0000   8.160  16.970   81.62
-13.5809  -1.6272  0.0432  0.0071  0.0071  0.0004  0.0000   5.110  16.000   80.99
-13.5809   1.6272  0.0432  0.0071  0.0071 -0.0004  0.0000   5.110  16.000   80.99
-13.5803   0.1805  0.0454  0.0061  0.0060 -0.0008  0.0000   4.370  16.920   80.97
-13.5590  -0.1166  0.0444  0.0061  0.0061  0.0002  0.0000   4.350  16.760   81.01
-13.5458  -0.8527  0.0432  0.0062  0.0062 -0.0001  0.0000   4.460  16.380   80.91
-13.5383  -0.4586  0.0435  0.0058  0.0058 -0.0005  0.0000   4.170  16.610   81.00
-13.1607   0.7556  0.0462  0.0079  0.0079 -0.0006  0.0000   6.270  14.090   81.76
-13.0214   2.2796  0.0491  0.0065  0.0064  0.0009  0.0000   4.610  19.150   79.42
-12.9229   3.0354  0.0496  0.0072  0.0072  0.0003  0.0000   5.090  19.870   78.69
-12.9143   2.6431  0.0493  0.0074  0.0074 -0.0001  0.0000   5.220  19.600   78.75
-12.9055   3.7511  0.0519  0.0075  0.0073  0.0017  0.0000   5.270  20.610   78.80
-12.9018   4.0296  0.0528  0.0070  0.0070  0.0004  0.0000   4.910  20.860   78.47
-12.9000   3.4117  0.0507  0.0076  0.0076  0.0010  0.0000   5.380  20.260   78.72
-12.8968   8.1936  0.0670  0.0064  0.0064  0.0007  0.0000   5.100  27.820   78.69
-12.8462   8.1611  0.0668  0.0104  0.0104 -0.0011  0.0000   8.240  23.000   79.34
-12.8462  -8.1611  0.0668  0.0104  0.0104  0.0011  0.0000   8.240  23.000   79.34
-12.8252   8.6259  0.0688  0.0137  0.0137 -0.0009  0.0000  10.880  28.420   78.13
-12.7229  -1.2523  0.0471  0.0036  0.0036  0.0003  0.0000  35.750  20.710  884.25
-12.7229   1.2523  0.0471  0.0036  0.0036 -0.0003  0.0000  35.750  20.710  884.25
-12.6133  -1.4944  0.0477  0.0026  0.0025 -0.0006  0.0000  29.420  22.000 1016.79
-12.6133   1.4944  0.0477  0.0026  0.0025  0.0006  0.0000  29.420  22.000 1016.79
-12.4993  -0.7744  0.0412  0.0055  0.0045 -0.0031  0.0000  28.090  15.100  467.85
-12.4993   0.7744  0.0412  0.0055  0.0045  0.0031  0.0000  28.090  15.100  467.85
-12.3687   0.5389  0.0434  0.0032  0.0030 -0.0008  0.0000  22.440  19.310  643.32
-12.2478  -0.9059  0.0446  0.0029  0.0029  0.0006  0.0000  26.080  21.010  803.00
-12.2478   0.9059  0.0446  0.0029  0.0029 -0.0006  0.0000  26.080  21.010  803.00
-12.1808   5.5799  0.0581  0.0102  0.0100  0.0020  0.0000   8.210  23.670   80.85
-12.1808  -5.5799  0.0581  0.0102  0.0100 -0.0020  0.0000   8.210  23.670   80.85
-12.1505   7.4853  0.0641  0.0115  0.0113 -0.0021  0.0000   9.090  26.580   78.67
-12.1505  -7.4853  0.0641  0.0115  0.0113  0.0021  0.0000   9.090  26.580   78.67
-12.1471  -1.2088  0.0457  0.0029  0.0029  0.0004  0.0000  26.290  22.350  804.77
-12.1471   1.2088  0.0457  0.0029  0.0029 -0.0004  0.0000  26.290  22.350  804.77
-12.1427  -2.1838  0.0491  0.0026  0.0026 -0.0002  0.0000  32.590  25.980 1110.90
-12.1427   2.1838  0.0491  0.0026  0.0026  0.0002  0.0000  32.590  25.980 1110.90
-12.1317   6.0078  0.0593  0.0090  0.0090  0.0007  0.0000   7.220  24.350   80.27
-12.1317  -6.0078  0.0593  0.0090  0.0090 -0.0007  0.0000   7.220  24.350   80.27
-12.1294   6.3189  0.0603  0.0098  0.0098  0.0009  0.0000   7.900  24.840   80.10
-12.1294  -6.3189  0.0603  0.0098  0.0098 -0.0009  0.0000   7.900  24.840   80.10
-12.1042   7.4340  0.0639  0.0116  0.0116  0.0009  0.0000   9.170  22.780   79.21
-12.1042  -7.4340  0.0639  0.0116  0.0116 -0.0009  0.0000   9.170  22.780   79.21
-12.1014  -2.3177  0.0493  0.0026  0.0025 -0.0006  0.0000  32.400  26.600 1100.26
-12.1014   2.3177  0.0493  0.0026  0.0025  0.0006  0.0000  32.400  26.600 1100.26
-12.1013   6.6499  0.0612  0.0094  0.0092  0.0019  0.0000   7.560  25.370   80.20
-12.1013  -6.6499  0.0612  0.0094  0.0092 -0.0019  0.0000   7.560  25.370   80.20
-12.0861   5.5607  0.0576  0.0081  0.0079  0.0015  0.0000   6.350  20.660   79.72
-12.0861  -5.5607  0.0576  0.0081  0.0079 -0.0015  0.0000   6.350  20.660   79.72
-12.0806   7.0469  0.0622  0.0103  0.0103  0.0004  0.0000   8.260  25.890   79.50
-12.0806  -7.0469  0.0622  0.0103  0.0103 -0.0004  0.0000   8.260  25.890   79.50
-12.0779  -6.8857  0.0467  0.0088  0.0087 -0.0012  0.0000   6.270  19.750   79.99
-12.0751  -1.4838  0.0468  0.0028  0.0028  0.0003  0.0000  26.170  23.560  827.92
-12.0751   1.4838  0.0468  0.0028  0.0028 -0.0003  0.0000  26.170  23.560  827.92
-12.0515   6.6149  0.0610  0.0101  0.0101  0.0004  0.0000   7.950  21.870   79.35
-12.0515  -6.6149  0.0610  0.0101  0.0101 -0.0004  0.0000   7.950  21.870   79.35
-12.0240  -5.1200  0.0439  0.0074  0.0073 -0.0008  0.0000   5.240  19.080   79.86
-12.0190   6.9916  0.0620  0.0097  0.0095  0.0015  0.0000   7.590  22.380   79.13
-12.0190  -6.9916  0.0620  0.0097  0.0095 -0.0015  0.0000   7.590  22.380   79.13
-12.0159  -6.1341  0.0456  0.0076  0.0076  0.0003  0.0000   5.420  19.340   79.81
-12.0054  -5.3975  0.0443  0.0082  0.0081 -0.0012  0.0000   5.860  19.220   79.85
-11.9637  -1.2147  0.0401  0.0063  0.0046 -0.0044  0.0000  24.610  17.180  352.13
-11.9637  -1.2147  0.0401  0.0063  0.0046 -0.0044  0.0000  24.610  17.180  352.13
-11.9637   1.2147  0.0401  0.0063  0.0046  0.0044  0.0000  24.610  17.180  352.13
-11.9637  -1.8842  0.0484  0.0030  0.0029 -0.0005  0.0000  26.670  25.280  797.44
-11.9637   1.8842  0.0484  0.0030  0.0029  0.0005  0.0000  26.670  25.280  797.44
-11.9312  -6.7426  0.0463  0.0090  0.0089 -0.0010  0.0000   7.470  13.740   94.59
-11.9312   6.7426  0.0463  0.0090  0.0089  0.0010  0.0000   7.470  13.740   94.59
-11.9200  -0.6109  0.0411  0.0048  0.0044 -0.0020  0.0000  24.000  18.210  448.47
-11.9200   0.6109  0.0411  0.0048  0.0044  0.0020  0.0000  24.000  18.210  448.47
-11.8943  -5.0319  0.0434  0.0094  0.0087 -0.0035  0.0000   7.690  11.150   93.86
-11.8943   5.0319  0.0434  0.0094  0.0087  0.0035  0.0000   7.690  11.150   93.86
-11.8839  -5.3036  0.0439  0.0082  0.0070 -0.0042  0.0000   6.730  11.520   93.80
-11.8839   5.3036  0.0439  0.0082  0.0070  0.0042  0.0000   6.730  11.520   93.80
-11.8774  -5.6233  0.0446  0.0074  0.0071 -0.0021  0.0000   6.140  11.980   94.16
-11.8774   5.6233  0.0446  0.0074  0.0071  0.0021  0.0000   6.140  11.980   94.16
-11.8537  -6.0039  0.0452  0.0078  0.0073 -0.0026  0.0000   6.410  12.540   94.11
-11.8537   6.0039  0.0452  0.0078  0.0073  0.0026  0.0000   6.410  12.540   94.11
-11.8410  -0.0276  0.0423  0.0040  0.0038 -0.0011  0.0000  20.910  19.780  475.00
-11.7627   0.4608  0.0435  0.0029  0.0028 -0.0006  0.0000  18.020  21.390  558.54
-11.7581  11.3579  0.0798  0.0155  0.0150 -0.0039 -0.0001  11.860  31.980   74.21
-11.7138  11.7091  0.0817  0.0135  0.0132 -0.0028 -0.0001  10.340  32.450   74.01
-11.6925  -1.0224  0.0449  0.0033  0.0033 -0.0001  0.0000  20.960  23.240  573.10
-11.6925   1.0224  0.0449  0.0033  0.0033  0.0001  0.0000  20.960  23.240  573.10
-11.6832   5.0349  0.0560  0.0083  0.0080  0.0023  0.0000   6.470  20.380   79.13
-11.6832  -5.0349  0.0560  0.0083  0.0080 -0.0023  0.0000   6.470  20.380   79.13
-11.6505   4.6657  0.0550  0.0081  0.0078  0.0021  0.0000   6.320  20.020   79.23
-11.6505  -4.6657  0.0550  0.0081  0.0078 -0.0021  0.0000   6.320  20.020   79.23
-11.6360  -2.3767  0.0495  0.0026  0.0024 -0.0009  0.0000  26.430  28.110  896.63
-11.6360   2.3767  0.0495  0.0026  0.0024  0.0009  0.0000  26.430  28.110  896.63
-11.6309   2.0006  0.0486  0.0056  0.0056  0.0006  0.0000   3.920  21.010   77.82
-11.6165  -2.2194  0.0492  0.0029  0.0028 -0.0004  0.0000  25.230  27.620  771.58
-11.6165   2.2194  0.0492  0.0029  0.0028  0.0004  0.0000  25.230  27.620  771.58
-11.6031  -2.5419  0.0498  0.0027  0.0026 -0.0007  0.0000  27.950  28.730  915.19
-11.6031   2.5419  0.0498  0.0027  0.0026  0.0007  0.0000  27.950  28.730  915.19
-11.4707  -1.7803  0.0476  0.0027  0.0027  0.0002  0.0000  21.560  26.540  698.85
-11.4707   1.7803  0.0476  0.0027  0.0027 -0.0002  0.0000  21.560  26.540  698.85
-11.4334  -2.0256  0.0486  0.0025  0.0025 -0.0003  0.0000  20.920  27.480  723.81
-11.4334   2.0256  0.0486  0.0025  0.0025  0.0003  0.0000  20.920  27.480  723.81
-11.1010  -1.7875  0.0477  0.0024  0.0024 -0.0005  0.0000  15.810  27.790  569.72
-11.1010   1.7875  0.0477  0.0024  0.0024  0.0005  0.0000  15.810  27.790  569.72
-11.0766   8.1809  0.0666  0.0111  0.0109  0.0022  0.0000   8.770  27.520   78.09
-11.0446   8.0957  0.0663  0.0112  0.0105  0.0041  0.0000   8.770  24.750   77.94
-11.0446  -8.0957  0.0663  0.0112  0.0105 -0.0041  0.0000   8.770  24.750   77.94
-11.0370  -2.2440  0.0490  0.0021  0.0020 -0.0007  0.0000  17.270  29.400  710.49
-11.0370   2.2440  0.0490  0.0021  0.0020  0.0007  0.0000  17.270  29.400  710.49
-11.0277  -1.4638  0.0468  0.0021  0.0021 -0.0001  0.0000  12.870  27.030  546.03
-11.0277   1.4638  0.0468  0.0021  0.0021  0.0001  0.0000  12.870  27.030  546.03
-11.0187  -0.8777  0.0453  0.0028  0.0027  0.0008  0.0000  14.240  25.470  447.09
-11.0187   0.8777  0.0453  0.0028  0.0027 -0.0008  0.0000  14.240  25.470  447.09
-11.0121  -2.4369  0.0495  0.0023  0.0021 -0.0009  0.0000  19.360  30.080  727.45
-11.0121   2.4369  0.0495  0.0023  0.0021  0.0009  0.0000  19.360  30.080  727.45
-10.9789  -1.2539  0.0463  0.0024  0.0024 -0.0001  0.0000  13.750  26.580  508.68
-10.9789   1.2539  0.0463  0.0024  0.0024  0.0001  0.0000  13.750  26.580  508.68
-10.9612  -0.0798  0.0428  0.0030  0.0027 -0.0013  0.0000  10.640  23.550  318.19
-10.9594  -2.6280  0.0500  0.0026  0.0022 -0.0015  0.0000  21.210  30.770  697.13
-10.9594   2.6280  0.0500  0.0026  0.0022  0.0015  0.0000  21.210  30.770  697.13
-10.9541   0.5104  0.0443  0.0029  0.0027 -0.0011  0.0000  12.120  24.790  370.82
-10.9502  -2.7548  0.0503  0.0027  0.0025 -0.0011  0.0000  22.480  31.190  707.53
-10.9502   2.7548  0.0503  0.0027  0.0025  0.0011  0.0000  22.480  31.190  707.53
-10.9333   9.3967  0.0703  0.0133  0.0132  0.0018  0.0000  10.460  29.310   76.84
-10.8555 -10.8969  0.0468  0.0143  0.0128 -0.0063  0.0000  12.650   6.680   92.51
-10.8144  -0.6516  0.0416  0.0041  0.0032 -0.0026  0.0000  13.180  23.360  285.40
-10.8144   0.6516  0.0416  0.0041  0.0032  0.0026  0.0000  13.180  23.360  285.40
-10.8018   3.4932  0.0523  0.0067  0.0059  0.0032  0.0000   5.440  20.060   82.10
-10.8018  -3.4932  0.0523  0.0067  0.0059 -0.0032  0.0000   5.440  20.060   82.10
-10.7874   5.1024  0.0571  0.0082  0.0077  0.0027  0.0000   6.540  22.690   80.41
-10.7874  -5.1024  0.0571  0.0082  0.0077 -0.0027  0.0000   6.540  22.690   80.41
-10.7844   4.7036  0.0558  0.0076  0.0070  0.0030  0.0000   6.100  22.040   81.01
-10.7844  -4.7036  0.0558  0.0076  0.0070 -0.0030  0.0000   6.100  22.040   81.01
-10.7228   3.8825  0.0534  0.0067  0.0059  0.0032  0.0000   5.430  20.710   81.90
-10.7228  -3.8825  0.0534  0.0067  0.0059 -0.0032  0.0000   5.430  20.710   81.90
-10.5865   3.7000  0.0530  0.0064  0.0062  0.0018  0.0000   5.190   9.270   92.28
-10.5532  -2.0274  0.0487  0.0018  0.0016 -0.0009  0.0000  11.180  30.260  534.15
-10.5532   2.0274  0.0487  0.0018  0.0016  0.0009  0.0000  11.180  30.260  534.15
-10.5181  -2.2367  0.0493  0.0018  0.0017 -0.0007  0.0000  11.350  30.960  543.28
-10.5181   2.2367  0.0493  0.0018  0.0017  0.0007  0.0000  11.350  30.960  543.28
-10.4747  11.5612  0.0763  0.0148  0.0146 -0.0024 -0.0001  11.360  32.310   74.34
-10.4645  11.8953  0.0780  0.0139  0.0138  0.0016 -0.0001  10.660  32.760   74.28
-10.4472   3.6524  0.0531  0.0061  0.0050  0.0035  0.0000   4.230  23.830   77.02
-10.4379  11.1832  0.0749  0.0136  0.0134 -0.0022  0.0000  10.510  31.790   74.92
-10.4352  -2.4605  0.0499  0.0020  0.0018 -0.0010  0.0000  12.950  31.830  559.57
-10.4352   2.4605  0.0499  0.0020  0.0018  0.0010  0.0000  12.950  31.830  559.57
-10.3993  -1.5218  0.0476  0.0018  0.0017 -0.0007  0.0000   8.990  29.470  424.14
-10.3993   1.5218  0.0476  0.0018  0.0017  0.0007  0.0000   8.990  29.470  424.14
-10.3593  -2.6655  0.0505  0.0015  0.0012 -0.0010  0.0000  11.650  32.630  648.73
-10.3593   2.6655  0.0505  0.0015  0.0012  0.0010  0.0000  11.650  32.630  648.73
-10.3286  -1.2785  0.0474  0.0019  0.0018 -0.0004  0.0000   8.850  29.080  411.71
-10.3286   1.2785  0.0474  0.0019  0.0018  0.0004  0.0000   8.850  29.080  411.71
-10.3075  -0.9192  0.0467  0.0013  0.0013 -0.0001  0.0000   5.730  28.300  388.01
-10.3075   0.9192  0.0467  0.0013  0.0013  0.0001  0.0000   5.730  28.300  388.01
-10.2761  -2.8598  0.0510  0.0022  0.0017 -0.0014  0.0000  17.090  33.420  670.11
-10.2761   2.8598  0.0510  0.0022  0.0017  0.0014  0.0000  17.090  33.420  670.11
-10.1414   6.9219  0.0628  0.0095  0.0091  0.0028  0.0000   7.560  25.600   78.87
-10.1414  -6.9219  0.0628  0.0095  0.0091 -0.0028  0.0000   7.560  25.600   78.87
-10.1382   7.2693  0.0640  0.0113  0.0108  0.0033  0.0000   8.910  26.060   78.28
-10.1382  -7.2693  0.0640  0.0113  0.0108 -0.0033  0.0000   8.910  26.060   78.28
-10.1014   6.1163  0.0611  0.0087  0.0084  0.0021  0.0000   6.890  24.330   79.29
-10.1014  -6.1163  0.0611  0.0087  0.0084 -0.0021  0.0000   6.890  24.330   79.29
-10.0983   6.5112  0.0620  0.0078  0.0074  0.0024  0.0000   6.200  24.950   79.16
-10.0983  -6.5112  0.0620  0.0078  0.0074 -0.0024  0.0000   6.200  24.950   79.16
-10.0875   7.2212  0.0638  0.0107  0.0105  0.0021  0.0000   8.270  24.720   76.98
-10.0875  -7.2212  0.0638  0.0107  0.0105 -0.0021  0.0000   8.270  24.720   76.98
-10.0552   6.0453  0.0610  0.0089  0.0086  0.0024  0.0000   6.850  23.510   77.15
-10.0552  -6.0453  0.0610  0.0089  0.0086 -0.0024  0.0000   6.850  23.510   77.15
 -9.9284  -2.8221  0.0516  0.0018  0.0009 -0.0015  0.0000  12.330  34.200  587.37
 -9.9284   2.8221  0.0516  0.0018  0.0009  0.0015  0.0000  12.330  34.200  587.37
 -9.9154  -2.6153  0.0511  0.0015  0.0005 -0.0014  0.0000  10.040  33.700  563.33
 -9.9154   2.6153  0.0511  0.0015  0.0005  0.0014  0.0000  10.040  33.700  563.33
 -9.9112  -2.2601  0.0502  0.0011  0.0005 -0.0010  0.0000   6.690  32.820  519.29
 -9.9112   2.2601  0.0502  0.0011  0.0005  0.0010  0.0000   6.690  32.820  519.29
 -9.8425  -4.2250  0.0403  0.0063  0.0047 -0.0041  0.0000   4.450  22.080   78.72
 -9.8328 -10.0337  0.0472  0.0124  0.0104 -0.0067  0.0000  10.810   4.740   90.93
 -9.8318  -4.5096  0.0408  0.0064  0.0053 -0.0036  0.0000   4.530  22.180   78.45
 -9.8178  -5.2550  0.0420  0.0069  0.0063 -0.0029  0.0000   4.860  22.390   78.01
 -9.8143  -4.8636  0.0414  0.0068  0.0053 -0.0042  0.0000   4.810  22.290   78.75
 -9.8017  -1.1000  0.0481  0.0008  0.0008 -0.0002  0.0000   3.080  30.620  334.44
 -9.8017   1.1000  0.0481  0.0008  0.0008  0.0002  0.0000   3.080  30.620  334.44
 -9.7970  10.3542  0.0722  0.0132  0.0130  0.0020  0.0000  10.210  30.700   75.64
 -9.7809  -5.6346  0.0427  0.0075  0.0057 -0.0050  0.0000   5.390  22.600   79.06
 -9.7621  10.0463  0.0717  0.0129  0.0128  0.0015  0.0000   9.980  30.260   75.82
 -9.7428  -4.8494  0.0414  0.0071  0.0046 -0.0055  0.0000   5.760   8.820   92.48
 -9.7404   9.7086  0.0709  0.0117  0.0116  0.0019  0.0000   9.110  29.760   76.12
 -9.7229   9.3327  0.0701  0.0118  0.0114  0.0028  0.0000   9.150  29.220   76.25
 -9.7196  -5.2221  0.0420  0.0064  0.0049 -0.0041  0.0000   5.170   9.450   92.54
 -9.6907  -5.6082  0.0427  0.0073  0.0061 -0.0040  0.0000   5.890  10.100   92.70
 -9.6711   0.6893  0.0475  0.0011  0.0011 -0.0004  0.0000   3.930  30.310  298.22
 -9.4512   5.0272  0.0607  0.0071  0.0054  0.0046  0.0001   5.610  22.550   79.47
 -9.4512  -5.0272  0.0607  0.0071  0.0054 -0.0046  0.0001   5.610  22.550   79.47
 -9.4402   4.6958  0.0598  0.0075  0.0063  0.0039  0.0001   5.890  21.930   79.77
 -9.4402  -4.6958  0.0598  0.0075  0.0063 -0.0039  0.0001   5.890  21.930   79.77
 -9.4196   4.3653  0.0587  0.0060  0.0043  0.0042  0.0000   4.780  21.390   79.98
 -9.4196  -4.3653  0.0587  0.0060  0.0043 -0.0042  0.0000   4.780  21.390   79.98
 -9.3975   3.1469  0.0546  0.0059  0.0012  0.0058  0.0000   4.680  19.410   81.07
 -9.3975  -3.1469  0.0546  0.0059  0.0012 -0.0058  0.0000   4.680  19.410   81.07
 -9.1514   8.3299  0.0683  0.0103  0.0102  0.0017  0.0000   7.890  26.980   75.78
 -9.1514  -8.3299  0.0683  0.0103  0.0102 -0.0017  0.0000   7.890  26.980   75.78
 -9.1496   8.4171  0.0685  0.0112  0.0112 -0.0001  0.0000   8.690  27.890   76.76
 -9.0769   6.8515  0.0663  0.0092  0.0079  0.0047  0.0000   7.340  13.930   90.43
 -8.9416  11.4032  0.0754  0.0118  0.0116  0.0020  0.0001   8.930  30.430   73.84
 -8.9416 -11.4032  0.0754  0.0118  0.0116 -0.0020  0.0001   8.930  30.430   73.84
 -8.8950   6.6494  0.0668  0.0097  0.0079  0.0057  0.0000   7.690  13.520   89.64
 -8.8834  11.5779  0.0761  0.0135  0.0135  0.0015  0.0001  10.350  32.390   73.93
 -8.8736   6.8064  0.0670  0.0079  0.0070  0.0036  0.0000   5.380  28.510   73.76
 -8.8393  13.4219  0.0878  0.0143  0.0143  0.0008  0.0000  10.590  34.550   70.68
 -8.8224  -0.9828 0.00415 0.00061 -0.0001 -0.0006  0.0000   9.980  28.200 152.940
 -8.7872  12.7300  0.0828  0.0134  0.0133  0.0021  0.0001   9.990  33.680   71.50
 -8.7746  11.9876  0.0778  0.0135  0.0130  0.0036  0.0001  10.220  32.960   72.93
 -8.7628  13.1394  0.0858  0.0134  0.0129  0.0038  0.0001   9.990  34.190   71.25
 -8.7284   0.7186 0.00993 0.00042 -0.0001  0.0004  0.0000   7.040  33.660 151.210
 -8.6854   6.3649  0.0674  0.0097  0.0067  0.0070  0.0000   7.570  12.950   88.99
 -8.6773   6.5925  0.0676  0.0076  0.0067  0.0037  0.0000   5.190  28.550   73.79
 -8.6759  -1.5384 0.00732 0.00068  0.0000 -0.0007  0.0000  11.060  28.460 151.790
 -8.6678   1.5864 0.00717 0.00065  0.0001  0.0006  0.0000  10.560  28.320 151.570
 -8.6192   2.2287 0.00321 0.00498  0.0014  0.0048  0.0000  18.130  28.520 151.670
 -8.5757  -6.6891  0.0446  0.0087  0.0070 -0.0052  0.0000   6.160  24.900   77.98
 -8.5447   6.1878  0.0677  0.0106  0.0094  0.0049  0.0000   8.080  25.490   75.73
 -8.5447  -6.1878  0.0677  0.0106  0.0094 -0.0049  0.0000   8.080  25.490   75.73
 -8.5277   6.0019  0.0675  0.0093  0.0073  0.0057  0.0000   7.240  24.340   77.81
 -8.5277  -6.0019  0.0675  0.0093  0.0073 -0.0057  0.0000   7.240  24.340   77.81
 -8.5157  -9.0456  0.0474  0.0110  0.0103 -0.0040  0.0000   9.430   3.970   89.55
 -8.5076  -9.4038  0.0480  0.0117  0.0111 -0.0039  0.0000  10.060   4.500   89.72
 -8.4716  -6.6867  0.0446  0.0086  0.0071 -0.0048  0.0000   6.910  11.730   91.56
 -8.4584   4.4246  0.0615  0.0078  0.0011  0.0077  0.0000   6.110  21.680   79.16
 -8.4584  -4.4246  0.0615  0.0078  0.0011 -0.0077  0.0000   6.110  21.680   79.16
 -8.4491  -6.3386  0.0682  0.0082  0.0067 -0.0046  0.0000   5.580  28.620   73.94
 -8.4491   6.3386  0.0682  0.0082  0.0067  0.0046  0.0000   5.580  28.620   73.94
 -8.4445   5.2405  0.0650  0.0077  0.0047  0.0061  0.0000   5.960  22.950   78.12
 -8.4445  -5.2405  0.0650  0.0077  0.0047 -0.0061  0.0000   5.960  22.950   78.12
 -8.3055  -0.7944 0.07639 0.00050 -0.0003 -0.0004 -0.0001   8.140  37.490 143.550
 -8.2834  10.8160  0.0766  0.0117  0.0115  0.0021  0.0001   8.840  30.390   73.49
 -8.2834 -10.8160  0.0766  0.0117  0.0115 -0.0021  0.0001   8.840  30.390   73.49
 -8.2368   1.2243 0.08181 0.00060 -0.0001  0.0006  0.0000  10.160  37.350 151.210
 -8.2287   9.5243  0.0735  0.0120  0.0113  0.0040  0.0000   9.180  29.600   75.08
 -8.2191  10.9880  0.0773  0.0146  0.0145  0.0018  0.0001  11.140  31.650   74.01
 -8.2173   2.0100 0.05107 0.00435  0.0000  0.0044 -0.0002  16.220  37.610 148.510
 -8.2165  10.6186  0.0764  0.0125  0.0117  0.0044  0.0001   9.520  31.140   74.17
 -8.1985  -6.0430  0.0685  0.0082  0.0070 -0.0043  0.0000   5.600  28.680   73.68
 -8.1985   6.0430  0.0685  0.0082  0.0070  0.0043  0.0000   5.600  28.680   73.68
 -8.1860   0.8073 0.10481 0.00061 -0.0002  0.0006 -0.0001  10.350  42.010 147.790
 -8.1755   1.6506 0.07871 0.00097 -0.0002  0.0010 -0.0001  16.470  37.340 150.410
 -8.1742   5.7958  0.0678  0.0089  0.0064  0.0062  0.0000   6.870  11.640   87.93
 -8.1225  -3.5567 0.00451 0.00153  0.0005 -0.0014  0.0000   5.650  28.630 153.060
 -8.0952   1.6556 0.09702 0.00095 -0.0001  0.0010 -0.0001  16.120  37.160 150.210
 -8.0509   1.6389 0.10970 0.00417 -0.0004  0.0041 -0.0004  15.800  41.880 147.630
 -8.0474   2.1623 0.07878 0.00127  0.0000  0.0013 -0.0001  21.240  37.300 148.990
 -8.0266   0.3566 0.16596 0.00059 -0.0002  0.0005 -0.0001   9.990  41.430 147.710
 -8.0162 -11.6474  0.0538  0.0141  0.0138 -0.0030  0.0000  12.280   8.550   90.63
 -8.0043  -0.9846 0.15536 0.00069 -0.0004 -0.0006 -0.0001  11.260  41.720 142.350
 -7.9966   2.1222 0.09287 0.00133  0.0001  0.0013 -0.0001  22.240  37.180 148.430
 -7.9948 -11.3630  0.0531  0.0144  0.0137 -0.0044  0.0000  12.520   8.090   90.50
 -7.9873 -10.6879  0.0515  0.0124  0.0120 -0.0028  0.0000  10.680   7.000   90.05
 -7.9597 -10.2539  0.0506  0.0121  0.0106 -0.0060  0.0000  10.460   6.360   89.83
 -7.9205   5.7272  0.0680  0.0090  0.0037  0.0082  0.0000   6.180  28.740   74.56
 -7.8437  -5.8618  0.0456  0.0088  0.0061 -0.0064  0.0000   6.230  25.650   77.45
 -7.7872  -3.6483 0.02832 0.00169  0.0006 -0.0016  0.0000   6.280  32.730 151.970
 -7.7751   7.1798  0.0715  0.0113  0.0098  0.0057  0.0001   8.640  26.380   75.69
 -7.7751  -7.1798  0.0715  0.0113  0.0098 -0.0057  0.0001   8.640  26.380   75.69
 -7.7631   3.4246 0.04638 0.00154  0.0006  0.0014  0.0000   5.660  37.580 146.400
 -7.7625   0.6840 0.25735 0.00084 -0.0002  0.0008 -0.0001  14.910  45.410 149.880
 -7.7441  -5.8965  0.0458  0.0096  0.0051 -0.0082  0.0000   7.640  10.130   90.68
 -7.7311   1.9127 0.18881 0.00130 -0.0001  0.0013 -0.0002  22.650  45.700 147.250
 -7.6746  -2.7793 0.12820 0.00150  0.0003 -0.0015 -0.0001   5.860  41.450 153.090
 -7.6629  -3.0832 0.09749 0.00166  0.0003 -0.0016 -0.0001   6.200  37.350 148.680
 -7.6463  -5.6597  0.0455  0.0086  0.0059 -0.0062  0.0000   6.070  25.890   77.43
 -7.6323   2.8173 0.13623 0.00160  0.0002  0.0016 -0.0001   5.910  41.720 143.380
 -7.6279   5.8876  0.0691  0.0104  0.0084  0.0061  0.0000   8.000  24.160   77.05
 -7.6279  -5.8876  0.0691  0.0104  0.0084 -0.0061  0.0000   8.000  24.160   77.05
 -7.5929  13.2523  0.0894  0.0155  0.0154  0.0006  0.0000  11.450  34.580   70.90
 -7.5914   3.6833 0.05540 0.00162  0.0007  0.0015  0.0000   5.880  37.690 144.230
 -7.5817  -3.5706 0.06787 0.00193  0.0007 -0.0018  0.0000   7.170  37.660 147.670
 -7.5192   3.7208 0.06630 0.00212  0.0009  0.0019  0.0000   7.660  37.360 144.120
 -7.5151  -2.3921 0.22081 0.00197  0.0003 -0.0020 -0.0001   7.730  45.720 149.280
 -7.5085   2.4390 0.21806 0.00173  0.0002  0.0017 -0.0001   5.460  45.520 137.270
 -7.5081  13.7103  0.0920  0.0143  0.0143 -0.0003  0.0000  10.570  35.180   70.56
 -7.4694  14.8545  0.0981  0.0130  0.0130 -0.0012  0.0000   9.600  36.700   69.69
 -7.4492  -8.5778  0.0486  0.0112  0.0105 -0.0040  0.0000   7.760  27.340   75.24
 -7.4492   8.5778  0.0486  0.0112  0.0105  0.0040  0.0000   7.760  27.340   75.24
 -7.4426  -3.9881 0.05540 0.00205  0.0008 -0.0019  0.0000   7.630  37.800 147.760
 -7.3733  -3.7503 0.09380 0.00214  0.0009 -0.0020  0.0000   6.830  36.490 146.970
 -7.3711   2.4865 0.26627 0.00185  0.0004  0.0018 -0.0001   6.800  45.250 140.210
 -7.3640   3.7006 0.10099 0.00201  0.0007  0.0019 -0.0001   6.280  42.110 139.050
 -7.3156  -4.5479 0.02698 0.00206  0.0012 -0.0017  0.0000   7.590  32.650 150.430
 -7.3115  -4.3774 0.04185 0.00220  0.0009 -0.0020 -0.0001   8.050  33.290 148.580
 -7.3049  -4.5371 0.02955 0.00187  0.0009 -0.0016  0.0000   6.880  32.770 149.970
 -7.2995   2.7718 0.25536 0.00219  0.0009  0.0020  0.0000   6.630  45.430 131.960
 -7.2826  -4.9090 0.00879 0.00238  0.0014 -0.0019  0.0000   8.710  27.760 152.800
 -7.2743  -3.6143 0.13600 0.00203  0.0008 -0.0019  0.0000   7.610  41.310 146.310
 -7.2736   2.6040 0.29167 0.00187  0.0003  0.0018 -0.0001   6.830  49.180 136.180
 -7.2437  -5.6506  0.0790  0.0087  0.0050 -0.0072  0.0000  10.190  24.320   96.95
 -7.2397  10.4289  0.0799  0.0138  0.0137  0.0016  0.0001  10.400  31.000   73.44
 -7.2358  -2.8224 0.27156 0.00220  0.0006 -0.0021 -0.0001   8.230  45.490 142.550
 -7.2293  -3.1287 0.22352 0.00191  0.0006 -0.0018 -0.0001   7.430  44.990 148.420
 -7.2229  -4.8460 0.01516 0.00232  0.0014 -0.0019  0.0000   8.570  33.720 149.800
 -7.2152  11.6079  0.0843  0.0151  0.0151  0.0003  0.0001  11.300  32.580   72.48
 -7.2137  11.9647  0.0857  0.0148  0.0147  0.0006  0.0001  11.070  33.060   72.35
 -7.2126  -3.1218 0.22998 0.00203  0.0005 -0.0020 -0.0001   7.890  45.060 148.190
 -7.1962  -3.6168 0.15880 0.00200  0.0006 -0.0019 -0.0001   7.600  41.040 148.970
 -7.1785  -8.3393  0.0488  0.0111  0.0101 -0.0046  0.0000   7.680  27.610   75.36
 -7.1785   8.3393  0.0488  0.0111  0.0101  0.0046  0.0000   7.680  27.610   75.36
 -7.1729  10.8189  0.0815  0.0140  0.0138  0.0022  0.0001  10.540  31.540   73.22
 -7.1695   2.8591 0.29169 0.00222  0.0004  0.0022 -0.0002   8.180  49.060 136.770
 -7.1668  -2.8175 0.30076 0.00197  0.0004 -0.0019 -0.0002   7.610  49.340 143.680
 -7.1370   3.0466 0.27205 0.00230  0.0006  0.0022 -0.0002   8.080  45.360 134.280
 -7.1244   4.5615 0.05121 0.00259  0.0014  0.0022  0.0000   9.390  37.440 144.400
 -7.1018   5.3881 0.00290 0.00243  0.0016  0.0018  0.0000   8.810  28.760 150.580
 -7.0770   4.5749 0.05843 0.00247  0.0012  0.0022  0.0000   8.850  37.740 142.770
 -7.0511   3.2718 0.26564 0.00272  0.0008  0.0026 -0.0002   9.780  45.180 136.860
 -6.9820   3.1298 0.32088 0.00206  0.0008  0.0019  0.0000   6.190  49.140 127.880
 -6.9566   3.9719 0.17683 0.00217  0.0010  0.0019  0.0000   6.500  41.600 133.700
 -6.9534  -8.0045  0.0488  0.0111  0.0086 -0.0071  0.0000   7.780  27.740   76.23
 -6.9534   8.0045  0.0488  0.0111  0.0086  0.0071  0.0000   7.780  27.740   76.23
 -6.9471  -3.2198 0.31797 0.00247  0.0005 -0.0024 -0.0003   9.420  49.270 141.620
 -6.9132   2.9378 0.39046 0.00253  0.0005  0.0025 -0.0003   9.110  48.630 134.400
 -6.8861  -5.7560 0.00105 0.00280  0.0019 -0.0021  0.0000  10.290  28.930 152.470
 -6.8850   2.4673 0.50550 0.00225  0.0008  0.0021  0.0001   8.110  51.890 131.460
 -6.8790   2.0231 0.58488 0.00146  0.0004  0.0014  0.0000   5.410  54.650 133.380
 -6.8743   3.3983 0.31287 0.00267  0.0008  0.0025 -0.0002   9.380  49.170 130.960
 -6.7699  -3.6157 0.31195 0.00282  0.0012 -0.0025  0.0000  10.400  49.280 137.100
 -6.7658  -4.1369 0.20477 0.00225  0.0012 -0.0019  0.0000   8.280  45.150 140.370
 -6.7498  -5.4708 0.01774 0.00254  0.0018 -0.0018  0.0001   7.980  32.570 147.500
 -6.7437  -7.7300  0.0490  0.0104  0.0093 -0.0046  0.0000   7.140  27.920   74.84
 -6.7437   7.7300  0.0490  0.0104  0.0093  0.0046  0.0000   7.140  27.920   74.84
 -6.6543   5.6176 0.01581 0.00262  0.0018  0.0019  0.0000   9.470  33.750 147.200
 -6.6285 -11.7576  0.0570  0.0143  0.0138 -0.0038  0.0000  12.360  10.090   89.51
 -6.5977 -11.5033  0.0564  0.0147  0.0144 -0.0030  0.0000  12.630   9.760   89.38
 -6.5731   2.4931 0.68009 0.00200  0.0009  0.0018  0.0001   5.740  54.470 118.870
 -6.5588   3.2443 0.49690 0.00284  0.0013  0.0025  0.0000   9.640  52.130 123.990
 -6.5419   3.9831 0.32069 0.00303  0.0016  0.0026  0.0000  10.400  49.210 127.890
 -6.5287   4.2724 0.25420 0.00304  0.0011  0.0028 -0.0003   9.030  45.600 129.430
 -6.5207   3.6351 0.41832 0.00343  0.0014  0.0031 -0.0001  12.050  52.160 128.200
 -6.5138  -7.4124  0.0492  0.0098  0.0072 -0.0066  0.0000   6.830  28.080   75.91
 -6.5138   7.4124  0.0492  0.0098  0.0072  0.0066  0.0000   6.830  28.080   75.91
 -6.5110 -10.8027  0.0548  0.0133  0.0132 -0.0020  0.0000  11.380   8.940   88.89
 -6.4759  -5.0405 0.11185 0.00275  0.0017 -0.0021  0.0000  10.130  41.220 144.060
 -6.4686  -5.0319 0.11489 0.00284  0.0017 -0.0022  0.0000  10.410  41.380 143.000
 -6.4676   0.8862 1.04330 0.00138  0.0007  0.0011  0.0004   5.340  58.630 135.630
 -6.4528   0.8735 1.05597 0.00164  0.0008  0.0014  0.0005   6.190  58.670 131.840
 -6.4494   5.5382 0.04510 0.00321  0.0021  0.0024  0.0000  11.430  32.750 144.910
 -6.4234   4.0685 0.34560 0.00343  0.0017  0.0030 -0.0001  11.880  48.710 128.950
 -6.3841   4.7953 0.18205 0.00301  0.0017  0.0025  0.0000  10.680  46.010 134.940
 -6.3829  -5.4813 0.06335 0.00274  0.0019 -0.0020  0.0000   9.960  36.940 145.380
 -6.3802  -7.4900  0.0497  0.0098  0.0085 -0.0048  0.0000   7.770  13.410   90.17
 -6.3777  -5.4707 0.06567 0.00271  0.0018 -0.0020  0.0000   9.900  36.710 146.530
 -6.3383  -2.0095 0.94880 0.00252  0.0012 -0.0022  0.0004   9.890  59.040 136.830
 -6.3046   1.8426 1.00955 0.00265  0.0011  0.0024  0.0003   9.120  58.690 120.800
 -6.2820   5.6635 0.05243 0.00309  0.0021  0.0023  0.0000   9.580  37.890 141.270
 -6.2763   2.7796 0.78838 0.00324  0.0016  0.0028  0.0002  10.710  57.060 117.020
 -6.2720   8.7314  0.0791  0.0142  0.0132  0.0053  0.0001  10.740  29.070   74.26
 -6.2503   7.2665  0.0768  0.0125  0.0101  0.0073  0.0001   9.360  26.700   74.46
 -6.2503  -7.2665  0.0768  0.0125  0.0101 -0.0073  0.0001   9.360  26.700   74.46
 -6.2439   8.4086  0.0797  0.0127  0.0112  0.0059  0.0000   9.540  28.620   74.14
 -6.2385  -1.6574 1.09859 0.00210  0.0012 -0.0017  0.0006   8.220  60.650 135.060
 -6.2339  -5.8971 0.03103 0.00303  0.0020 -0.0023  0.0000  11.050  32.450 149.420
 -6.2284   2.7402 0.83127 0.00312  0.0015  0.0027  0.0002   8.790  56.950 114.280
 -6.2267   2.9961 0.75556 0.00332  0.0016  0.0029  0.0002  10.960  57.190 117.160
 -6.2030   4.2515 0.38512 0.00348  0.0019  0.0029  0.0000  11.740  48.960 126.120
 -6.1927   3.5087 0.62459 0.00377  0.0019  0.0032  0.0002  12.540  54.640 119.690
 -6.1756  -4.7769 0.25310 0.00329  0.0020 -0.0026  0.0001  10.220  44.520 136.440
 -6.1723  -3.6663 0.58506 0.00382  0.0023 -0.0031  0.0001  13.320  54.920 124.800
 -6.1709 -13.9825  0.0645  0.0126  0.0126 -0.0011  0.0000  11.070  13.890   90.31
 -6.1640   1.1652 1.25684 0.00171  0.0008  0.0015  0.0004   6.210  60.030 126.200
 -6.1604   1.1678 1.25934 0.00211  0.0011  0.0018  0.0005   7.930  59.930 130.370
 -6.1419 -14.5781  0.0666  0.0145  0.0145 -0.0009  0.0000  12.750  14.850   90.44
 -6.1366   4.9444 0.22505 0.00375  0.0023  0.0030  0.0000  13.100  45.330 132.890
 -6.1287  -7.6950  0.0775  0.0102  0.0084 -0.0057  0.0000  12.310  24.430  100.86
 -6.1248  -7.3434  0.0779  0.0099  0.0077 -0.0062  0.0000  11.870  24.140  100.03
 -6.1124 -13.6375  0.0634  0.0142  0.0140 -0.0021  0.0000  12.350  13.410   89.92
 -6.1065   9.5408  0.0814  0.0134  0.0107  0.0081  0.0001  10.230  18.630   85.63
 -6.0981   3.0565 0.81972 0.00388  0.0021  0.0033  0.0003  12.990  56.760 118.710
 -6.0934  -8.4769  0.0767  0.0109  0.0099 -0.0047  0.0000  13.480  25.070  102.46
 -6.0901  -1.5650 1.23739 0.00206  0.0013 -0.0014  0.0008   7.970  59.740 134.780
 -6.0890  -5.9425 0.04240 0.00339  0.0025 -0.0023  0.0000  12.570  37.930 147.080
 -6.0809  -5.9229 0.04572 0.00325  0.0022 -0.0024  0.0000  11.830  37.930 144.530
 -6.0677  -4.1154 0.48838 0.00395  0.0026 -0.0030  0.0002  13.670  52.310 126.110
 -6.0548   3.4366 0.72666 0.00372  0.0021  0.0030  0.0004  12.200  57.270 116.270
 -6.0515  -1.9930 1.17192 0.00236  0.0013 -0.0019  0.0005   9.380  59.890 138.150
 -6.0490   6.0151 0.03878 0.00322  0.0022  0.0023  0.0000   9.880  33.410 143.180
 -6.0477  -2.4238 1.05424 0.00276  0.0016 -0.0022  0.0004  10.330  58.110 132.030
 -6.0265   5.7518 0.07949 0.00340  0.0023  0.0025  0.0000  12.140  37.020 142.330
 -5.9984   5.0856 0.23342 0.00351  0.0023  0.0027 -0.0001  12.200  45.780 132.290
 -5.9933   4.9871 0.26100 0.00403  0.0025  0.0031  0.0000  11.950  45.620 129.310
 -5.9930   9.3268  0.0812  0.0141  0.0129  0.0057  0.0001  10.870  18.260   86.33
 -5.9909  11.9072  0.1007  0.0106  0.0094  0.0048  0.0000  13.200  28.520  102.42
 -5.9811  12.5421  0.1018  0.0105  0.0102  0.0022  0.0000  13.560  29.190  105.77
 -5.9810   3.4991 0.74990 0.00434  0.0025  0.0035  0.0002  14.310  56.850 116.600
 -5.9806  12.2887  0.1013  0.0103  0.0101  0.0020  0.0000  13.340  28.940  106.01
 -5.9783  11.1707  0.0995  0.0106  0.0093  0.0051  0.0000  13.180  27.770  101.95
 -5.9652  -4.5012 0.40990 0.00395  0.0024 -0.0031  0.0001  13.940  52.570 128.390
 -5.9264  -4.8495 0.32269 0.00405  0.0027 -0.0031  0.0001  14.220  49.260 130.500
 -5.9230   3.8263 0.66161 0.00429  0.0025  0.0035  0.0001  13.980  54.620 117.440
 -5.9225  -4.8335 0.32883 0.00419  0.0028 -0.0031  0.0002  14.600  49.220 129.450
 -5.9171  -2.3589 1.17303 0.00330  0.0021 -0.0025  0.0008  11.860  60.510 124.140
 -5.9124  -2.3603 1.17612 0.00345  0.0021 -0.0027  0.0007  12.310  60.520 123.340
 -5.9112  -3.1414 0.91533 0.00399  0.0023 -0.0032  0.0005  14.080  59.150 123.220
 -5.9085  -2.7205 1.05882 0.00389  0.0023 -0.0031  0.0007  13.660  58.810 122.820
 -5.8980   0.6951 1.54716 0.00214  0.0013  0.0014  0.0010   7.880  62.720 125.900
 -5.8917   0.1059 1.59515 0.00123  0.0009  0.0004  0.0008   4.070  62.600 112.860
 -5.8824   1.4511 1.43783 0.00245  0.0014  0.0019  0.0008   8.640  61.510 121.330
 -5.8811   8.9583  0.0811  0.0125  0.0103  0.0071  0.0001   9.560  17.880   86.26
 -5.8811  -8.9583  0.0811  0.0125  0.0103 -0.0071  0.0001   9.560  17.880   86.26
 -5.8782   0.6924 1.56568 0.00167  0.0010  0.0011  0.0008   6.450  62.620 131.580
 -5.8735   1.2450 1.49019 0.00255  0.0014  0.0019  0.0009   8.600  61.410 116.150
 -5.8674  -5.7469 0.10810 0.00321  0.0022 -0.0023  0.0000  10.070  40.920 140.800
 -5.8624   2.9581 1.01163 0.00422  0.0023  0.0035  0.0004  11.590  58.790 110.080
 -5.8582   1.8089 1.37478 0.00279  0.0017  0.0020  0.0010   9.520  61.580 117.350
 -5.8523   9.4507  0.0826  0.0131  0.0121  0.0052  0.0001   8.430  33.810   67.81
 -5.8476  -4.5682 0.44070 0.00374  0.0023 -0.0029  0.0001  11.530  51.290 129.870
 -5.7979   8.6127  0.0819  0.0125  0.0112  0.0055  0.0001   9.680  17.320   87.01
 -5.7979  -8.6127  0.0819  0.0125  0.0112 -0.0055  0.0001   9.680  17.320   87.01
 -5.7914   6.4334 0.02098 0.00284  0.0021  0.0019  0.0000   8.830  33.710 144.420
 -5.7846  -9.6495  0.0542  0.0126  0.0121 -0.0035  0.0000   8.520  30.160   72.57
 -5.7825   5.2373 0.25564 0.00499  0.0028  0.0041 -0.0003  14.810  45.720 129.280
 -5.7623  -6.2908 0.03925 0.00341  0.0026 -0.0022  0.0000  12.200  33.350 145.230
 -5.7601  -9.1560  0.0534  0.0162  0.0149 -0.0064  0.0001  13.600   8.460   87.42
 -5.7581   1.6719 1.49419 0.00258  0.0016  0.0017  0.0010   8.480  62.770 112.360
 -5.7543   9.1814  0.0825  0.0131  0.0120  0.0053  0.0001   8.420  33.690   67.83
 -5.7226   0.4046 1.73470 0.00177  0.0011  0.0009  0.0010   6.350  63.510 122.120
 -5.6767   5.9744 0.10154 0.00374  0.0026  0.0027  0.0000  13.570  41.680 141.080
 -5.6601   0.8249 1.75520 0.00200  0.0008  0.0017  0.0006   6.430  63.140 125.570
 -5.6566  13.2298  0.0956  0.0149  0.0140  0.0049  0.0001  10.880  35.080   69.79
 -5.6561   6.3055 0.04971 0.00313  0.0024  0.0020  0.0000  11.360  37.910 144.510
 -5.6469  10.1579  0.0866  0.0154  0.0146  0.0050  0.0001  11.270  30.970   71.32
 -5.6469   5.3740 0.25686 0.00407  0.0029  0.0029  0.0000  14.150  45.680 132.410
 -5.6442   8.2382  0.0823  0.0137  0.0125  0.0056  0.0000  10.240  16.860   84.23
 -5.6382   8.8357  0.0831  0.0126  0.0115  0.0053  0.0001   8.180  33.670   68.43
 -5.6224   2.1085 1.49343 0.00350  0.0022  0.0026  0.0009  11.000  61.450 108.340
 -5.6090  14.4119  0.0988  0.0147  0.0146  0.0017  0.0000  10.800  36.560   69.61
 -5.6069  14.0456  0.0980  0.0148  0.0147  0.0018  0.0000  10.860  36.120   69.81
 -5.6006  13.6411  0.0969  0.0151  0.0137  0.0064  0.0001  11.010  35.620   69.30
 -5.5917  15.0826  0.1008  0.0141  0.0141 -0.0007  0.0000  10.370  37.380   69.33
 -5.5855  -6.6993 0.01411 0.00329  0.0026 -0.0020  0.0000  11.980  33.780 147.490
 -5.5667  -9.3583  0.0543  0.0125  0.0120 -0.0035  0.0000   8.390  30.290   72.47
 -5.5467  -6.1791 0.08705 0.00344  0.0026 -0.0022  0.0001  10.640  36.210 142.380
 -5.5357  12.0473  0.0933  0.0160  0.0154  0.0041  0.0001  11.710  33.620   70.57
 -5.5285  11.3825  0.0915  0.0152  0.0141  0.0057  0.0001  11.100  32.720   70.57
 -5.5258  11.0016  0.0906  0.0148  0.0143  0.0038  0.0001  10.900  32.210   71.09
 -5.5166  11.7441  0.0926  0.0147  0.0142  0.0037  0.0001  10.770  33.210   70.78
 -5.5101   3.2420 1.15786 0.00489  0.0033  0.0035  0.0007  12.970  60.590 105.260
 -5.5101   0.3538 1.94352 0.00187  0.0013  0.0007  0.0012   6.440  63.020 117.550
 -5.4996  -5.4546 0.27712 0.00382  0.0027 -0.0027  0.0000  13.780  48.400 135.080
 -5.4989  -1.3188 1.81414 0.00234  0.0016 -0.0012  0.0012   7.840  62.630 131.390
 -5.4989   0.7528 1.91771 0.00255  0.0016  0.0013  0.0014   9.020  63.030 120.690
 -5.4944  -1.5404 1.76363 0.00257  0.0018 -0.0013  0.0013   9.900  62.900 131.740
 -5.4917   8.5088  0.0843  0.0139  0.0120  0.0069  0.0001   9.080  33.290   69.54
 -5.4882   2.5966 1.42605 0.00460  0.0032  0.0030  0.0014  14.170  61.610 106.220
 -5.4787  -1.5323 1.78028 0.00261  0.0017 -0.0017  0.0011  10.270  62.940 134.660
 -5.4599   4.6707 0.58163 0.00491  0.0032  0.0037 -0.0001  16.290  55.000 119.100
 -5.4535  -2.0607 1.65462 0.00354  0.0025 -0.0022  0.0013  12.920  61.950 125.430
 -5.4481  -3.7501 0.97348 0.00420  0.0028 -0.0031  0.0004  12.630  57.840 121.580
 -5.4442   6.1522 0.10972 0.00385  0.0029  0.0025  0.0000  11.930  42.250 137.840
 -5.4330  -3.6051 1.04731 0.00524  0.0035 -0.0039  0.0006  17.250  58.830 115.000
 -5.4238  -3.6116 1.05035 0.00523  0.0034 -0.0040  0.0004  17.210  58.850 114.920
 -5.4178  -1.2495 1.90650 0.00266  0.0018 -0.0014  0.0014   9.960  63.220 127.190
 -5.4165  -4.1004 0.84028 0.00474  0.0031 -0.0036  0.0003  14.240  55.880 123.020
 -5.4140  -2.5165 1.51657 0.00381  0.0027 -0.0022  0.0014  13.540  62.260 122.000
 -5.4024  -1.7128 1.80365 0.00335  0.0023 -0.0019  0.0016  12.450  63.490 126.200
 -5.3866  -4.7374 0.58668 0.00447  0.0031 -0.0032  0.0000  13.250  53.660 123.110
 -5.3840  -0.8225 2.02214 0.00224  0.0015 -0.0008  0.0014   8.300  63.920 125.740
 -5.3795  -0.8285 2.02587 0.00206  0.0014 -0.0007  0.0013   7.530  63.930 124.000
 -5.3681   8.1185  0.0808  0.0124  0.0111  0.0055  0.0000   8.240  33.550   70.30
 -5.3674  -4.0215 0.90342 0.00482  0.0031 -0.0037  0.0003  16.010  59.210 115.910
 -5.3644  -4.3700 0.75558 0.00479  0.0036 -0.0031  0.0007  14.150  56.110 120.850
 -5.3636   6.0199 0.15725 0.00383  0.0029  0.0025  0.0000  11.670  41.920 135.750
 -5.3599   8.9907  0.0855  0.0184  0.0162  0.0087  0.0002  13.430  29.230   71.63
 -5.3512  -4.4191 0.74208 0.00535  0.0037 -0.0038  0.0005  17.790  57.360 117.350
 -5.3456   0.7433 2.06946 0.00256  0.0017  0.0011  0.0016   8.600  63.560 114.520
 -5.3446   2.6483 1.52246 0.00507  0.0034  0.0035  0.0014  16.180  62.610 108.910
 -5.3424  -0.3784 2.10779 0.00213  0.0015 -0.0004  0.0015   7.110  63.730 113.270
 -5.3397   1.6519 1.87846 0.00353  0.0024  0.0021  0.0017  11.330  63.130 109.530
 -5.3271  -0.3713 2.12371 0.00203  0.0014 -0.0004  0.0014   6.750  63.710 112.560
 -5.3252   0.0466 2.14631 0.00222  0.0016  0.0003  0.0016   6.160  63.570  94.020
 -5.3244   0.0500 2.14700 0.00221  0.0016  0.0003  0.0016   6.250  63.520  95.990
 -5.3062   0.3070 2.14953 0.00202  0.0013  0.0008  0.0013   5.750  63.320 110.900
 -5.2979  -5.9107 0.20129 0.00393  0.0029 -0.0027  0.0000  14.080  44.870 136.960
 -5.2915  10.5495  0.0989  0.0118  0.0106  0.0052  0.0000  14.550  26.370  102.24
 -5.2853   9.4195  0.0972  0.0119  0.0096  0.0070  0.0000  14.380  25.220  100.19
 -5.2710  -2.8415 1.50497 0.00437  0.0031 -0.0029  0.0013  15.520  62.310 121.790
 -5.2659  -8.6839  0.0541  0.0140  0.0128 -0.0056  0.0001   9.480  30.400   72.96
 -5.2628   6.1975 0.13760 0.00417  0.0032  0.0027  0.0000  14.820  41.390 138.480
 -5.2581  -6.6903 0.04306 0.00373  0.0028 -0.0024  0.0000  11.560  31.930 145.560
 -5.2562  -2.5390 1.64033 0.00518  0.0037 -0.0032  0.0018  17.490  62.780 115.260
 -5.2394  -8.2593  0.0542  0.0144  0.0123 -0.0075  0.0001  11.990   8.920   86.86
 -5.2377  -2.5373 1.65664 0.00476  0.0032 -0.0032  0.0015  16.460  62.720 118.060
 -5.2347   2.1344 1.81799 0.00451  0.0028  0.0034  0.0012  12.040  63.390 104.260
 -5.2342   1.1081 2.11671 0.00316  0.0021  0.0017  0.0017  10.770  63.580 115.870
 -5.2272 -10.0597  0.0564  0.0141  0.0129 -0.0058  0.0000  11.940  10.070   87.70
 -5.2142  -9.7867  0.0560  0.0156  0.0141 -0.0065  0.0001  13.110   9.870   87.47
 -5.2084   9.0195  0.0967  0.0114  0.0097  0.0061  0.0000  13.890  24.720  100.94
 -5.2078  -9.4889  0.0554  0.0138  0.0137 -0.0010  0.0000  11.520   9.650   86.95
 -5.2059  -8.2954  0.0543  0.0147  0.0118 -0.0088  0.0001  12.300   9.000   86.96
 -5.1978  -2.1379 1.84933 0.00472  0.0032 -0.0030  0.0017  16.620  63.420 119.650
 -5.1907  -2.1571 1.84816 0.00515  0.0036 -0.0030  0.0021  17.670  63.460 116.560
 -5.1863  -3.2259 1.39779 0.00497  0.0035 -0.0035  0.0009  16.780  60.990 116.900
 -5.1820   3.3176 1.35600 0.00572  0.0039  0.0041  0.0009  17.440  61.870 104.910
 -5.1762   2.9622 1.53226 0.00555  0.0039  0.0035  0.0017  17.330  62.570 106.550
 -5.1750   2.0966 1.88564 0.00448  0.0030  0.0030  0.0015  13.870  63.220 105.750
 -5.1586  -9.0810  0.0548  0.0145  0.0132 -0.0062  0.0001  12.190   9.480   87.17
 -5.1349  -1.7516 2.04365 0.00408  0.0028 -0.0020  0.0021  14.730  63.950 122.400
 -5.1116  -1.7333 2.07134 0.00380  0.0026 -0.0021  0.0019  14.200  63.890 126.590
 -5.1076  -6.2992 0.14317 0.00379  0.0030 -0.0024  0.0000  13.590  40.780 140.530
 -5.1070  -8.3380  0.0547  0.0121  0.0102 -0.0065  0.0000   8.260  30.390   73.65
 -5.0761   2.5371 1.79502 0.00528  0.0035  0.0036  0.0016  16.260  63.410 104.930
 -5.0709   5.7883 0.30360 0.00459  0.0033  0.0032  0.0000  16.060  49.370 130.160
 -5.0694   7.2120 0.00719 0.00338  0.0028  0.0018  0.0000  10.510  28.670 147.950
 -5.0640   1.4099 2.20723 0.00424  0.0028  0.0023  0.0022  14.310  63.360 114.840
 -5.0639  -3.9060 1.15041 0.00610  0.0045 -0.0040  0.0010  19.580  60.610 110.930
 -5.0626   2.4722 1.83395 0.00513  0.0033  0.0038  0.0013  13.560  63.350 103.130
 -5.0566  -1.3538 2.22930 0.00320  0.0022 -0.0014  0.0018  11.810  64.130 125.030
 -5.0520  -3.9218 1.15055 0.00629  0.0047 -0.0040  0.0012  20.130  60.640 110.540
 -5.0091  -3.8059 1.23664 0.00554  0.0041 -0.0036  0.0010  18.250  59.580 115.050
 -4.9572   5.6925 0.37510 0.00492  0.0036  0.0034  0.0000  16.990  49.060 128.760
 -4.9385  -6.7592 0.07017 0.00354  0.0030 -0.0019  0.0001  12.850  36.520 145.490
 -4.9328  -0.2849 2.53146 0.00250  0.0017 -0.0003  0.0018   7.800  63.970 105.720
 -4.9267  -1.0454 2.43536 0.00284  0.0020 -0.0010  0.0018  10.550  63.080 126.970
 -4.9243  -0.2732 2.54111 0.00229  0.0016 -0.0003  0.0016   7.210  63.960 106.510
 -4.9017 -13.4069  0.0653  0.0139  0.0135 -0.0032  0.0000  11.980  14.350   88.73
 -4.8800  -8.7225  0.0771  0.0118  0.0111 -0.0041  0.0000  14.300  23.960  100.86
 -4.8717  -8.0652  0.0778  0.0105  0.0096 -0.0043  0.0000  12.680  23.220  100.57
 -4.8522 -12.6377  0.0632  0.0147  0.0146 -0.0018  0.0001  12.570  13.430   88.32
 -4.8496  -0.7457 2.57166 0.00239  0.0016 -0.0006  0.0016   8.760  63.450 124.890
 -4.8487 -12.2015  0.0621  0.0143  0.0141 -0.0024  0.0001  12.210  12.890   88.15
 -4.8386   6.7889 0.07793 0.00355  0.0028  0.0022 -0.0001  12.790  37.660 143.510
 -4.8262  -1.5352 2.40532 0.00345  0.0024 -0.0016  0.0019  13.120  63.110 129.770
 -4.8020   4.3099 1.10430 0.00642  0.0049  0.0041  0.0007  17.580  60.810 108.540
 -4.8006  -0.1054 2.68092 0.00251  0.0017  0.0000  0.0018   6.790  63.210  92.330
 -4.7939   1.7418 2.37556 0.00497  0.0035  0.0024  0.0026  16.150  63.520 110.400
 -4.7901  -4.2839 1.12610 0.00625  0.0050 -0.0037  0.0009  20.040  59.760 111.820
 -4.7825  -3.7677 1.41523 0.00702  0.0054 -0.0042  0.0016  21.990  61.860 107.490
 -4.7809  -7.1631 0.02685 0.00339  0.0030 -0.0016  0.0001  12.360  32.370 149.470
 -4.7744  -2.6275 2.01972 0.00616  0.0046 -0.0032  0.0027  20.360  64.120 111.900
 -4.7587  -2.6055 2.04361 0.00561  0.0041 -0.0033  0.0022  19.030  64.040 114.800
 -4.7549  -3.7913 1.42234 0.00680  0.0054 -0.0038  0.0018  21.220  61.800 107.090
 -4.7523  -4.5458 1.00374 0.00647  0.0051 -0.0039  0.0007  20.580  58.970 111.090
 -4.7439  -7.6196 0.00077 0.00351  0.0032 -0.0014  0.0000  11.090  27.540 151.200
 -4.7342   1.6066 2.47500 0.00469  0.0031  0.0028  0.0022  15.350  63.380 111.560
 -4.7191  -1.9497 2.36304 0.00436  0.0031 -0.0024  0.0019  16.040  63.100 125.540
 -4.7099   0.3136 2.76117 0.00274  0.0019  0.0007  0.0019   8.820  63.310 109.690
 -4.7059  -4.4942 1.05706 0.00712  0.0057 -0.0043  0.0008  22.390  58.790 109.900
 -4.6908   0.0600 2.79799 0.00337  0.0023  0.0002  0.0024   8.670  63.440  87.320
 -4.6875   0.0567 2.80152 0.00315  0.0022  0.0002  0.0023   8.670  63.390  93.520
 -4.6736  -0.4348 2.78850 0.00269  0.0019 -0.0004  0.0019   8.760  63.570 110.650
 -4.6696  -0.4399 2.79221 0.00273  0.0019 -0.0005  0.0019   9.360  63.570 116.300
 -4.6507  -0.8589 2.75914 0.00318  0.0022 -0.0010  0.0020  11.690  63.670 124.860
 -4.6354  -2.3305 2.27787 0.00530  0.0038 -0.0029  0.0022  18.950  63.260 122.050
 -4.6313   2.1421 2.36389 0.00595  0.0042  0.0035  0.0024  19.080  63.450 108.930
 -4.6275  -1.2540 2.68339 0.00392  0.0027 -0.0015  0.0024  14.590  63.860 126.190
 -4.6193  -2.5001 2.21652 0.00602  0.0043 -0.0035  0.0023  20.530  63.680 115.680
 -4.6143   5.8776 0.41213 0.00510  0.0039  0.0033 -0.0002  18.060  52.630 129.120
 -4.6077   0.3276 2.86654 0.00290  0.0020  0.0007  0.0020   7.890  63.050 106.470
 -4.6041   6.2931 0.25584 0.00475  0.0038  0.0029 -0.0001  16.960  45.740 135.910
 -4.5921   2.0923 2.42167 0.00542  0.0039  0.0031  0.0023  16.810  63.620 105.550
 -4.5907   5.1884 0.74761 0.00644  0.0052  0.0037  0.0006  21.290  56.700 117.140
 -4.5894   0.7165 2.84528 0.00345  0.0023  0.0015  0.0022  12.030  63.150 119.160
 -4.5728   0.0834 2.91969 0.00309  0.0021  0.0003  0.0022   8.550  62.950  94.640
 -4.5626  -4.7041 1.02087 0.00644  0.0051 -0.0039  0.0006  21.020  57.740 115.260
 -4.5416   3.9767 1.46292 0.00697  0.0052  0.0046  0.0006  21.550  61.770 106.410
 -4.5210  -2.7163 2.19639 0.00598  0.0046 -0.0033  0.0021  19.970  62.870 114.290
 -4.5006   0.1394 2.99185 0.00269  0.0019  0.0004  0.0019   7.060  62.760 103.090
 -4.4905   3.8657 1.56608 0.00695  0.0057  0.0037  0.0015  18.560  63.000 104.300
 -4.4883  10.1997  0.0941  0.0183  0.0173  0.0058  0.0001  13.320  31.550   70.74
 -4.4815  -3.5624 1.75083 0.00726  0.0058 -0.0037  0.0024  22.560  63.620 105.460
 -4.4800   9.8919  0.0931  0.0156  0.0149  0.0046  0.0001  11.440  31.140   71.27
 -4.4786   7.4218 0.02004 0.00387  0.0034  0.0019  0.0000  12.130  33.780 145.790
 -4.4734  -2.3561 2.41494 0.00602  0.0045 -0.0030  0.0027  20.540  63.740 115.650
 -4.4640  -6.1577 0.34296 0.00532  0.0042 -0.0033 -0.0001  15.850  47.730 128.620
 -4.4610  -3.5672 1.76382 0.00794  0.0061 -0.0046  0.0020  24.800  63.640 105.970
 -4.4593  -2.3683 2.42230 0.00618  0.0045 -0.0032  0.0027  20.850  63.760 114.420
 -4.4549   5.6732 0.56045 0.00591  0.0044  0.0039 -0.0003  20.410  54.340 124.240
 -4.4304 -11.1676  0.0607  0.0161  0.0150 -0.0058  0.0001  13.620  12.350   87.44
 -4.4295  13.4680  0.1006  0.0150  0.0148  0.0029  0.0001  11.030  35.880   69.74
 -4.4113   5.5990 0.61456 0.00706  0.0054  0.0046 -0.0003  20.980  55.020 122.070
 -4.4039   9.5440  0.0924  0.0157  0.0149  0.0051  0.0001  11.510  30.710   71.37
 -4.4015   1.1288 2.94553 0.00462  0.0031  0.0023  0.0025  15.620  63.080 115.450
 -4.3884   3.1986 2.03325 0.00778  0.0061  0.0041  0.0026  23.640  63.580 103.150
 -4.3881   4.3913 1.30506 0.00688  0.0056  0.0039  0.0011  21.920  62.140 109.390
 -4.3880   2.6236 2.36087 0.00699  0.0051  0.0044  0.0019  21.780  63.320 106.040
 -4.3725   0.5086 3.09482 0.00328  0.0022  0.0008  0.0023  10.680  62.490 111.800
 -4.3718 -10.4731  0.0593  0.0140  0.0135 -0.0038  0.0000  11.770  11.820   86.93
 -4.3599  13.8820  0.1012  0.0147  0.0143  0.0031  0.0000  10.740  36.420   69.45
 -4.3516   2.4537 2.48114 0.00677  0.0049  0.0037  0.0028  20.930  64.140 104.910
 -4.3499 -10.8393  0.0601  0.0162  0.0158 -0.0036  0.0001  13.640  12.180   87.19
 -4.3453   5.4827 0.70029 0.00592  0.0049  0.0034  0.0002  17.580  54.750 122.250
 -4.3419  11.3917  0.1008  0.0149  0.0148  0.0020  0.0000  15.730  26.270   87.25
 -4.3255  -6.4115 0.28233 0.00489  0.0040 -0.0028  0.0000  17.450  48.260 133.680
 -4.3230   2.0321 2.70198 0.00622  0.0045  0.0033  0.0028  19.460  63.680 106.450
 -4.2991  -1.2621 3.01240 0.00402  0.0028 -0.0016  0.0024  15.650  62.490 133.450
 -4.2984   0.5166 3.17083 0.00352  0.0024  0.0009  0.0024  10.040  62.290 112.270
 -4.2966   6.8424 0.15132 0.00435  0.0037  0.0024  0.0000  13.580  42.030 138.930
 -4.2952   4.1634 1.50662 0.00778  0.0064  0.0043  0.0014  24.310  62.390 106.840
 -4.2855  14.6426  0.1019  0.0153  0.0147  0.0042  0.0000  11.180  37.360   68.99
 -4.2822   7.2970 0.05349 0.00373  0.0033  0.0017  0.0001  13.720  37.940 146.260
 -4.2587  -5.0065 1.01345 0.00658  0.0054 -0.0038  0.0007  21.330  57.730 114.380
 -4.2451   0.0959 3.26105 0.00314  0.0022  0.0005  0.0022   8.350  62.040 104.710
 -4.2439   4.7770 1.15667 0.00699  0.0057  0.0040  0.0008  22.630  60.630 112.170
 -4.2347   0.3831 3.25028 0.00367  0.0025  0.0008  0.0026  10.200  62.100 109.590
 -4.2337  14.9944  0.1024  0.0140  0.0134  0.0040  0.0000  10.190  37.790   68.58
 -4.2301   6.0413 0.46340 0.00604  0.0049  0.0035  0.0000  21.150  51.690 128.110
 -4.1930   5.9940 0.49764 0.00534  0.0045  0.0029  0.0001  18.980  52.350 129.900
 -4.1920  -2.1510 2.77187 0.00696  0.0052 -0.0028  0.0036  23.580  63.710 114.970
 -4.1868   5.9257 0.53220 0.00581  0.0047  0.0034 -0.0001  17.640  52.280 127.000
 -4.1693  -1.6643 3.00646 0.00506  0.0037 -0.0022  0.0026  18.870  62.420 128.000
 -4.1499  -2.1128 2.82900 0.00665  0.0050 -0.0029  0.0033  23.130  63.540 118.210
 -4.1480   2.8793 2.41870 0.00722  0.0057  0.0035  0.0028  22.090  63.740 104.040
 -4.1455   7.7605 0.00775 0.00396  0.0035  0.0018  0.0000  12.320  28.660 148.070
 -4.1095  13.6841  0.1048  0.0130  0.0129  0.0019  0.0000  13.580  28.880   85.35
 -4.1054   3.5908 2.01498 0.00868  0.0069  0.0050  0.0016  26.790  63.500 104.780
 -4.0938  -3.4842 2.09630 0.00806  0.0065 -0.0044  0.0018  25.370  63.030 107.560
 -4.0908   6.7660 0.21462 0.00465  0.0039  0.0025  0.0000  16.950  45.920 138.720
 -4.0848  13.0782  0.1038  0.0146  0.0146  0.0009  0.0000  14.950  28.150   83.89
 -4.0827  -5.4302 0.83979 0.00646  0.0056 -0.0031  0.0006  21.150  55.820 116.960
 -4.0801  13.4175  0.1044  0.0132  0.0128  0.0031  0.0000  13.600  28.560   84.51
 -4.0769   5.8808 0.59337 0.00602  0.0047  0.0037 -0.0002  21.070  54.990 125.760
 -4.0761  -7.7987 0.00753 0.00368  0.0034 -0.0015  0.0000  11.570  27.050 150.880
 -4.0707   4.4950 1.43567 0.00793  0.0067  0.0041  0.0015  24.960  61.150 108.520
 -4.0637   0.7478 3.38234 0.00402  0.0028  0.0014  0.0025  13.770  61.970 117.820
 -4.0588   5.1700 1.00904 0.00655  0.0055  0.0035  0.0004  22.360  59.000 119.520
 -4.0420  -5.9710 0.55923 0.00603  0.0051 -0.0032  0.0002  17.630  53.530 121.500
 -3.9999  -1.9593 3.03967 0.00669  0.0049 -0.0032  0.0032  23.670  63.240 120.430
 -3.9801  -3.2882 2.31136 0.00729  0.0057 -0.0040  0.0021  23.750  63.060 111.380
 -3.9756  -5.2025 1.02716 0.00699  0.0059 -0.0037  0.0004  19.350  57.350 112.270
 -3.9755  -5.8147 0.66517 0.00668  0.0058 -0.0033  0.0004  19.140  53.180 119.350
 -3.9743  12.3183  0.1026  0.0155  0.0154  0.0016  0.0000  15.340  27.110   81.49
 -3.9725  -1.0183 3.40825 0.00453  0.0032 -0.0014  0.0029  17.200  62.160 130.040
 -3.9723  -7.9897 0.00244 0.00360  0.0034 -0.0013  0.0000  11.380  27.340 151.210
 -3.9661  -1.9576 3.07244 0.00670  0.0050 -0.0030  0.0033  23.990  63.110 121.830
 -3.9524  -0.5298 3.52784 0.00401  0.0028 -0.0008  0.0028  14.770  61.220 126.850
 -3.9460   6.3564 0.40718 0.00572  0.0050  0.0028  0.0002  20.590  51.890 131.630
 -3.9456  11.9893  0.1021  0.0150  0.0150 -0.0003  0.0000  14.560  26.570   80.08
 -3.9283  -0.1241 3.58779 0.00372  0.0026 -0.0001  0.0027  11.450  61.050 106.210
 -3.9264  -3.8728 1.94898 0.00843  0.0071 -0.0042  0.0020  26.200  62.260 106.650
 -3.9168   5.5905 0.81518 0.00645  0.0055  0.0034  0.0002  22.590  57.240 124.010
 -3.8964  12.1146  0.1020  0.0159  0.0155  0.0035  0.0001  11.570  34.400   69.77
 -3.8608  11.7398  0.1014  0.0169  0.0151  0.0076  0.0001  12.090  33.820   68.82
 -3.8542   4.9000 1.28656 0.00828  0.0071  0.0042  0.0008  27.630  61.370 114.760
 -3.8463  12.7353  0.1024  0.0159  0.0155  0.0035  0.0001  11.640  35.190   69.69
 -3.8354   0.9698 3.55845 0.00522  0.0036  0.0022  0.0030  18.490  60.990 122.450
 -3.8270  12.4789  0.1024  0.0158  0.0152  0.0042  0.0001  11.490  34.880   69.60
 -3.8205  -4.2774 1.74017 0.00827  0.0071 -0.0038  0.0020  26.040  62.430 107.900
 -3.7973  -1.7834 3.31016 0.00625  0.0046 -0.0029  0.0031  22.980  62.360 125.680
 -3.7892   6.8578 0.24353 0.00526  0.0047  0.0024  0.0000  19.230  44.920 139.530
 -3.7678  -4.3965 1.69230 0.00825  0.0071 -0.0037  0.0020  22.230  61.170 106.500
 -3.7381  -1.7583 3.37712 0.00667  0.0050 -0.0029  0.0034  24.230  62.260 124.360
 -3.7001  -3.4965 2.37727 0.00958  0.0080 -0.0047  0.0025  29.580  63.910 104.580
 -3.6946   7.5160 0.06939 0.00417  0.0038  0.0017  0.0000  13.250  37.850 144.670
 -3.6906   6.6934 0.32854 0.00576  0.0051  0.0028 -0.0001  21.100  48.460 136.690
 -3.6878   8.1507 0.00157 0.00493  0.0046  0.0018  0.0000  15.410  29.030 148.720
 -3.6814   7.3835 0.09894 0.00401  0.0035  0.0020 -0.0001  15.030  42.380 145.630
 -3.6736  -4.5986 1.60048 0.00890  0.0079 -0.0039  0.0015  27.820  61.500 107.870
 -3.6583  -7.9489 0.01045 0.00370  0.0035 -0.0011  0.0000  11.880  32.350 150.240
 -3.6286  -0.1119 3.89217 0.00434  0.0031  0.0001  0.0031  13.510  59.200 108.900
 -3.6237   7.6544 0.04893 0.00405  0.0038  0.0014  0.0001  15.110  38.010 148.600
 -3.6061  -0.4252 3.88925 0.00368  0.0026 -0.0007  0.0025  12.270  59.160 133.420
 -3.6000   0.5215 3.88476 0.00464  0.0033  0.0012  0.0031  16.690  59.640 125.210
 -3.5824   5.2731 1.16495 0.00806  0.0071  0.0038  0.0007  27.410  59.860 118.070
 -3.5811  -3.0980 2.75151 0.00951  0.0079 -0.0046  0.0028  30.050  63.870 107.080
 -3.5723   5.1646 1.24434 0.00742  0.0063  0.0039  0.0003  22.150  60.600 118.450
 -3.5665  -7.2168 0.15970 0.00543  0.0049 -0.0024  0.0000  19.310  41.790 138.140
 -3.5432   1.7751 3.55214 0.00726  0.0054  0.0035  0.0034  21.240  61.260 115.940
 -3.5142   7.5201 0.08570 0.00465  0.0043  0.0018  0.0000  17.070  36.760 146.620
 -3.4768  -0.8348 3.94461 0.00433  0.0031 -0.0009  0.0028  14.640  58.790 135.850
 -3.4715  -0.8015 3.95797 0.00436  0.0032 -0.0009  0.0029  16.880  58.940 135.650
 -3.4652  -2.7973 3.04550 0.00957  0.0078 -0.0039  0.0040  31.420  63.240 111.730
 -3.4587  -0.7556 3.98136 0.00422  0.0031 -0.0009  0.0028  16.720  58.790 138.880
 -3.4568   1.0643 3.90375 0.00582  0.0042  0.0020  0.0035  21.340  59.420 127.710
 -3.4490   0.3221 4.05484 0.00443  0.0032  0.0007  0.0030  15.090  58.020 120.090
 -3.4389  -2.7805 3.07803 0.00953  0.0077 -0.0040  0.0039  31.420  63.090 112.310
 -3.4140   4.7199 1.65185 0.00837  0.0074  0.0037  0.0012  28.930  62.840 118.160
 -3.4093  -0.5223 4.07310 0.00449  0.0032 -0.0007  0.0030  17.050  58.280 133.140
 -3.3972  -0.0248 4.12496 0.00503  0.0036  0.0002  0.0035  15.910  58.090 111.050
 -3.3872  -2.8119 3.10126 0.00892  0.0073 -0.0035  0.0038  30.170  62.090 116.220
 -3.3793  -4.8160 1.59739 0.00933  0.0083 -0.0040  0.0014  25.130  61.260 106.710
 -3.3745  -7.0232 0.25823 0.00585  0.0052 -0.0027 -0.0001  20.770  45.570 134.910
 -3.3705  -4.0829 2.17797 0.01015  0.0090 -0.0041  0.0022  27.310  62.180 105.960
 -3.3641   1.4767 3.84613 0.00691  0.0050  0.0036  0.0031  25.510  59.450 128.480
 -3.3607  -0.1686 4.15241 0.00439  0.0032 -0.0002  0.0031  13.240  57.470 121.850
 -3.3391   1.6291 3.80444 0.00705  0.0052  0.0034  0.0033  21.380  59.960 121.130
 -3.3181  -2.4934 3.35790 0.00882  0.0071 -0.0033  0.0040  29.950  62.340 116.160
 -3.3044  10.3158  0.0992  0.0166  0.0154  0.0063  0.0001  11.960  32.240   69.67
 -3.2820  -8.1626 0.00776 0.00369  0.0036 -0.0009  0.0000  11.610  26.980 150.840
 -3.2739  -1.1953 4.04031 0.00521  0.0039 -0.0019  0.0029  21.160  57.640 143.610
 -3.2687  -0.9699 4.10861 0.00542  0.0040 -0.0018  0.0032  21.860  58.250 141.660
 -3.2501  -8.7730  0.0619  0.0167  0.0144 -0.0085  0.0001  13.820  12.710   85.33
 -3.2469  -0.3309 4.24919 0.00492  0.0036 -0.0007  0.0033  18.800  57.770 134.360
 -3.2397   0.1106 4.27242 0.00539  0.0039  0.0004  0.0037  17.590  56.360 115.800
 -3.2394   9.9830  0.0985  0.0170  0.0169  0.0024  0.0001  12.410  31.750   70.62
 -3.2332   1.7410 3.85061 0.00720  0.0053  0.0039  0.0030  25.930  59.770 125.580
 -3.2291  -6.0841 0.77422 0.00723  0.0066 -0.0029  0.0003  24.450  55.920 120.720
 -3.2173  -0.3036 4.27981 0.00482  0.0035 -0.0008  0.0032  18.420  56.390 135.590
 -3.2152  -0.4293 4.27001 0.00446  0.0032 -0.0009  0.0030  17.580  56.420 139.980
 -3.1968  10.4038  0.1008  0.0178  0.0178  0.0007  0.0000  15.910  23.900   74.49
 -3.1919  -9.6225  0.0634  0.0162  0.0157 -0.0041  0.0001  13.430  13.090   85.40
 -3.1835  -9.2311  0.0629  0.0165  0.0157 -0.0051  0.0001  13.610  13.010   85.34
 -3.1762 -12.8857  0.0691  0.0140  0.0140 -0.0008  0.0001  11.870  15.980   86.99
 -3.1740  -1.6695 3.93531 0.00671  0.0051 -0.0026  0.0035  26.330  58.790 137.670
 -3.1684   0.5870 4.29305 0.00560  0.0041  0.0016  0.0034  21.130  56.160 134.480
 -3.1642  -7.8308 0.05496 0.00412  0.0038 -0.0015  0.0000  15.180  36.550 147.700
 -3.1638 -14.3195  0.0723  0.0146  0.0146 -0.0011  0.0000  12.560  17.690   87.84
 -3.1467   7.2221 0.22319 0.00508  0.0047  0.0019  0.0001  16.550  45.960 141.930
 -3.1359   2.4311 3.54830 0.00933  0.0076  0.0038  0.0039  32.140  60.700 119.050
 -3.1318 -13.2648  0.0701  0.0131  0.0130 -0.0013  0.0000  11.110  16.460   87.24
 -3.1276   7.7571 0.07303 0.00454  0.0043  0.0015  0.0001  16.800  36.860 147.790
 -3.1055  10.0036  0.1004  0.0173  0.0170  0.0031  0.0000  15.640  23.310   75.50
 -3.1051  -6.2206 0.72637 0.00724  0.0068 -0.0026  0.0004  21.320  55.800 120.740
 -3.0980   6.9683 0.33315 0.00570  0.0052  0.0023  0.0000  18.650  49.430 139.560
 -3.0657  -0.0438 4.43762 0.00520  0.0038  0.0002  0.0035  15.280  55.370 120.580
 -3.0642   7.4133 0.17022 0.00475  0.0044  0.0018  0.0000  15.300  42.010 143.360
 -3.0625  -2.0653 3.82592 0.00804  0.0065 -0.0032  0.0035  30.150  59.000 131.370
 -3.0261   3.1065 3.16231 0.00914  0.0079  0.0031  0.0035  27.280  63.080 116.850
 -3.0258  -4.2227 2.27042 0.01124  0.0101 -0.0043  0.0024  35.740  64.120 107.630
 -3.0196   4.1017 2.37439 0.00881  0.0078  0.0038  0.0015  26.820  64.070 118.190
 -3.0141   5.3532 1.37017 0.00838  0.0073  0.0041 -0.0002  31.230  62.010 128.090
 -3.0020  -6.7759 0.44357 0.00610  0.0056 -0.0024  0.0001  18.400  50.840 127.610
 -2.9952   0.2372 4.49036 0.00551  0.0041  0.0008  0.0037  17.170  55.430 127.640
 -2.9698  -1.6105 4.14116 0.00678  0.0053 -0.0023  0.0036  26.930  57.370 140.550
 -2.9638  -2.0251 3.93018 0.00782  0.0063 -0.0028  0.0036  25.800  58.270 133.160
 -2.9447  -0.2217 4.53693 0.00553  0.0041 -0.0004  0.0037  20.850  54.220 135.820
 -2.9413  -4.4987 2.08984 0.01043  0.0095 -0.0034  0.0026  28.220  62.320 106.460
 -2.9371  15.2500  0.1067  0.0142  0.0138  0.0033  0.0001  10.180  38.410   67.15
 -2.9186   3.5191 2.92385 0.01012  0.0090  0.0041  0.0022  34.990  62.540 118.080
 -2.9113  14.9140  0.1064  0.0125  0.0125  0.0009  0.0001   9.070  38.090   68.25
 -2.9067  13.3925  0.1058  0.0163  0.0155  0.0048  0.0001  11.710  36.340   68.30
 -2.9042  -0.4617 4.55090 0.00496  0.0037 -0.0008  0.0032  20.100  53.650 146.920
 -2.8967  -3.5958 2.87376 0.01124  0.0101 -0.0040  0.0030  36.740  63.590 111.010
 -2.8940  14.5548  0.1063  0.0119  0.0114  0.0036  0.0001   8.540  37.690   67.65
 -2.8926   4.3069 2.27766 0.00927  0.0084  0.0035  0.0019  33.280  64.190 121.860
 -2.8917  -5.1213 1.60739 0.00986  0.0086 -0.0048 -0.0003  31.670  61.390 110.890
 -2.8878  -4.4038 2.19909 0.01082  0.0098 -0.0042  0.0020  34.140  62.340 108.300
 -2.8840   7.5256 0.15962 0.00472  0.0044  0.0018  0.0000  17.700  42.020 145.940
 -2.8812  -1.3891 4.31094 0.00674  0.0053 -0.0020  0.0037  26.650  56.440 140.340
 -2.8436  -1.3630 4.35304 0.00746  0.0058 -0.0026  0.0039  29.950  56.400 142.540
 -2.8326  -1.7550 4.18543 0.00835  0.0067 -0.0033  0.0037  31.970  58.150 134.500
 -2.8280  -3.6167 2.89924 0.01105  0.0099 -0.0040  0.0029  31.300  61.730 111.800
 -2.8237   2.8201 3.52237 0.00955  0.0082  0.0033  0.0036  29.620  61.590 122.580
 -2.8163  -0.9139 4.53153 0.00548  0.0042 -0.0017  0.0031  20.170  53.390 153.220
 -2.8118  -3.6161 2.90977 0.01067  0.0095 -0.0043  0.0022  30.240  61.700 111.960
 -2.8039  -1.7457 4.21353 0.00848  0.0069 -0.0033  0.0038  32.540  58.180 134.630
 -2.8000   5.8316 1.08721 0.00714  0.0066  0.0028  0.0002  27.870  60.930 135.070
 -2.7997  -3.2808 3.19400 0.01138  0.0099 -0.0039  0.0041  37.600  62.920 112.670
 -2.7976   5.7819 1.12495 0.00820  0.0077  0.0027  0.0008  31.080  59.850 131.640
 -2.7894  -6.1397 0.87416 0.00832  0.0078 -0.0029  0.0005  28.700  59.250 120.230
 -2.7840   8.0409 0.04379 0.00412  0.0040  0.0011  0.0000  15.220  33.390 150.410
 -2.7780   2.4005 3.85277 0.00900  0.0074  0.0044  0.0025  33.060  59.190 128.170
 -2.7683   4.4720 2.20900 0.00921  0.0085  0.0028  0.0023  29.200  63.950 123.480
 -2.7656  -2.9758 3.44941 0.01135  0.0098 -0.0040  0.0041  38.500  62.150 116.180
 -2.7578   7.9638 0.05952 0.00444  0.0043  0.0012  0.0000  16.630  36.940 149.380
 -2.7133   9.0706  0.0959  0.0164  0.0141  0.0084  0.0001  11.980  19.750   81.91
 -2.7133  -9.0706  0.0959  0.0164  0.0141 -0.0084  0.0001  11.980  19.750   81.91
 -2.6959   9.9195  0.0999  0.0154  0.0151  0.0031  0.0001  11.360  21.050   82.24
 -2.6959  -9.9195  0.0999  0.0154  0.0151 -0.0031  0.0001  11.360  21.050   82.24
 -2.6944  10.6450  0.1023  0.0143  0.0142  0.0011  0.0001  10.600  22.200   82.32
 -2.6944 -10.6450  0.1023  0.0143  0.0142 -0.0011  0.0001  10.600  22.200   82.32
 -2.6606  -6.7213 0.55170 0.00674  0.0064 -0.0021  0.0004  23.970  53.690 128.770
 -2.6486   9.4753  0.0978  0.0152  0.0142  0.0055  0.0001  11.140  20.410   81.85
 -2.6486  -9.4753  0.0978  0.0152  0.0142 -0.0055  0.0001  11.140  20.410   81.85
 -2.6241   6.6671 0.59193 0.00657  0.0062  0.0020  0.0004  25.210  54.080 138.320
 -2.6122   7.1892 0.32873 0.00493  0.0046  0.0017 -0.0001  19.230  49.380 145.330
 -2.6048  -0.4009 4.81492 0.00533  0.0041 -0.0011  0.0033  22.550  51.400 154.920
 -2.5853  -2.6578 3.81141 0.01142  0.0098 -0.0047  0.0035  36.250  58.430 127.680
 -2.5658  -5.5128 1.41784 0.00971  0.0090 -0.0035  0.0005  32.050  60.360 114.700
 -2.5630   3.1140 3.48492 0.01024  0.0092  0.0031  0.0033  38.310  61.050 129.010
 -2.5340   1.9987 4.28626 0.00939  0.0078  0.0030  0.0042  36.440  56.520 138.110
 -2.5192  -1.4918 4.56343 0.00741  0.0061 -0.0026  0.0033  26.860  52.840 151.370
 -2.5163   3.2825 3.37354 0.00987  0.0089  0.0034  0.0027  38.040  62.370 132.270
 -2.5103   5.0743 1.80770 0.00883  0.0083  0.0031  0.0008  35.000  63.680 134.850
 -2.5068   0.2471 4.90859 0.00659  0.0051  0.0004  0.0041  24.760  50.640 138.880
 -2.4773   1.0439 4.76953 0.00802  0.0065  0.0019  0.0043  32.660  51.110 149.480
 -2.4627   0.5667 4.90261 0.00724  0.0057  0.0012  0.0043  28.900  50.750 146.780
 -2.4475   6.0515 1.04409 0.00827  0.0079  0.0024  0.0008  31.790  58.000 135.180
 -2.4457  -8.0161 0.06813 0.00483  0.0047 -0.0011  0.0000  17.730  37.590 145.860
 -2.4284   4.7673 2.11494 0.00939  0.0088  0.0030  0.0012  32.550  64.200 134.790
 -2.4281  -3.4171 3.31357 0.01071  0.0097 -0.0028  0.0034  37.270  60.840 120.490
 -2.4240 -12.1411  0.0701  0.0144  0.0141 -0.0030  0.0001  12.060  16.320   86.04
 -2.4148   6.4006 0.81145 0.00678  0.0065  0.0017  0.0007  23.770  57.350 142.340
 -2.3672  -7.0249 0.44627 0.00572  0.0053 -0.0021 -0.0003  20.730  51.010 133.470
 -2.3641   3.5476 3.23963 0.01049  0.0096  0.0023  0.0036  39.860  61.870 130.400
 -2.3475   8.1810 0.04132 0.00443  0.0044  0.0008  0.0001  16.790  37.100 151.070
 -2.3425  -6.8088 0.57082 0.00738  0.0071 -0.0019  0.0001  27.100  54.890 131.660
 -2.3389  -1.1480 4.83781 0.00802  0.0066 -0.0016  0.0043  33.560  51.340 153.340
 -2.3369  -1.1576 4.83589 0.00803  0.0066 -0.0020  0.0042  34.010  51.470 155.100
 -2.3351 -11.1218  0.0678  0.0132  0.0129 -0.0027  0.0001  10.940  15.530   85.38
 -2.3232  -0.7199 4.97801 0.00694  0.0056 -0.0012  0.0039  25.770  47.840 160.010
 -2.3210  -2.1148 4.36670 0.00912  0.0079 -0.0030  0.0034  35.430  56.280 138.040
 -2.3203  -2.1169 4.36571 0.01043  0.0090 -0.0036  0.0037  41.000  56.420 139.530
 -2.3113   1.4447 4.73894 0.00854  0.0071  0.0031  0.0035  30.390  51.870 149.570
 -2.3102  -5.8464 1.24334 0.00908  0.0087 -0.0023  0.0011  30.830  58.950 118.970
 -2.3066   1.4468 4.74129 0.00834  0.0070  0.0031  0.0035  29.730  51.860 149.870
 -2.3054   6.9826 0.47860 0.00649  0.0061  0.0023 -0.0003  25.250  51.390 142.650
 -2.3042   3.4237 3.38153 0.01083  0.0098  0.0037  0.0026  41.370  61.320 131.420
 -2.2844 -10.8271  0.0676  0.0146  0.0146  0.0009  0.0001  12.080  15.420   84.91
 -2.2761 -15.9316  0.0773  0.0145  0.0145 -0.0008  0.0000  12.630  20.780   88.04
 -2.2606  -9.2326  0.0658  0.0163  0.0155 -0.0051  0.0001  13.460  14.650   84.75
 -2.2515  -4.0820 2.82780 0.01210  0.0114 -0.0032  0.0024  43.230  63.600 121.240
 -2.2398  -5.3973 1.63682 0.01104  0.0106 -0.0016  0.0026  37.950  62.690 117.270
 -2.2386   1.5023 4.76271 0.00850  0.0072  0.0022  0.0039  35.470  50.970 153.370
 -2.2375  11.6499  0.1041  0.0145  0.0145 -0.0006  0.0000  13.400  24.600   76.60
 -2.2372   4.0860 2.83081 0.01045  0.0098  0.0029  0.0020  41.740  62.570 136.500
 -2.2352   0.6142 5.06577 0.00734  0.0059  0.0014  0.0041  30.620  48.170 156.530
 -2.2287  -0.6496 5.06339 0.00776  0.0063 -0.0017  0.0043  33.890  48.500 163.060
 -2.2264  -0.8545 5.01647 0.00783  0.0065 -0.0012  0.0042  33.360  48.800 158.760
 -2.2259  -0.6501 5.06539 0.00786  0.0063 -0.0019  0.0043  34.430  48.390 163.600
 -2.2257  -0.8571 5.01615 0.00743  0.0061 -0.0012  0.0040  31.600  48.670 158.580
 -2.1976  -6.0173 1.14874 0.00892  0.0086 -0.0022  0.0011  31.110  59.170 122.060
 -2.1756  -0.4640 5.13753 0.00780  0.0064 -0.0010  0.0043  33.320  45.670 162.290
 -2.1709   0.8548 5.05593 0.00812  0.0067  0.0021  0.0041  34.600  47.980 159.530
 -2.1654   7.7952 0.14656 0.00470  0.0046  0.0011  0.0000  15.590  42.190 147.800
 -2.1437   2.1986 4.42944 0.00919  0.0080  0.0035  0.0029  32.780  56.310 145.770
 -2.1118  -1.7804 4.71062 0.00987  0.0086 -0.0027  0.0040  40.940  54.020 149.580
 -2.1112   3.9593 3.00791 0.00926  0.0088  0.0023  0.0019  34.510  63.590 145.530
 -2.1066  -1.7730 4.71834 0.00972  0.0085 -0.0028  0.0038  39.650  52.030 148.900
 -2.1017   1.2986 4.94915 0.00888  0.0076  0.0023  0.0040  38.030  48.340 159.910
 -2.0981   6.2124 1.02276 0.00694  0.0065  0.0024 -0.0004  28.800  59.060 145.300
 -2.0917   0.0817 5.23093 0.00695  0.0057  0.0005  0.0040  28.650  44.760 157.780
 -2.0916  10.9954  0.1052  0.0167  0.0162  0.0040  0.0001  11.950  33.680   68.91
 -2.0853  -0.0766 5.23566 0.00875  0.0072  0.0001  0.0050  35.970  45.070 156.670
 -2.0791  -0.6036 5.17934 0.00719  0.0060 -0.0012  0.0039  27.430  44.500 167.810
 -2.0685  -8.2819 0.03820 0.00473  0.0046 -0.0009  0.0001  17.240  33.280 148.220
 -2.0648   0.0717 5.25043 0.00784  0.0064 -0.0002  0.0045  32.900  44.900 160.070
 -2.0557   6.6584 0.71599 0.00626  0.0061  0.0014  0.0003  23.010  57.630 148.900
 -2.0355  -5.9182 1.26831 0.00947  0.0091 -0.0026  0.0002  28.660  58.510 121.650
 -2.0284  -4.8488 2.20993 0.01174  0.0112 -0.0026  0.0022  39.810  62.160 116.460
 -2.0196   2.7530 4.10375 0.01056  0.0096  0.0034  0.0028  43.900  57.420 146.580
 -2.0164  10.3740  0.1033  0.0150  0.0142  0.0047  0.0001  10.720  32.970   68.89
 -2.0109   0.8530 5.16576 0.00786  0.0066  0.0019  0.0038  34.470  45.450 167.220
 -1.9896   1.5694 4.89800 0.00882  0.0076  0.0022  0.0039  38.220  51.110 159.510
 -1.9382  -2.0365 4.66308 0.01001  0.0089 -0.0031  0.0035  35.830  52.270 149.630
 -1.9168   1.8130 4.81091 0.00990  0.0088  0.0025  0.0038  43.200  50.610 160.670
 -1.9123  -0.3161 5.33767 0.00648  0.0054 -0.0009  0.0034  25.120  41.000 173.970
 -1.9004   8.4223 0.02342 0.00401  0.0039  0.0011  0.0000  14.850  32.740 150.730
 -1.8908   0.4981 5.32475 0.00890  0.0076  0.0014  0.0045  38.810  41.440 169.790
 -1.8808  -1.3766 5.05626 0.00890  0.0077 -0.0021  0.0039  39.380  47.170 166.930
 -1.8710   4.3478 2.74868 0.00317  0.0030  0.0007  0.0006  13.160  62.780 141.810
 -1.8691  -0.1070 5.37839 0.00776  0.0066  0.0001  0.0042  28.990  40.870 167.850
 -1.8666  -5.6929 1.50186 0.00973  0.0095 -0.0022  0.0005  30.010  61.190 121.870
 -1.8504  -4.5539 2.55996 0.01157  0.0111 -0.0019  0.0028  34.630  62.330 117.750
 -1.8473   1.9614 4.76438 0.00957  0.0085  0.0030  0.0032  42.560  51.760 163.100
 -1.8471  -1.4242 5.05588 0.00955  0.0083 -0.0025  0.0040  41.580  48.550 162.470
 -1.8415   3.1075 3.91265 0.01103  0.0102  0.0028  0.0032  46.210  58.800 146.550
 -1.8233   1.7147 4.92223 0.00948  0.0084  0.0024  0.0036  42.130  50.140 164.220
 -1.8223   0.4960 5.36748 0.00789  0.0067  0.0007  0.0040  34.400  41.380 170.350
 -1.8211   7.9468 0.12733 0.00459  0.0045  0.0010  0.0000  15.310  42.210 148.620
 -1.8183  -1.8948 4.82070 0.00997  0.0089 -0.0030  0.0034  36.820  49.640 157.020
 -1.7819   6.5966 0.80995 0.00718  0.0070  0.0015  0.0003  29.870  56.210 147.860
 -1.7546  -0.2717 5.44011 0.00813  0.0069 -0.0008  0.0042  36.580  40.980 175.630
 -1.7265  -4.3478 2.80950 0.01287  0.0123 -0.0023  0.0029  39.470  61.720 121.120
 -1.6991   1.1510 5.25898 0.00863  0.0076  0.0020  0.0036  33.980  45.260 172.280
 -1.6969   3.4932 3.63296 0.01152  0.0108  0.0036  0.0014  49.980  60.100 150.510
 -1.6803   0.6097 5.43344 0.00902  0.0078  0.0012  0.0044  40.620  40.980 176.330
 -1.6767   6.8808 0.64096 0.00611  0.0060  0.0013  0.0002  22.480  55.040 151.390
 -1.6706  -5.1348 2.06711 0.01012  0.0099 -0.0013  0.0016  37.330  62.370 126.500
 -1.6653   7.9661 0.13259 0.00495  0.0049  0.0009  0.0001  19.060  41.100 150.180
 -1.6584   3.7749 3.38574 0.00978  0.0093  0.0016  0.0025  45.970  62.420 161.150
 -1.6526   6.1253 1.19028 0.00666  0.0064  0.0019 -0.0002  28.990  60.650 150.980
 -1.6486  -5.5449 1.69024 0.01038  0.0102 -0.0015  0.0013  32.440  60.770 123.880
 -1.6160  -4.1191 3.07451 0.01236  0.0118 -0.0022  0.0028  45.520  61.450 127.030
 -1.5989   4.0665 3.13234 0.00982  0.0094  0.0020  0.0020  45.540  63.150 158.370
 -1.5937  -1.7724 5.01655 0.01002  0.0091 -0.0025  0.0034  38.120  46.900 164.410
 -1.5910   1.0592 5.35332 0.00910  0.0081  0.0016  0.0038  42.490  41.830 181.880
 -1.5783   7.4834 0.32338 0.00589  0.0058  0.0012  0.0001  23.490  48.400 148.960
 -1.5745  -5.4057 1.83731 0.01036  0.0102 -0.0017  0.0011  32.650  61.610 124.220
 -1.5586 -14.1619  0.0764  0.0145  0.0143 -0.0024  0.0000  12.300  19.580   86.38
 -1.5550  13.2052  0.1108  0.0168  0.0163  0.0042  0.0001  11.950  36.710   67.37
 -1.5453 -13.5483  0.0754  0.0145  0.0144 -0.0020  0.0001  12.270  18.960   85.99
 -1.5345   1.4615 5.21217 0.00923  0.0084  0.0021  0.0032  43.750  45.540 180.700
 -1.5286 -12.4887  0.0736  0.0126  0.0126 -0.0001  0.0000  10.490  17.950   85.07
 -1.5218 -13.9112  0.0761  0.0137  0.0136 -0.0012  0.0000  11.590  19.360   86.06
 -1.5171   5.1609 2.08460 0.00923  0.0090  0.0018  0.0007  41.420  62.900 153.000
 -1.5006  -1.6525 5.13182 0.00988  0.0090 -0.0023  0.0033  38.060  43.980 169.550
 -1.4923   2.8671 4.28064 0.00906  0.0086  0.0019  0.0020  38.170  56.950 171.470
 -1.4791  -0.2633 5.59651 0.00822  0.0073 -0.0004  0.0038  32.930  36.100 184.680
 -1.4773   4.9769 2.27409 0.00914  0.0090  0.0012  0.0013  42.310  63.030 157.670
 -1.4758   3.8843 3.35769 0.01027  0.0098  0.0016  0.0024  46.330  61.240 155.390
 -1.4582  13.6347  0.1116  0.0156  0.0149  0.0049  0.0001  11.080  37.160   66.91
 -1.4532 -13.2496  0.0751  0.0135  0.0132  0.0026  0.0000  11.230  18.800   84.91
 -1.4175   8.6060 0.01381 0.00391  0.0039  0.0005  0.0000  14.630  33.890 151.890
 -1.4166   1.6029 5.19923 0.00926  0.0085  0.0024  0.0029  38.160  45.780 179.780
 -1.3988  -2.6201 4.52372 0.01120  0.0107 -0.0023  0.0025  41.180  52.350 154.020
 -1.3836  -4.4653 2.81071 0.01153  0.0113 -0.0014  0.0019  44.990  61.930 134.210
 -1.3685  -7.5643 0.30972 0.00585  0.0057 -0.0011  0.0001  22.150  47.960 142.080
 -1.3638  11.1148  0.1079  0.0133  0.0133  0.0006  0.0000   9.760  23.860   80.87
 -1.3638 -11.1148  0.1079  0.0133  0.0133 -0.0006  0.0000   9.760  23.860   80.87
 -1.3416  10.8523  0.1070  0.0132  0.0130  0.0022  0.0001   9.670  23.500   80.90
 -1.3416 -10.8523  0.1070  0.0132  0.0130 -0.0022  0.0001   9.670  23.500   80.90
 -1.3344  -3.8458 3.44533 0.01226  0.0120 -0.0018  0.0019  50.540  61.970 141.380
 -1.3320  10.4732  0.1057  0.0136  0.0134  0.0021  0.0001   9.970  22.980   81.05
 -1.3320 -10.4732  0.1057  0.0136  0.0134 -0.0021  0.0001   9.970  22.980   81.05
 -1.3189  -1.3836 5.35334 0.00943  0.0087 -0.0021  0.0030  44.180  40.170 184.220
 -1.3020   0.5971 5.63056 0.00885  0.0081  0.0010  0.0034  36.130  33.270 190.890
 -1.2950   1.0162 5.51569 0.00982  0.0090  0.0016  0.0036  46.790  36.880 190.100
 -1.2773   2.2824 4.83210 0.00923  0.0088  0.0018  0.0020  46.880  51.630 186.400
 -1.2760  -2.5299 4.64392 0.01062  0.0102 -0.0017  0.0026  46.700  52.210 160.770
 -1.2475   4.0607 3.25635 0.01006  0.0099  0.0015  0.0014  48.810  61.390 167.000
 -1.2469   8.1615 0.09933 0.00474  0.0047  0.0007  0.0000  18.010  36.460 151.820
 -1.2031   6.3084 1.13229 0.00676  0.0067  0.0010  0.0005  26.960  60.870 158.250
 -1.2003  -6.6883 0.84558 0.00740  0.0073 -0.0009  0.0005  28.240  55.450 136.820
 -1.1917  -0.7166 5.65187 0.00881  0.0082 -0.0007  0.0032  36.210  31.520 193.640
 -1.1685  -5.8215 1.55267 0.01005  0.0099 -0.0008  0.0014  39.590  62.800 134.440
 -1.1627   7.0748 0.59133 0.00553  0.0054  0.0010 -0.0002  24.160  55.080 157.010
 -1.1512  -8.5949 0.01882 0.00448  0.0045 -0.0005  0.0000  14.360  32.010 150.190
 -1.1258  -0.0632 5.76859 0.00904  0.0084 -0.0003  0.0033  43.750  27.210 202.580
 -1.1247  -1.0896 5.55999 0.00922  0.0087 -0.0008  0.0031  44.100  37.340 190.370
 -1.1222   3.9770 3.37540 0.00865  0.0085  0.0009  0.0014  39.340  62.620 178.540
 -1.1220   6.8524 0.73890 0.00660  0.0065  0.0012 -0.0003  28.680  56.220 154.430
 -1.1215   8.0352 0.14032 0.00462  0.0046  0.0007 -0.0001  18.200  42.040 153.080
 -1.1130  -1.1647 5.53492 0.00921  0.0087 -0.0009  0.0030  44.150  35.870 192.820
 -1.1040  -3.8948 3.46334 0.01200  0.0118 -0.0011  0.0021  49.820  60.260 144.270
 -1.1038  12.6567  0.1120  0.0171  0.0168  0.0031  0.0001  12.260  36.270   68.13
 -1.0967   8.6136 0.01744 0.00407  0.0041  0.0002  0.0000  12.990  33.870 148.610
 -1.0945  -8.3497 0.05977 0.00499  0.0050 -0.0002  0.0001  16.170  36.090 149.050
 -1.0875  -7.8447 0.20771 0.00539  0.0053 -0.0010 -0.0002  17.560  44.140 143.490
 -1.0788   1.4350 5.42711 0.00869  0.0083  0.0011  0.0025  44.650  41.580 200.560
 -1.0775  -7.9918 0.15614 0.00508  0.0050 -0.0007  0.0000  16.400  40.120 145.540
 -1.0557  -2.2320 4.94854 0.01029  0.0099 -0.0015  0.0023  47.660  47.150 174.800
 -1.0470   6.6943 0.85655 0.00684  0.0067  0.0012 -0.0002  29.770  55.870 155.080
 -1.0265 -11.0662  0.0721  0.0133  0.0131 -0.0020  0.0001  10.930  17.650   84.06
 -1.0125  -8.2496 0.08426 0.00475  0.0047 -0.0005  0.0000  17.820  36.120 150.810
 -1.0066  -3.6006 3.78054 0.01153  0.0113 -0.0010  0.0020  49.630  58.290 151.430
 -0.9978 -10.5122  0.0711  0.0142  0.0142  0.0001  0.0000  11.590  17.390   83.37
 -0.9886   1.0116 5.63928 0.00893  0.0085  0.0010  0.0026  45.140  33.340 205.930
 -0.9423  -1.2108 5.57815 0.00932  0.0089 -0.0015  0.0023  38.850  35.110 193.140
 -0.9327  -6.1726 1.28037 0.00866  0.0086 -0.0006  0.0003  36.360  61.980 143.940
 -0.9274  -1.7678 5.29885 0.01042  0.0101 -0.0009  0.0025  51.530  42.280 191.580
 -0.9248  -7.5571 0.33979 0.00585  0.0058 -0.0009 -0.0002  22.510  47.790 144.780
 -0.9222   5.7462 1.66363 0.00740  0.0074  0.0008  0.0001  35.630  62.830 164.810
 -0.9048   8.4389 0.04555 0.00440  0.0044  0.0002  0.0000  16.790  37.000 152.120
 -0.8995  -1.7669 5.30745 0.00971  0.0094 -0.0009  0.0022  47.230  42.030 188.730
 -0.8987  -6.9258 0.70632 0.00680  0.0067 -0.0009 -0.0001  27.030  55.830 142.020
 -0.8822  -0.6936 5.77097 0.00904  0.0086  0.0001  0.0028  44.190  27.910 203.580
 -0.8793   6.5475 0.98129 0.00654  0.0065  0.0009 -0.0002  25.450  59.290 156.110
 -0.8774   0.8076 5.74225 0.00886  0.0085  0.0012  0.0022  38.430  28.590 207.100
 -0.8568  -0.8890 5.72454 0.00938  0.0090 -0.0006  0.0025  45.910  26.740 205.270
 -0.8460   0.2336 5.85861 0.00891  0.0085  0.0009  0.0025  44.130  22.290 211.100
 -0.8332  -8.1893 0.10328 0.00469  0.0047 -0.0007 -0.0001  17.950  40.790 149.890
 -0.8311  -0.6066 5.80717 0.00886  0.0085 -0.0006  0.0025  43.860  26.070 208.220
 -0.8186  -8.4149 0.05188 0.00416  0.0042 -0.0003  0.0000  15.770  36.460 151.970
 -0.7983   0.5001 5.83800 0.00946  0.0091  0.0003  0.0025  47.020  22.120 211.390
 -0.7944   1.7637 5.33844 0.00888  0.0086  0.0008  0.0019  47.320  42.150 207.290
 -0.7899   4.1429 3.29194 0.00904  0.0089  0.0004  0.0017  40.680  62.850 176.460
 -0.7870  -8.7800 0.00717 0.00420  0.0042  0.0001  0.0000  15.310  28.410 151.530
 -0.7798   2.2666 5.00708 0.00925  0.0091  0.0010  0.0014  49.480  47.400 200.910
 -0.7757  -2.0497 5.16220 0.01026  0.0100 -0.0015  0.0018  49.480  43.650 185.860
 -0.7646   1.8586 5.28940 0.00852  0.0083  0.0008  0.0018  39.690  45.450 203.210
 -0.7644   8.7913 0.00696 0.00383  0.0038  0.0001  0.0000  11.950  28.730 148.900
 -0.7506  -1.3467 5.57474 0.00994  0.0097 -0.0011  0.0019  49.530  37.170 198.530
 -0.7200  -6.5013 1.03073 0.00802  0.0080 -0.0003  0.0004  33.590  58.780 146.480
 -0.7104   0.9394 5.74829 0.00895  0.0087  0.0007  0.0019  46.080  28.390 214.610
 -0.6953   3.3255 4.12226 0.00837  0.0083  0.0008  0.0011  39.650  58.700 190.560
 -0.6939  -5.8982 1.54716 0.00812  0.0081 -0.0001  0.0006  34.190  61.330 145.430
 -0.6803  -5.7928 1.64586 0.00844  0.0084 -0.0005  0.0004  35.120  61.100 143.910
 -0.6743  -3.3178 4.13424 0.01101  0.0108 -0.0001  0.0024  52.550  58.120 167.540
 -0.6653   4.5119 2.93195 0.00829  0.0082  0.0012 -0.0002  37.400  63.720 176.050
 -0.6570   5.4370 1.98809 0.00817  0.0082  0.0004  0.0004  40.430  63.020 168.610
 -0.6516   0.2542 5.91026 0.00976  0.0095  0.0007  0.0020  42.080  16.910 214.150
 -0.6429   0.9164 5.77169 0.00939  0.0092  0.0000  0.0021  47.890  26.780 213.280
 -0.6241  -0.2482 5.91672 0.00988  0.0097 -0.0001  0.0020  49.360  16.690 215.940
 -0.6205  -3.4282 4.04130 0.01121  0.0110 -0.0003  0.0021  53.910  58.380 168.580
 -0.5781   1.6267 5.47031 0.00933  0.0092  0.0005  0.0013  49.400  36.670 211.450
 -0.5552   0.0885 5.94090 0.00867  0.0085  0.0004  0.0018  37.380  15.840 214.800
 -0.5538  -7.5260 0.37215 0.00587  0.0058 -0.0006 -0.0001  19.460  47.330 143.310
 -0.5494  -6.3855 1.13630 0.00748  0.0075 -0.0003  0.0003  26.390  58.750 141.920
 -0.5486  -4.7653 2.68177 0.00991  0.0099 -0.0002  0.0008  43.970  62.080 152.520
 -0.5440  -6.5135 1.03395 0.00747  0.0075 -0.0005  0.0001  25.840  57.060 140.680
 -0.5436  -1.7884 5.38020 0.00930  0.0092 -0.0003  0.0014  47.150  39.500 200.200
 -0.4975  -0.3935 5.92514 0.00896  0.0088 -0.0003  0.0015  45.280  15.110 219.920
 -0.4815   8.6402 0.02078 0.00430  0.0043  0.0005  0.0000  16.060  32.700 152.190
 -0.4794   4.0940 3.38677 0.00883  0.0088  0.0004  0.0005  47.330  61.000 184.850
 -0.4597   0.5806 5.90021 0.00874  0.0087  0.0002  0.0012  43.630   4.650 220.750
 -0.4512   0.3742 5.93575 0.00900  0.0089 -0.0001  0.0015  45.610  15.540 219.590
 -0.4396  -8.8298 0.00619 0.00409  0.0041  0.0001  0.0000  14.930  28.460 151.660
 -0.4334  -4.4398 3.03229 0.00954  0.0095 -0.0002  0.0007  43.930  61.270 159.010
 -0.4288  -5.2153 2.23125 0.00903  0.0090  0.0003  0.0010  43.920  64.080 164.580
 -0.4222  -7.8777 0.21911 0.00526  0.0053 -0.0003  0.0000  17.430  44.050 146.090
 -0.4151   2.5636 4.84732 0.00886  0.0088  0.0007  0.0003  49.320  49.930 205.860
 -0.3883   0.2761 5.95767 0.00874  0.0087  0.0000  0.0011  44.120  10.470 221.130
 -0.3879   2.1428 5.17291 0.00894  0.0088  0.0002  0.0013  48.550  45.870 206.490
 -0.3602   2.4252 4.96368 0.00878  0.0088  0.0006  0.0003  41.150  49.410 200.120
 -0.3351 -12.7808  0.0771  0.0160  0.0158 -0.0020  0.0000  13.340  20.110   84.74
 -0.3253  -7.1596 0.58821 0.00655  0.0066 -0.0002  0.0002  27.090  54.780 148.340
 -0.3067  -5.5175 1.93977 0.00878  0.0087  0.0005  0.0011  40.490  63.120 156.960
 -0.2691  -4.2017 3.29433 0.00934  0.0093  0.0001  0.0009  44.570  60.610 165.500
 -0.2562  13.8069  0.1163  0.0147  0.0141  0.0043  0.0001  10.360  37.930   66.20
 -0.2475  -0.2446 5.97620 0.00590  0.0059  0.0003  0.0006  30.100   9.020 224.400
 -0.2423  -8.3583 0.07371 0.00467  0.0047 -0.0002  0.0000  17.580  37.460 149.820
 -0.2215  -6.2701 1.25249 0.00789  0.0079  0.0001  0.0004  28.310  58.450 144.700
 -0.1878  -0.5559 5.93549 0.00872  0.0087 -0.0002  0.0005  44.580  16.220 221.290
 -0.1721  -5.7822 1.69370 0.00849  0.0084  0.0004  0.0008  38.650  62.420 155.650
 -0.1547   7.1937 0.57315 0.00567  0.0057  0.0002  0.0001  20.280  55.190 147.040
 -0.1463   0.7482 5.89432 0.00820  0.0082 -0.0001  0.0006  36.620  22.690 217.970
 -0.1377   0.4827 5.95335 0.00849  0.0085  0.0000  0.0005  37.570  16.630 220.010
 -0.1336   0.3868 5.96787 0.00818  0.0082  0.0004  0.0002  35.930  11.550 220.790
 -0.1161   3.2291 4.28183 0.00829  0.0083  0.0002  0.0003  43.780  56.810 187.570
 -0.0994   6.4464 1.11187 0.00698  0.0070  0.0001  0.0002  31.510  59.600 157.020
 -0.0912   0.7156 5.90473 0.00796  0.0080  0.0000  0.0002  41.040  17.250 223.120
 -0.0850   0.6364 5.92342 0.00810  0.0081  0.0002  0.0001  41.630  14.950 223.110
 -0.0681   8.3550 0.07621 0.00401  0.0040  0.0002  0.0000  15.160  37.690 150.560
 -0.0414  -7.4096 0.45085 0.00580  0.0058 -0.0001  0.0001  20.020  50.600 146.280
 -0.0405  -7.0080 0.69562 0.00660  0.0066  0.0002  0.0003  27.710  54.430 151.000
 -0.0380  -6.0775 1.42933 0.00771  0.0077  0.0005  0.0008  35.130  61.600 156.630
 -0.0303   2.2566 5.11485 0.00865  0.0086 -0.0004  0.0006  46.570  46.720 203.060
 -0.0161   0.1997 5.99262 0.00742  0.0074  0.0000  0.0002  37.960   5.450 226.130
  0.0036  -8.7246 0.01387 0.00392  0.0039  0.0003  0.0000  12.630  32.070 151.580
  0.0248   4.4923 3.00695 0.00857  0.0086 -0.0001 -0.0003  42.320  61.880 169.360
  0.0388   6.0658 1.43973 0.00707  0.0071  0.0002 -0.0005  31.950  60.590 156.330
  0.0519   4.6393 2.85215 0.00809  0.0081  0.0001 -0.0005  39.800  62.230 168.430
  0.0556  -2.8399 4.63994 0.00370  0.0037  0.0003  0.0001  20.060  51.880 198.890
  0.0730  -5.8983 1.59060 0.00748  0.0075  0.0001 -0.0002  29.150  60.830 154.710
  0.0844   1.0279 5.80630 0.00742  0.0074 -0.0001 -0.0002  38.760  25.770 219.330
  0.0852  -6.4426 1.11561 0.00688  0.0069  0.0001 -0.0002  31.330  60.410 157.530
  0.0926   7.9825 0.18604 0.00493  0.0049  0.0001 -0.0001  16.490  46.110 145.310
  0.0931  -0.1829 5.99240 0.00738  0.0074  0.0003 -0.0002  37.580   4.510 224.600
  0.0951  -3.2240 4.28795 0.00822  0.0082  0.0005  0.0000  45.050  56.260 194.820
  0.1142  -6.0710 1.43175 0.00711  0.0071  0.0008  0.0004  28.130  59.820 157.990
  0.1168   7.7319 0.28684 0.00518  0.0052  0.0003 -0.0003  17.640  49.610 145.140
  0.1524  -4.1879 3.31738 0.00821  0.0082  0.0008  0.0003  44.130  62.180 184.120
  0.1541  -2.6376 4.80734 0.00758  0.0076  0.0003 -0.0003  34.890  49.010 196.820
  0.1548  -4.2191 3.28466 0.00773  0.0076  0.0011  0.0006  40.930  62.190 181.260
  0.1562   5.8826 1.60114 0.00747  0.0075 -0.0003 -0.0001  27.030  63.000 141.730
  0.1617   7.3208 0.49741 0.00582  0.0058 -0.0001 -0.0001  19.830  52.370 142.650
  0.1715  -2.8476 4.62653 0.00771  0.0077  0.0008  0.0002  43.080  53.850 201.670
  0.1760   6.0392 1.45680 0.00691  0.0069 -0.0001 -0.0002  24.800  61.930 141.590
  0.1821  -2.3219 5.05778 0.00729  0.0072  0.0008  0.0002  40.230  46.290 209.480
  0.1880  -2.4616 4.94869 0.00731  0.0073  0.0004 -0.0002  39.470  46.800 204.200
  0.1899   6.3551 1.18313 0.00719  0.0072 -0.0001 -0.0002  29.990  60.590 144.770
  0.1925   7.6557 0.32105 0.00550  0.0055  0.0000 -0.0002  18.620  49.460 144.380
  0.1943  -2.8413 4.63057 0.00768  0.0076  0.0008  0.0001  43.090  53.720 202.550
  0.2001  -7.1369 0.60741 0.00585  0.0059  0.0002 -0.0001  24.840  53.350 154.100
  0.2192   3.3849 4.12549 0.00744  0.0074 -0.0004 -0.0001  36.460  58.430 172.260
  0.2456   8.1273 0.13562 0.00444  0.0044  0.0002 -0.0001  17.030  42.100 149.290
  0.2521  -7.2386 0.54217 0.00581  0.0058  0.0002 -0.0001  20.960  53.260 150.370
  0.2667  -8.1437 0.12970 0.00493  0.0049 -0.0001 -0.0001  19.130  41.850 150.640
  0.2759  -7.1245 0.61241 0.00610  0.0061  0.0002 -0.0001  22.050  53.030 150.670
  0.2819  -0.2716 5.97024 0.00622  0.0062 -0.0001 -0.0006  27.170   8.350 220.550
  0.2939   4.7889 2.68056 0.00807  0.0081 -0.0005 -0.0001  37.860  62.520 160.300
  0.2993  -2.5396 4.87760 0.00672  0.0067  0.0008  0.0001  37.310  50.920 203.950
  0.3188   2.5336 4.88081 0.00780  0.0078 -0.0009  0.0000  40.170  49.660 190.890
  0.3248   2.9929 4.48506 0.00704  0.0069 -0.0011  0.0004  35.470  54.320 181.210
  0.3273   6.4171 1.12467 0.00703  0.0070 -0.0003 -0.0002  30.090  59.510 148.940
  0.3414   6.9660 0.71214 0.00635  0.0064 -0.0002 -0.0002  26.570  56.310 148.610
  0.3645  -0.3550 5.95189 0.00620  0.0061 -0.0004 -0.0010  27.110  13.480 219.050
  0.3709   0.3708 5.94863 0.00573  0.0057 -0.0005 -0.0008  29.140  15.730 221.140
  0.3755  -1.6647 5.48052 0.00638  0.0063  0.0009 -0.0004  34.440  35.600 217.480
  0.3845   3.7109 3.78839 0.00773  0.0077 -0.0008  0.0001  37.720  58.720 170.680
  0.4340  -2.1787 5.14049 0.00637  0.0063  0.0010 -0.0004  34.250  45.270 204.690
  0.4437  -1.9307 5.30892 0.00563  0.0056  0.0008 -0.0004  30.670  39.660 214.780
  0.4440  -8.8878 0.00390 0.00384  0.0038  0.0002  0.0000  14.030  28.560 151.710
  0.4547   1.4043 5.60924 0.00484  0.0048 -0.0008 -0.0003  24.490  31.590 207.490
  0.4586  -1.5116 5.55227 0.00556  0.0055  0.0006 -0.0005  29.880  35.170 216.930
  0.4614   1.6018 5.50308 0.00649  0.0064 -0.0010 -0.0004  32.940  36.050 203.340
  0.4744  -0.0354 5.95780 0.00523  0.0052  0.0000 -0.0008  26.380   9.730 221.970
  0.4877  -2.2415 5.08545 0.00586  0.0058  0.0009 -0.0004  31.760  47.930 202.900
  0.4965   5.9661 1.50202 0.00717  0.0072 -0.0003 -0.0003  29.930  63.120 142.560
  0.5557  -2.1387 5.14725 0.00517  0.0051  0.0007 -0.0004  28.380  43.460 211.800
  0.5567  -8.8111 0.00669 0.00394  0.0039  0.0002  0.0000  14.380  28.380 151.650
  0.5611  -5.6622 1.77927 0.00625  0.0062  0.0007  0.0001  30.370  61.850 167.360
  0.5754  -3.0449 4.40755 0.00534  0.0053  0.0004 -0.0007  24.870  53.640 193.480
  0.5853   3.2292 4.23712 0.00601  0.0059 -0.0008 -0.0005  28.790  56.350 170.000
  0.5906  -1.8220 5.35113 0.00557  0.0055  0.0009 -0.0005  29.580  41.270 206.730
  0.5979   3.9133 3.55960 0.00640  0.0064 -0.0006 -0.0002  30.440  59.880 165.330
  0.6017  -7.2728 0.50770 0.00457  0.0046  0.0004  0.0000  19.550  51.950 156.370
  0.6045  -7.4439 0.41037 0.00486  0.0048  0.0006  0.0001  20.650  51.020 156.420
  0.6054  -3.1708 4.28720 0.00556  0.0055  0.0005 -0.0007  25.900  54.050 193.080
  0.6183 -14.6892  0.0829  0.0147  0.0146 -0.0018  0.0000  12.420  23.040   84.83
  0.6254  -3.4925 3.97799 0.00569  0.0056  0.0008 -0.0004  31.220  57.600 194.080
  0.6270  -3.1363 4.31413 0.00499  0.0049  0.0005 -0.0006  27.550  54.320 199.050
  0.6397 -14.4075  0.0826  0.0146  0.0145 -0.0012  0.0000  12.240  22.810   84.42
  0.6418 -13.0122  0.0805  0.0136  0.0136  0.0006  0.0001  11.230  21.610   83.26
  0.6443  -8.4379 0.05020 0.00409  0.0041  0.0003  0.0000  15.620  37.640 151.880
  0.6452   1.0746 5.71724 0.00442  0.0043 -0.0003 -0.0010  19.050  32.550 202.000
  0.6614 -13.7451  0.0816  0.0124  0.0124 -0.0003  0.0000  10.350  22.260   83.85
  0.6654   1.7699 5.36785 0.00528  0.0052 -0.0008 -0.0008  26.320  39.830 195.730
  0.6693 -13.3951  0.0811  0.0152  0.0151  0.0010  0.0001  12.530  21.950   83.29
  0.6871   1.8441 5.31833 0.00510  0.0050 -0.0009 -0.0007  25.200  40.130 193.820
  0.7379  -1.6800 5.40125 0.00409  0.0040  0.0007 -0.0007  21.710  39.180 210.100
  0.7643  -1.3570 5.56606 0.00433  0.0042  0.0008 -0.0007  22.320  36.600 206.040
  0.7643  -0.1928 5.88623 0.00326  0.0031  0.0000 -0.0009  13.930  20.330 210.120
  0.7689   7.0158 0.65671 0.00560  0.0056 -0.0002 -0.0002  22.110  54.840 142.050
  0.7765  -5.5437 1.87191 0.00701  0.0069  0.0011  0.0003  33.320  63.110 161.800
  0.7892   3.3823 4.04699 0.00518  0.0051 -0.0004 -0.0008  24.020  56.950 163.970
  0.7964  -6.8409 0.77261 0.00589  0.0058  0.0009  0.0002  25.760  56.890 154.740
  0.8300   0.9626 5.70896 0.00348  0.0033 -0.0002 -0.0010  17.230  30.570 203.930
  0.8307   4.1544 3.27075 0.00609  0.0060 -0.0004 -0.0010  26.840  61.090 151.810
  0.8351  -0.9299 5.71841 0.00387  0.0037  0.0004 -0.0011  18.290   5.680 208.070
  0.8421   6.6721 0.88964 0.00630  0.0062 -0.0009  0.0001  25.740  58.180 143.530
  0.8536  -1.9121 5.22965 0.00393  0.0038  0.0009 -0.0005  20.190  44.620 196.110
  0.8558   3.4645 3.95130 0.00493  0.0049 -0.0006 -0.0007  22.530  58.190 160.460
  0.8583  -0.5357 5.81406 0.00289  0.0027 -0.0001 -0.0009  14.500  25.310 212.060
  0.8592  -1.0223 5.67876 0.00333  0.0032  0.0005 -0.0008  16.810  31.830 206.590
  0.8619  -0.9973 5.68656 0.00312  0.0030  0.0002 -0.0009  15.840  30.550 209.770
  0.8699   5.2805 2.11919 0.00714  0.0071 -0.0008 -0.0001  24.420  64.090 133.210
  0.8703   6.8494 0.76122 0.00581  0.0058 -0.0005 -0.0001  23.580  56.060 144.430
  0.8731  -1.5046 5.46323 0.00350  0.0034  0.0005 -0.0008  17.830  37.190 202.740
  0.8731   0.8139 5.74188 0.00315  0.0030 -0.0002 -0.0008  15.530  26.200 206.420
  0.8894  -0.1123 5.85267 0.00246  0.0024  0.0000 -0.0008  12.170  21.160 211.450
  0.8946   5.8259 1.59313 0.00678  0.0067 -0.0011  0.0002  26.660  62.930 134.370
  0.9081   8.5945 0.02226 0.00386  0.0038 -0.0005  0.0000  14.220  32.610 150.200
  0.9153  -3.5285 3.87425 0.00493  0.0049  0.0006 -0.0007  25.420  59.510 179.510
  0.9160  -0.4885 5.80396 0.00259  0.0025  0.0000 -0.0008  12.730  26.130 206.110
  0.9167  -3.8571 3.55053 0.00563  0.0055  0.0007 -0.0007  28.580  60.890 175.180
  0.9168  -1.4301 5.48530 0.00290  0.0028  0.0006 -0.0006  14.830  35.600 206.020
  0.9352  -5.9069 1.51427 0.00523  0.0051  0.0010  0.0003  24.280  62.730 158.440
  0.9493   1.1139 5.61602 0.00252  0.0024 -0.0003 -0.0007  12.240  33.010 198.570
  0.9498   5.5301 1.86473 0.00709  0.0070 -0.0012  0.0003  23.430  63.560 129.010
  0.9571   1.0412 5.63963 0.00223  0.0021 -0.0005 -0.0005  10.910  32.820 199.440
  0.9706   4.2891 3.10038 0.00608  0.0060 -0.0004 -0.0011  20.840  63.120 134.280
  0.9713   4.4361 2.95088 0.00621  0.0061 -0.0005 -0.0010  21.000  63.520 132.040
  0.9890  -2.6263 4.67069 0.00325  0.0031  0.0006 -0.0006  16.450  53.310 183.480
  0.9952   0.6651 5.74034 0.00206  0.0020 -0.0002 -0.0006  10.050  27.620 204.120
  0.9988   2.2086 4.98405 0.00290  0.0028 -0.0006 -0.0005  13.580  47.070 176.410
  1.0118  -6.1909 1.25691 0.00609  0.0060  0.0010  0.0002  27.470  60.070 156.370
  1.0127  -1.7366 5.29060 0.00244  0.0023  0.0004 -0.0006  12.610  42.690 200.730
  1.0224   1.5203 5.40381 0.00236  0.0022 -0.0004 -0.0006  11.230  41.330 186.090
  1.0227   7.9285 0.17813 0.00453  0.0045 -0.0005  0.0000  17.530  44.980 147.420
  1.0392   5.8992 1.50930 0.00608  0.0060 -0.0009 -0.0001  24.660  61.810 139.060
  1.0424   7.4793 0.37175 0.00533  0.0053 -0.0008  0.0001  17.200  49.250 137.820
  1.0538  -0.0006 5.79841 0.00182  0.0017 -0.0002 -0.0007   8.850  25.900 203.750
  1.0615  -9.3041  0.0749  0.0136  0.0135  0.0016  0.0000  10.070  22.680   82.08
  1.0753   8.5552 0.02552 0.00353  0.0035 -0.0004  0.0000  11.090  33.680 146.440
  1.1080   4.3900 2.96269 0.00515  0.0050 -0.0003 -0.0011  21.840  61.910 145.470
  1.1098  -8.5756 0.02145 0.00381  0.0038  0.0006  0.0000  12.350  31.890 152.420
  1.1314  -9.5419  0.0757  0.0147  0.0146  0.0012  0.0000  10.860  23.050   81.82
  1.1901  -9.8816  0.0767  0.0134  0.0133  0.0016  0.0000   9.920  23.510   81.90
  1.1957   6.8400 0.74093 0.00567  0.0056 -0.0007  0.0000  21.680  57.290 135.500
  1.2010   7.2754 0.47004 0.00538  0.0053 -0.0008  0.0001  20.900  51.250 142.450
  1.2028   6.4955 0.98728 0.00616  0.0061 -0.0006 -0.0006  19.660  59.160 127.760
  1.2299   3.6423 3.67668 0.00288  0.0028 -0.0001 -0.0008  11.900  61.040 143.040
  1.2638  -3.4742 3.82958 0.00243  0.0023  0.0001 -0.0007  12.590  57.970 182.480
  1.3005   5.5516 1.76915 0.00664  0.0065 -0.0009 -0.0007  24.220  63.610 124.200
  1.3205   3.7338 3.56023 0.00265  0.0025  0.0001 -0.0008  10.840  61.330 141.150
  1.3612   4.6798 2.60110 0.00474  0.0046 -0.0003 -0.0010  19.090  62.730 137.360
  1.3630 -10.6001  0.0787  0.0143  0.0143 -0.0009  0.0000  10.560  24.520   81.27
  1.3708  -6.8815 0.68762 0.00529  0.0052  0.0012  0.0000  21.790  54.340 148.210
  1.3809   8.3989 0.04354 0.00391  0.0039 -0.0004  0.0000  14.340  32.270 149.610
  1.3846  -5.1806 2.09984 0.00483  0.0048  0.0007 -0.0006  20.380  61.860 166.360
  1.3850  -3.2739 3.96591 0.00166  0.0015 -0.0001 -0.0007   8.140  57.600 173.210
  1.3882 -10.9853  0.0796  0.0142  0.0140  0.0019  0.0000  10.550  24.990   81.81
  1.3912  -4.8964 2.37675 0.00523  0.0051  0.0010 -0.0004  23.410  63.500 151.970
  1.4146   8.1827 0.08864 0.00399  0.0040 -0.0005  0.0000  12.560  37.600 143.870
  1.4147  -4.9163 2.35070 0.00497  0.0049  0.0007 -0.0007  22.910  63.540 156.530
  1.4677  -7.9763 0.14412 0.00418  0.0042  0.0003 -0.0002  14.050  40.130 151.610
  1.4693   6.0364 1.30178 0.00643  0.0063 -0.0012 -0.0004  24.580  60.880 131.910
  1.4813   5.7913 1.51022 0.00630  0.0062 -0.0004 -0.0010  19.700  63.130 122.390
  1.5095  -5.2163 2.03310 0.00517  0.0051  0.0006 -0.0008  23.660  63.670 155.160
  1.5168  -5.2474 2.00121 0.00551  0.0054  0.0009 -0.0006  24.350  63.740 149.730
  1.5444  -3.8639 3.34916 0.00240  0.0022 -0.0001 -0.0010  11.430  61.760 163.430
  1.5609  10.7418  0.0794  0.0142  0.0141 -0.0017  0.0000  11.400  21.650   80.90
  1.5609 -10.7418  0.0794  0.0142  0.0141  0.0017  0.0000  11.400  21.650   80.90
  1.5680   6.7053 0.77372 0.00540  0.0053 -0.0004 -0.0006  17.060  57.220 128.380
  1.5719  -8.4744 0.02741 0.00379  0.0038  0.0005 -0.0001  14.110  33.270 151.320
  1.5839  -7.7508 0.21222 0.00438  0.0044  0.0004 -0.0002  15.120  44.050 152.120
  1.5916  -5.5482 1.70167 0.00547  0.0054  0.0008 -0.0007  24.500  62.230 153.160
  1.6025   7.3167 0.40273 0.00502  0.0050 -0.0007 -0.0003  19.330  51.470 141.050
  1.6152  -4.7457 2.46041 0.00326  0.0032  0.0004 -0.0006  16.080  61.880 169.660
  1.6228  -4.8934 2.31472 0.00353  0.0035  0.0004 -0.0007  14.980  61.880 167.450
  1.6514  -6.3349 1.02583 0.00475  0.0047  0.0007 -0.0004  21.420  57.350 159.630
  1.6609  -5.8751 1.39599 0.00535  0.0053  0.0007 -0.0006  23.380  61.490 150.300
  1.6736   4.2873 2.88940 0.00255  0.0022  0.0003 -0.0012   9.280  63.390 124.140
  1.6945  -6.4991 0.89446 0.00450  0.0044  0.0010 -0.0001  19.740  57.710 154.990
  1.7140  -6.1753 1.13668 0.00526  0.0052  0.0006 -0.0006  22.800  60.280 150.270
  1.7233   8.0654 0.10032 0.00377  0.0038 -0.0004 -0.0001  14.100  42.240 145.330
  1.7306   5.2217 1.96708 0.00470  0.0045 -0.0001 -0.0012  17.030  63.240 123.670
  1.7387   5.5176 1.69136 0.00516  0.0051 -0.0007 -0.0007  19.480  61.340 129.970
  1.7503   5.0492 2.12610 0.00426  0.0041  0.0001 -0.0013  13.230  63.970 120.560
  1.7790   1.6070 5.00575 0.00039 -0.0001 -0.0003  0.0002   6.800  48.480 166.730
  1.7891   1.3787 5.11191 0.00061  0.0001 -0.0006  0.0002  13.270  46.410 183.040
  1.7937  -4.4533 2.68037 0.00252  0.0024  0.0001 -0.0009  11.030  63.430 149.000
  1.8053   0.5854 5.36232 0.00040  0.0000 -0.0004  0.0001   9.440  39.880 209.150
  1.8359   6.6419 0.76916 0.00552  0.0054 -0.0011 -0.0002  19.800  57.270 127.050
  1.8414   1.0054 5.22840 0.00040 -0.0002 -0.0003  0.0002   7.490  44.500 182.440
  1.8479   8.2469 0.05338 0.00383  0.0038 -0.0004 -0.0001  14.240  36.780 148.420
  1.8567  -0.9750 5.22817 0.00026  0.0001  0.0002  0.0000   5.480  43.410 183.000
  1.8657   1.9534 4.75840 0.00038 -0.0002 -0.0003  0.0002   6.270  51.400 154.080
  1.8793   2.0993 4.65941 0.00044 -0.0001 -0.0003  0.0003   8.240  52.250 153.300
  1.8813  -9.4780  0.0774  0.0073  0.0072  0.0013  0.0000  29.610  18.390   94.43
  1.8831   0.0966 5.37001 0.00025  0.0000 -0.0002  0.0000   5.850  39.940 204.680
  1.8837   0.5939 5.31237 0.00034  0.0000 -0.0003  0.0001   6.900  40.980 201.760
  1.8888   0.2750 5.35603 0.00026 -0.0001 -0.0002  0.0001   5.830  40.440 196.160
  1.9158  -1.3963 5.02545 0.00030  0.0001  0.0003  0.0001   6.160  46.720 170.960
  1.9219   1.8361 4.79445 0.00047 -0.0001 -0.0004  0.0003   9.360  49.700 162.900
  1.9411  -4.6464 2.43565 0.00217  0.0020  0.0001 -0.0007   8.690  61.630 158.000
  1.9472   2.2953 4.48991 0.00032 -0.0002 -0.0001  0.0002   4.790  55.590 138.730
  1.9648  -1.2100 5.07574 0.00030  0.0001  0.0003  0.0000   5.330  46.240 169.480
  1.9659   7.4742 0.28415 0.00458  0.0045 -0.0010 -0.0001  17.240  48.360 140.490
  1.9752   0.9452 5.16146 0.00051 -0.0001 -0.0005  0.0002  11.470  43.750 192.510
  1.9774  -1.8177 4.77197 0.00030 -0.0001  0.0002  0.0002   4.910  49.280 155.420
  1.9916  -2.2502 4.49248 0.00026 -0.0001  0.0001  0.0002   4.710  54.950 145.960
  2.0278   2.5246 4.27687 0.00035 -0.0002 -0.0002  0.0002   6.060  56.340 137.270
  2.0511   7.5826 0.23178 0.00439  0.0043 -0.0007 -0.0002  13.770  45.790 136.690
  2.0581   2.1431 4.52070 0.00044 -0.0001 -0.0003  0.0003   8.080  54.180 148.690
  2.0713   2.7445 4.08075 0.00033 -0.0002 -0.0002  0.0002   5.730  56.750 135.620
  2.0722   0.6904 5.16667 0.00035 -0.0001 -0.0003  0.0001   8.050  43.800 196.500
  2.0908   7.9381 0.10931 0.00384  0.0038 -0.0003 -0.0002  14.240  42.160 144.210
  2.1022   7.6724 0.19218 0.00419  0.0041 -0.0009 -0.0001  13.190  46.000 137.210
  2.1022  -1.8668 4.66511 0.00030 -0.0001  0.0002  0.0002   5.490  52.010 149.530
  2.1042   1.7007 4.75720 0.00051 -0.0001 -0.0004  0.0003  10.410  51.120 166.580
  2.1054  -5.9899 1.19381 0.00429  0.0042  0.0011 -0.0002  18.620  58.840 152.040
  2.1406   1.2738 4.93403 0.00051 -0.0002 -0.0004  0.0003  10.590  48.520 173.920
  2.1799   0.7271 5.08276 0.00040 -0.0001 -0.0004  0.0002   9.050  47.410 190.460
  2.1801 -10.3903  0.0803  0.0071  0.0071  0.0006  0.0000  28.630  19.680   93.97
  2.1816   0.3306 5.15118 0.00021 -0.0001 -0.0002  0.0001   3.900  44.420 185.640
  2.1818  -2.6952 4.05531 0.00027 -0.0002  0.0000  0.0001   5.160  57.760 150.300
  2.1839   3.7217 3.19197 0.00024  0.0001  0.0001 -0.0002   3.680  61.290 116.520
  2.1915  -1.5092 4.79166 0.00032 -0.0001  0.0002  0.0002   6.260  50.460 160.810
  2.1953   3.0568 3.75526 0.00036 -0.0003  0.0000  0.0002   6.070  59.180 130.450
  2.1982  -1.4003 4.83799 0.00025 -0.0001  0.0002  0.0002   4.970  49.440 165.450
  2.2139  -2.5809 4.12169 0.00034 -0.0002  0.0001  0.0002   5.970  57.420 137.800
  2.2308  -2.2808 4.31841 0.00045 -0.0003  0.0002  0.0003   7.970  55.530 141.540
  2.2313   5.6387 1.43725 0.00424  0.0041 -0.0008 -0.0008  14.770  60.440 120.460
  2.2317  -8.2663 0.03377 0.00335  0.0033  0.0006  0.0000  12.620  31.970 154.440
  2.2430  -1.8289 4.59284 0.00030 -0.0001  0.0002  0.0002   5.640  52.380 152.680
  2.2523   8.1420 0.05320 0.00360  0.0036 -0.0004 -0.0001  13.340  36.750 148.170
  2.2532   1.9871 4.49323 0.00058 -0.0002 -0.0004  0.0004  10.790  54.080 149.380
  2.2651   0.8783 4.98151 0.00044 -0.0002 -0.0004  0.0002   8.190  48.080 177.000
  2.2692   1.3269 4.82198 0.00059 -0.0002 -0.0005  0.0003  12.290  49.600 172.830
  2.2735   4.0337 2.86203 0.00058  0.0003  0.0003 -0.0004   8.880  62.000 116.150
  2.2773   1.3613 4.80089 0.00049 -0.0001 -0.0004  0.0003   8.830  50.980 168.750
  2.2814   1.2393 4.84717 0.00051 -0.0001 -0.0004  0.0003  10.970  50.560 177.900
  2.2889  -0.3823 5.06670 0.00023 -0.0002 -0.0001  0.0001   4.660  46.930 173.390
  2.2977   3.3090 3.48328 0.00038 -0.0003  0.0000  0.0002   6.070  60.380 123.950
  2.3022  -5.2641 1.72696 0.00272  0.0026  0.0003 -0.0008  11.910  62.020 150.400
  2.3184   3.2221 3.54453 0.00032 -0.0003  0.0000  0.0002   5.000  61.160 120.490
  2.3231  -7.0342 0.44758 0.00402  0.0038  0.0012  0.0000  14.090  50.560 148.500
  2.3256   1.9508 4.46699 0.00058 -0.0002 -0.0004  0.0004  10.780  54.160 149.360
  2.3262   2.5441 4.07283 0.00051 -0.0003 -0.0003  0.0004   8.730  56.740 134.750
  2.3517  -7.1282 0.39444 0.00423  0.0041  0.0012  0.0000  14.600  47.150 149.310
  2.3624  -7.2978 0.31386 0.00416  0.0040  0.0010 -0.0001  16.300  48.990 145.790
  2.3691  -5.5543 1.45700 0.00331  0.0032  0.0004 -0.0008  14.100  60.040 148.330
  2.3820   0.2940 5.00313 0.00029 -0.0001 -0.0003  0.0001   5.430  47.490 182.900
  2.3879  -7.2910 0.31374 0.00388  0.0038  0.0008 -0.0001  13.510  47.510 150.350
  2.3933  -0.1031 5.00707 0.00026 -0.0001 -0.0002  0.0001   5.800  47.320 187.970
  2.4155  -0.1836 4.98527 0.00030 -0.0002 -0.0002  0.0001   5.320  47.280 168.840
  2.4223  -2.8448 3.78848 0.00037 -0.0002  0.0001  0.0003   5.460  57.960 134.710
  2.4305  -7.3590 0.27791 0.00432  0.0042  0.0010 -0.0001  16.620  45.140 146.630
  2.4308   2.5460 3.99996 0.00045 -0.0002 -0.0002  0.0003   6.360  59.300 125.620
  2.4453  -4.9611 1.93407 0.00207  0.0019 -0.0001 -0.0009   8.590  62.770 141.500
  2.4511   0.5389 4.91726 0.00041 -0.0002 -0.0003  0.0002   9.060  49.350 183.750
  2.4572  -2.1702 4.23807 0.00031 -0.0002  0.0002  0.0002   5.410  56.010 139.180
  2.4629   4.1924 2.62053 0.00055  0.0003  0.0003 -0.0004   7.790  63.800 107.010
  2.4657   0.4039 4.92812 0.00041 -0.0002 -0.0003  0.0002   9.040  47.440 184.560
  2.4968  -5.3558 1.57312 0.00257  0.0024  0.0001 -0.0009   9.800  60.900 150.640
  2.5189  -2.3758 4.05691 0.00046 -0.0003  0.0002  0.0003   7.850  57.610 133.640
  2.5340  -3.1524 3.47110 0.00032 -0.0003  0.0000  0.0002   5.660  61.280 137.470
  2.5390   6.8207 0.52573 0.00450  0.0044 -0.0008 -0.0006  13.440  52.120 125.280
  2.5493   6.0033 1.04662 0.00385  0.0037 -0.0001 -0.0011  13.090  58.780 119.260
  2.5636   1.2447 4.62891 0.00048 -0.0002 -0.0003  0.0003   9.640  53.360 164.320
  2.5802   4.2193 2.53040 0.00038  0.0002  0.0002 -0.0003   5.440  62.710 108.960
  2.5953  -0.3491 4.82767 0.00027 -0.0002 -0.0002  0.0001   5.340  49.950 165.990
  2.6079   3.0142 3.53298 0.00041 -0.0002 -0.0002  0.0003   6.270  61.020 117.680
  2.6263  -0.4323 4.79381 0.00025 -0.0001 -0.0002  0.0001   5.090  50.180 169.520
  2.6431   1.2799 4.55169 0.00050 -0.0002 -0.0003  0.0003   9.930  52.650 161.020
  2.6432  -0.3984 4.78339 0.00031 -0.0002 -0.0002  0.0002   6.060  50.130 162.020
  2.6545  -2.4618 3.90049 0.00039 -0.0002  0.0002  0.0003   6.610  57.960 132.910
  2.6547  -3.4365 3.15850 0.00029 -0.0003  0.0000  0.0001   4.830  62.240 127.520
  2.6561  -1.4540 4.47188 0.00031 -0.0002  0.0001  0.0002   5.530  54.730 142.080
  2.6607   2.3790 3.95246 0.00056 -0.0003 -0.0003  0.0004   9.290  58.020 130.080
  2.6719   0.9531 4.64432 0.00042 -0.0002 -0.0003  0.0003   7.110  53.000 158.070
  2.6735  -8.2480 0.01907 0.00357  0.0035  0.0007  0.0000  13.430  32.220 154.300
  2.6798   2.3837 3.93542 0.00056 -0.0003 -0.0003  0.0004   9.360  58.070 130.470
  2.6844   8.0262 0.05156 0.00281  0.0028 -0.0003 -0.0001  10.390  36.770 147.940
  2.6891   5.8740 1.09418 0.00372  0.0036 -0.0003 -0.0010  13.140  59.470 122.920
  2.6975  -5.1386 1.67471 0.00205  0.0018 -0.0003 -0.0010   7.260  60.700 140.250
  2.7009   1.8407 4.24463 0.00052 -0.0003 -0.0003  0.0004   9.290  56.250 141.710
  2.7020  -0.0590 4.75885 0.00031 -0.0002 -0.0002  0.0001   6.390  50.200 168.810
  2.7035   3.1455 3.36564 0.00048 -0.0003 -0.0001  0.0003   7.320  60.630 116.680
  2.7059   6.6100 0.60264 0.00442  0.0042 -0.0014 -0.0003  15.530  53.660 126.840
  2.7117   8.3941 0.00657 0.00330  0.0033 -0.0005  0.0000  11.960  27.500 151.150
  2.7263   0.2237 4.72882 0.00033 -0.0002 -0.0002  0.0002   5.510  50.560 156.980
  2.7434  -0.2487 4.71219 0.00033 -0.0002 -0.0001  0.0002   5.280  52.250 148.640
  2.7564  -7.1269 0.32957 0.00431  0.0042  0.0010 -0.0004  16.600  48.840 143.310
  2.7606   0.3816 4.68543 0.00036 -0.0002 -0.0003  0.0002   7.560  52.260 173.260
  2.7642  -1.9442 4.13707 0.00036 -0.0003  0.0001  0.0003   5.430  56.180 135.700
  2.7658   0.7835 4.60677 0.00038 -0.0002 -0.0002  0.0002   7.600  53.180 160.370
  2.7716   1.3158 4.43204 0.00045 -0.0002 -0.0002  0.0003   7.120  55.320 145.840
  2.7806   0.2201 4.68193 0.00032 -0.0002 -0.0002  0.0002   6.350  52.260 161.500
  2.7903   1.6070 4.29638 0.00049 -0.0003 -0.0003  0.0003   7.590  55.760 140.250
  2.7909   6.7468 0.50577 0.00431  0.0042 -0.0010 -0.0004  15.360  51.000 131.010
  2.7952  -3.1624 3.28771 0.00041 -0.0003  0.0001  0.0003   6.470  61.600 119.770
  2.8002   2.1912 3.96648 0.00057 -0.0003 -0.0003  0.0004   9.190  59.130 126.460
  2.8050   6.3119 0.75792 0.00424  0.0041 -0.0009 -0.0006  12.230  57.280 117.190
  2.8330   9.0034  0.1101  0.0108  0.0101 -0.0038  0.0000   7.610  25.510   77.33
  2.8478  -2.4619 3.75900 0.00060 -0.0004  0.0002  0.0004   9.660  59.920 125.740
  2.8512  -2.2820 3.87118 0.00041 -0.0003  0.0002  0.0003   5.890  57.850 129.650
  2.8698  -6.1339 0.85419 0.00343  0.0033  0.0007 -0.0006  11.960  55.180 143.400
  2.8713   6.8890 0.41773 0.00419  0.0041 -0.0008 -0.0005  15.270  51.350 133.780
  2.8730   2.9212 3.41195 0.00044 -0.0003 -0.0001  0.0003   5.290  61.840 106.500
  2.8831   6.4316 0.66244 0.00409  0.0040 -0.0006 -0.0007  12.030  54.670 121.390
  2.8840  -7.9872 0.04736 0.00383  0.0038  0.0007 -0.0001  14.420  37.570 149.640
  2.8855  -1.1260 4.40782 0.00032 -0.0002  0.0000  0.0002   4.520  54.230 132.240
  2.8934   7.4696 0.17603 0.00396  0.0039 -0.0008 -0.0003  14.290  40.650 141.100
  2.9001   1.8554 4.07675 0.00047 -0.0003 -0.0002  0.0003   6.820  57.940 132.030
  2.9104  -6.2467 0.76858 0.00367  0.0035  0.0010 -0.0004  12.690  55.400 142.070
  2.9197  -6.3784 0.68396 0.00407  0.0039  0.0012 -0.0003  15.390  54.190 136.300
  2.9374  -6.2399 0.76491 0.00338  0.0033  0.0007 -0.0005  13.730  55.740 145.360
  2.9525  -0.7403 4.45411 0.00039 -0.0003 -0.0002  0.0002   7.070  54.620 144.920
  2.9584   4.7247 1.89473 0.00082  0.0005  0.0003 -0.0005   9.710  63.220 103.780
  2.9605   4.7926 1.83873 0.00096  0.0007  0.0003 -0.0006  14.120  62.070 112.130
  2.9696  -9.1543  0.0800  0.0133  0.0130  0.0031  0.0000   9.780  24.840   80.64
  2.9761  -4.2567 2.27131 0.00042  0.0002 -0.0002 -0.0003   5.930  63.450 107.550
  2.9776  -1.3033 4.26244 0.00034 -0.0003 -0.0001  0.0002   5.750  54.940 136.540
  2.9780   3.2773 3.06918 0.00038 -0.0002 -0.0002  0.0003   4.660  62.820 106.360
  2.9841  -1.6275 4.12123 0.00041 -0.0003  0.0001  0.0003   5.910  56.420 130.510
  2.9863  -6.5876 0.54444 0.00360  0.0033  0.0013 -0.0001  14.160  53.520 142.750
  2.9891   1.7588 4.05592 0.00046 -0.0003 -0.0002  0.0003   7.740  57.960 131.810
  3.0032   4.5547 2.00859 0.00052  0.0003  0.0002 -0.0004   7.120  63.960 104.040
  3.0096   2.8063 3.39471 0.00047 -0.0003 -0.0002  0.0003   5.880  61.870 109.330
  3.0331   2.2340 3.75161 0.00056 -0.0003 -0.0002  0.0004   8.800  59.180 123.090
  3.0374  -6.9252 0.36567 0.00348  0.0034  0.0009 -0.0003  13.620  47.590 147.410
  3.0421   1.2906 4.21073 0.00047 -0.0003 -0.0002  0.0003   8.340  56.360 141.000
  3.0529   1.6405 4.05577 0.00043 -0.0003 -0.0002  0.0003   6.250  57.790 129.840
  3.0600   1.7546 3.99831 0.00051 -0.0003 -0.0002  0.0004   8.560  57.850 131.900
  3.0653  -7.8738 0.05488 0.00316  0.0031  0.0006 -0.0001  10.320  36.080 150.680
  3.0729  -1.4068 4.13708 0.00037 -0.0003  0.0000  0.0002   5.070  56.350 125.890
  3.0924   3.7260 2.64191 0.00041 -0.0004  0.0001  0.0002   5.920  62.430 109.220
  3.1071  -1.1508 4.20643 0.00043 -0.0003 -0.0001  0.0003   7.020  56.850 129.950
  3.1162  -4.5374 1.95948 0.00053  0.0004 -0.0002 -0.0003   8.080  62.610 117.030
  3.1167  -3.2362 2.99904 0.00043 -0.0003  0.0001  0.0003   6.550  62.470 115.840
  3.1190  -8.2529 0.00665 0.00305  0.0030  0.0007  0.0000  11.240  27.130 154.420
  3.1192   3.5152 2.78685 0.00039 -0.0003  0.0000  0.0002   4.580  63.430 102.520
  3.1215   2.4875 3.52578 0.00035 -0.0002 -0.0001  0.0003   5.170  60.870 114.180
  3.1560   2.5076 3.48475 0.00048 -0.0003 -0.0002  0.0004   6.010  61.460 109.630
  3.1642  -2.5023 3.48118 0.00057 -0.0004  0.0001  0.0004   8.530  60.990 115.920
  3.1644   4.9542 1.60417 0.00101  0.0007  0.0004 -0.0006  12.030  62.720 104.360
  3.1778   1.2942 4.08868 0.00043 -0.0003 -0.0002  0.0003   7.220  57.650 132.210
  3.1808   3.6499 2.64011 0.00038 -0.0003  0.0000  0.0002   5.090  63.590 102.410
  3.1992   9.1850  0.1115  0.0113  0.0107 -0.0038  0.0000   7.940  26.110   76.61
  3.2086   5.0147 1.53391 0.00108  0.0008  0.0003 -0.0006  15.870  61.640 112.570
  3.2113  -7.4016 0.15484 0.00344  0.0033  0.0010 -0.0002  13.140  40.470 149.950
  3.2141  -0.8466 4.19107 0.00040 -0.0003 -0.0001  0.0002   6.730  56.770 134.070
  3.2265  -1.9041 3.77843 0.00050 -0.0004  0.0000  0.0003   6.830  58.080 123.130
  3.2598  -7.7559 0.06124 0.00369  0.0036  0.0008 -0.0002  13.730  37.360 147.970
  3.2614  -9.7828  0.0821  0.0120  0.0118  0.0022  0.0000   8.780  25.780   80.04
  3.2929  -1.7210 3.80578 0.00043 -0.0003 -0.0001  0.0003   5.820  58.160 122.820
  3.3101  -4.7934 1.65157 0.00095  0.0007 -0.0002 -0.0006  14.920  62.160 120.190
  3.3412   1.5058 3.85493 0.00048 -0.0003 -0.0001  0.0003   6.260  59.190 115.510
  3.3413   1.5059 3.85479 0.00049 -0.0003 -0.0001  0.0004   6.340  59.190 115.180
  3.3441   7.4237 0.12973 0.00366  0.0035 -0.0011 -0.0002  13.160  40.970 140.430
  3.3504   2.3678 3.40644 0.00058 -0.0004 -0.0001  0.0004   7.720  61.630 102.170
  3.3509   0.9044 4.04829 0.00033 -0.0002 -0.0001  0.0002   5.570  57.580 134.090
  3.3595   5.3523 1.21445 0.00198  0.0017  0.0003 -0.0010  24.040  60.350 107.830
  3.3722   9.5881  0.1136  0.0123  0.0108 -0.0059  0.0000   8.610  26.700   76.43
  3.3857   6.9310 0.29125 0.00358  0.0035 -0.0006 -0.0004  12.980  48.230 135.750
  3.3981   7.7705 0.04691 0.00326  0.0032 -0.0006 -0.0001  10.220  37.880 143.090
  3.4030   5.3275 1.21214 0.00161  0.0014  0.0002 -0.0008  23.690  59.170 114.370
  3.4109   1.2804 3.88179 0.00051 -0.0004 -0.0001  0.0004   7.760  58.210 118.760
  3.4174  -4.7036 1.66243 0.00060  0.0005 -0.0001 -0.0003   8.670  60.760 127.480
  3.4323 -10.1266  0.0834  0.0114  0.0111  0.0025  0.0000   8.310  26.290   80.00
  3.4378   3.5366 2.54000 0.00047 -0.0004 -0.0001  0.0003   6.450  62.650 103.860
  3.4654  -1.2302 3.84809 0.00050 -0.0004 -0.0001  0.0003   7.850  58.680 123.210
  3.4810   2.7847 3.04094 0.00058 -0.0004 -0.0001  0.0004   7.720  61.630 102.470
  3.4966 -10.4754  0.0843  0.0116  0.0115  0.0013  0.0000   8.470  26.710   79.69
  3.5006   5.0917 1.33094 0.00107  0.0009  0.0001 -0.0005  14.890  61.790 106.750
  3.5032   3.3404 2.63570 0.00052 -0.0004  0.0000  0.0003   6.920  63.600 102.060
  3.5053  -5.1324 1.29918 0.00123  0.0010 -0.0002 -0.0007  19.780  61.470 123.580
  3.5452  -1.0592 3.81995 0.00045 -0.0003 -0.0002  0.0003   6.340  58.360 126.490
  3.5704  -0.1842 3.94569 0.00034 -0.0002 -0.0001  0.0002   4.860  58.260 127.620
  3.5794  -0.7764 3.85888 0.00044 -0.0003 -0.0002  0.0002   7.640  58.700 135.530
  3.5809   2.1182 3.35263 0.00060 -0.0004 -0.0001  0.0004   8.250  60.690 105.670
  3.6282   9.8825  0.1155  0.0123  0.0104 -0.0065  0.0000   8.600  27.280   76.30
  3.6289  -1.7580 3.47990 0.00060 -0.0005 -0.0001  0.0004   8.610  60.880 111.420
  3.6418  -0.6603 3.82425 0.00044 -0.0003 -0.0001  0.0003   6.100  58.410 123.880
  3.6475  14.3875  0.0910  0.0132  0.0131 -0.0015  0.0000  10.790  26.910   81.01
  3.6475 -14.3875  0.0910  0.0132  0.0131  0.0015  0.0000  10.790  26.910   81.01
  3.6615   0.2874 3.84655 0.00037 -0.0003  0.0000  0.0003   4.620  58.760 111.630
  3.6681   3.3980 2.47089 0.00052 -0.0004  0.0000  0.0003   6.050  63.330 100.800
  3.6864   9.1650  0.1124  0.0063  0.0061 -0.0014  0.0000  24.020  16.970   89.91
  3.6895  14.0880  0.0910  0.0133  0.0133 -0.0008  0.0000  10.900  26.760   81.11
  3.6895 -14.0880  0.0910  0.0133  0.0133  0.0008  0.0000  10.900  26.760   81.11
  3.7121   5.7811 0.78541 0.00225  0.0021 -0.0002 -0.0007  27.920  57.110 112.530
  3.7197  -6.1236 0.59245 0.00279  0.0026  0.0007 -0.0005  10.560  53.370 137.330
  3.7256   2.6826 2.89624 0.00059 -0.0004  0.0000  0.0004   6.910  62.980 101.660
  3.7263   2.3527 3.09106 0.00059 -0.0004  0.0000  0.0004   6.940  62.580 102.710
  3.7280  11.8646  0.0891  0.0118  0.0118 -0.0008  0.0000   9.490  25.570   79.97
  3.7280 -11.8646  0.0891  0.0118  0.0118  0.0008  0.0000   9.490  25.570   79.97
  3.7288  11.5390  0.0882  0.0134  0.0133 -0.0012  0.0000  10.700  25.420   79.79
  3.7288 -11.5390  0.0882  0.0134  0.0133  0.0012  0.0000  10.700  25.420   79.79
  3.7363   6.8500 0.25639 0.00334  0.0033 -0.0005 -0.0004  10.090  45.570 131.850
  3.7419  13.7838  0.0910  0.0122  0.0122 -0.0007  0.0000   9.970  26.630   80.86
  3.7419 -13.7838  0.0910  0.0122  0.0122  0.0007  0.0000   9.970  26.630   80.86
  3.7612   9.5795  0.1144  0.0070  0.0068 -0.0015  0.0000  26.660  17.670   89.86
  3.7794   1.9579 3.24815 0.00062 -0.0004 -0.0001  0.0004   7.170  62.030 101.710
  3.7796  13.4892  0.0909  0.0125  0.0124 -0.0015  0.0000  10.140  26.490   80.51
  3.7796 -13.4892  0.0909  0.0125  0.0124  0.0015  0.0000  10.140  26.490   80.51
  3.7797   7.3594 0.09282 0.00332  0.0033 -0.0005 -0.0003  11.990  36.310 144.590
  3.7825   5.4636 0.94949 0.00172  0.0016  0.0000 -0.0007  25.200  57.800 115.320
  3.7890  -1.4440 3.46191 0.00065 -0.0005 -0.0002  0.0004   9.760  60.460 115.960
  3.7998  -6.5331 0.37260 0.00287  0.0027  0.0008 -0.0004  10.880  47.560 142.550
  3.8030   3.0621 2.59698 0.00065 -0.0005  0.0000  0.0004   8.630  63.530 101.480
  3.8063  -1.9002 3.24917 0.00065 -0.0005 -0.0001  0.0004   9.360  61.170 111.410
  3.8111  -7.3738 0.08687 0.00309  0.0030  0.0007 -0.0002  11.640  36.050 151.480
  3.8145  11.1279  0.0871  0.0132  0.0131 -0.0013  0.0000  10.490  25.340   79.46
  3.8145 -11.1279  0.0871  0.0132  0.0131  0.0013  0.0000  10.490  25.340   79.46
  3.8213   4.6443 1.48577 0.00039  0.0003  0.0001 -0.0002   5.510  60.310 108.340
  3.8280   1.4877 3.40670 0.00054 -0.0004  0.0000  0.0004   6.980  61.430 114.180
  3.8337  -6.8675 0.23180 0.00272  0.0027  0.0006 -0.0003  10.510  44.260 148.360
  3.8344   9.9140  0.1161  0.0069  0.0067 -0.0016  0.0000  26.320  18.220   89.69
  3.8426  10.1396  0.1171  0.0117  0.0115 -0.0026  0.0000   8.210  27.780   76.02
  3.8518   3.3063 2.39870 0.00064 -0.0005  0.0000  0.0004   8.710  62.300 103.260
  3.8576  10.7219  0.0862  0.0127  0.0126 -0.0017  0.0000  10.070  25.270   79.03
  3.8576 -10.7219  0.0862  0.0127  0.0126  0.0017  0.0000  10.070  25.270   79.03
  3.8706  -2.0504 3.11957 0.00065 -0.0005 -0.0002  0.0004   9.360  61.960 110.150
  3.8843  -7.2690 0.10182 0.00328  0.0031  0.0010 -0.0001  10.770  40.490 147.850
  3.8869  10.1684  0.1173  0.0073  0.0071 -0.0015  0.0000  27.920  18.650   89.63
  3.8927  -3.4816 2.24631 0.00051 -0.0004 -0.0001  0.0003   7.300  63.340 107.610
  3.9037   2.5667 2.81295 0.00076 -0.0006  0.0000  0.0005  10.490  62.090 105.460
  3.9043   2.5601 2.81623 0.00074 -0.0006  0.0000  0.0005  10.230  62.080 105.100
  3.9066   2.5706 2.80825 0.00077 -0.0006  0.0000  0.0005  10.570  62.100 104.320
  3.9259   2.9418 2.56786 0.00075 -0.0006 -0.0001  0.0005   9.950  62.600 100.880
  3.9375   1.8610 3.14296 0.00070 -0.0005  0.0000  0.0005   9.380  61.450 102.540
  3.9653 -14.4028  0.0920  0.0152  0.0152  0.0010  0.0000  13.810   9.070   94.40
  3.9653  14.4028  0.0920  0.0152  0.0152 -0.0010  0.0000  13.810   9.070   94.40
  3.9800   5.6200 0.77205 0.00186  0.0018 -0.0002 -0.0006  26.850  57.090 114.100
  4.0149  10.3638  0.1185  0.0124  0.0109 -0.0059  0.0000   8.650  28.190   75.63
  4.0338   5.9461 0.57429 0.00238  0.0023 -0.0003 -0.0007  36.550  53.710 123.630
  4.0359   3.7994 1.92285 0.00045 -0.0004  0.0002  0.0002   6.070  62.940 103.060
  4.0371  -6.5040 0.32170 0.00299  0.0029  0.0007 -0.0005   9.730  47.510 140.710
  4.0432  -4.7664 1.27751 0.00067  0.0006  0.0000 -0.0004  10.030  59.600 116.560
  4.0586   5.8951 0.59256 0.00238  0.0023 -0.0003 -0.0007  30.140  54.750 116.510
  4.0752  -3.3199 2.21494 0.00050 -0.0004 -0.0002  0.0002   6.080  61.920 107.170
  4.0880   2.5025 2.68948 0.00081 -0.0006  0.0000  0.0005  11.140  63.340 104.210
  4.1147   9.7739  0.0847  0.0121  0.0121 -0.0009  0.0000   9.530  25.410   78.20
  4.1147  -9.7739  0.0847  0.0121  0.0121  0.0009  0.0000   9.530  25.410   78.20
  4.1230   7.2503 0.07995 0.00322  0.0031 -0.0007 -0.0002   9.880  37.510 140.190
  4.1262   2.7700 2.50082 0.00082 -0.0006  0.0001  0.0005  11.340  63.750 105.390
  4.1749  16.0486  0.0927  0.0124  0.0124 -0.0005  0.0000  10.310  28.850   81.90
  4.1749 -16.0486  0.0927  0.0124  0.0124  0.0005  0.0000  10.310  28.850   81.90
  4.1760   9.5344  0.0840  0.0111  0.0108 -0.0026  0.0000   8.630  25.450   77.32
  4.1760  -9.5344  0.0840  0.0111  0.0108  0.0026  0.0000   8.630  25.450   77.32
  4.1804  -6.9763 0.13606 0.00302  0.0029  0.0010 -0.0002   9.690  40.270 144.560
  4.1889   6.2048 0.40283 0.00223  0.0022 -0.0002 -0.0005  34.920  51.400 128.200
  4.1982  16.6853  0.0925  0.0108  0.0108 -0.0004  0.0000   9.060  29.370   82.35
  4.1982 -16.6853  0.0925  0.0108  0.0108  0.0004  0.0000   9.060  29.370   82.35
  4.2005  15.3454  0.0928  0.0153  0.0152 -0.0014  0.0000  12.610  28.340   81.30
  4.2005 -15.3454  0.0928  0.0153  0.0152  0.0014  0.0000  12.610  28.340   81.30
  4.2016  14.9689  0.0929  0.0117  0.0117 -0.0002  0.0000   9.590  28.070   81.17
  4.2016 -14.9689  0.0929  0.0117  0.0117  0.0002  0.0000   9.590  28.070   81.17
  4.2160  -3.2405 2.14897 0.00080 -0.0006 -0.0001  0.0005  10.650  63.030 101.850
  4.2216  -1.9586 2.83054 0.00094 -0.0007 -0.0003  0.0005  13.440  62.540 108.840
  4.2545   0.1807 3.24594 0.00062 -0.0004  0.0000  0.0005   8.150  61.510 114.950
  4.2565   3.0370 2.23592 0.00089 -0.0007  0.0001  0.0005  12.110  62.680 103.400
  4.2666  -3.5769 1.90773 0.00043 -0.0004 -0.0002  0.0002   5.320  61.490 108.240
  4.2701   3.1592 2.15314 0.00084 -0.0007  0.0000  0.0005  11.080  62.450 100.140
  4.3087   1.6033 2.89740 0.00092 -0.0007  0.0001  0.0006  13.460  61.930 112.050
  4.3406  -1.4086 2.92817 0.00068 -0.0005 -0.0002  0.0004   8.420  61.800 109.410
  4.3463  -8.6346  0.0818  0.0058  0.0058  0.0004  0.0000  22.600  16.040   92.20
  4.3752   3.5895 1.81695 0.00063 -0.0005  0.0001  0.0003   8.550  63.020 103.430
  4.3838   5.6473 0.59924 0.00191  0.0018 -0.0005 -0.0004  28.430  53.660 120.070
  4.3968  -8.1237  0.0807  0.0139  0.0136  0.0025  0.0000  10.020  25.770   79.12
  4.4097  -0.3060 3.07473 0.00080 -0.0006 -0.0001  0.0006   9.320  61.700 102.810
  4.4266  -0.6626 3.02084 0.00079 -0.0005 -0.0002  0.0005  10.150  61.720 113.090
  4.4538   6.0079 0.40661 0.00231  0.0022 -0.0006 -0.0004  30.390  52.420 122.480
  4.4576   6.9904 0.08943 0.00286  0.0028 -0.0006 -0.0003  10.150  37.330 141.730
  4.4625  -2.9823 2.09681 0.00073 -0.0006 -0.0002  0.0004  10.160  62.420 105.900
  4.4831   5.9492 0.42308 0.00226  0.0021 -0.0006 -0.0005  34.200  52.330 123.470
  4.4991  -3.6565 1.68426 0.00051 -0.0004 -0.0002  0.0002   7.220  61.140 108.110
  4.5013  -1.4040 2.76849 0.00095 -0.0007 -0.0003  0.0006  13.640  62.360 109.750
  4.5253   1.2563 2.78617 0.00096 -0.0007  0.0003  0.0006  15.560  62.250 123.940
  4.5469   6.4056 0.23106 0.00275  0.0026 -0.0008 -0.0004  43.170  44.590 134.120
  4.5572  -1.7170 2.61186 0.00111 -0.0008 -0.0004  0.0006  15.630  62.600 108.160
  4.5700  -1.7936 2.56814 0.00112 -0.0008 -0.0003  0.0007  13.310  62.470 104.230
  4.5782  -1.9278 2.50428 0.00122 -0.0009 -0.0004  0.0007  16.890  63.280 105.340
  4.5821 -14.9637  0.0939  0.0123  0.0123  0.0003  0.0000  11.280  10.520   94.89
  4.5821  14.9637  0.0939  0.0123  0.0123 -0.0003  0.0000  11.280  10.520   94.89
  4.5850   0.4595 2.87855 0.00092 -0.0006  0.0002  0.0006  13.350  62.390 127.470
  4.6083  10.4316  0.1204  0.0064  0.0062 -0.0018  0.0000  24.340  18.970   88.76
  4.6132  -3.0144 1.95465 0.00109 -0.0009 -0.0002  0.0006  14.490  62.360 101.600
  4.6203   5.2632 0.69525 0.00134  0.0012 -0.0003 -0.0004  19.310  53.350 116.550
  4.6243  -3.3373 1.76728 0.00080 -0.0007 -0.0003  0.0004  11.170  62.090 107.030
  4.6249   0.0214 2.86859 0.00087 -0.0006 -0.0001  0.0006   8.620  62.350  86.500
  4.6254  -2.0968 2.38886 0.00123 -0.0009 -0.0004  0.0007  17.020  62.380 106.200
  4.6314  -1.0655 2.72909 0.00103 -0.0007 -0.0003  0.0007  12.590  62.210 106.780
  4.6443  -2.7253 2.08723 0.00109 -0.0009 -0.0004  0.0005  13.050  62.170 104.610
  4.6612 -16.5860  0.0938  0.0103  0.0102  0.0006  0.0000   9.660  13.310   97.21
  4.6612  16.5860  0.0938  0.0103  0.0102 -0.0006  0.0000   9.660  13.310   97.21
  4.6754 -10.5783  0.0878  0.0061  0.0061  0.0007  0.0000  24.210  19.350   92.00
  4.7023  -0.4297 2.75909 0.00090 -0.0006 -0.0002  0.0006  11.090  62.440 107.340
  4.7113  -0.4228 2.75031 0.00088 -0.0006 -0.0003  0.0006  11.020  62.450 109.330
  4.7119   3.4904 1.61612 0.00093 -0.0008  0.0003  0.0005  12.850  61.430 105.560
  4.7124  -0.9078 2.68500 0.00104 -0.0007 -0.0003  0.0007  12.840  62.310 107.960
  4.7283  -0.4317 2.73179 0.00095 -0.0007 -0.0002  0.0007  11.350  62.500 104.430
  4.7445   6.9425 0.06149 0.00306  0.0030 -0.0005 -0.0003  49.250  36.600 143.500
  4.7640  -2.1370 2.24333 0.00134 -0.0010 -0.0004  0.0008  15.920  62.480 104.020
  4.7649  -8.9899  0.0839  0.0102  0.0102  0.0002  0.0000   7.280  26.910   78.19
  4.7717   4.9300 0.79053 0.00086  0.0008 -0.0002 -0.0003  12.250  56.900 112.470
  4.7868  -1.3179 2.50536 0.00131 -0.0009 -0.0005  0.0008  16.100  62.780 107.350
  4.7885   8.1582  0.1087  0.0060  0.0060 -0.0001  0.0000  22.720  14.970   89.83
  4.8039  -2.5699 2.01923 0.00120 -0.0009 -0.0004  0.0007  16.480  62.690 104.570
  4.8331  -5.0872 0.68335 0.00112  0.0010  0.0005 -0.0003  17.270  53.200 124.700
  4.8395   3.7623 1.37737 0.00058 -0.0005  0.0001  0.0003   7.950  61.460 105.590
  4.8398 -10.9183  0.0889  0.0069  0.0068  0.0013  0.0000  27.440  19.910   92.05
  4.8407   6.1990 0.22990 0.00242  0.0023 -0.0008 -0.0003  32.220  45.620 129.430
  4.8507  -1.8947 2.26220 0.00152 -0.0011 -0.0006  0.0008  21.310  63.090 106.840
  4.8804  -1.4820 2.36722 0.00124 -0.0009 -0.0004  0.0008  14.860  62.380 104.790
  4.8917  -2.4592 1.98929 0.00146 -0.0011 -0.0004  0.0008  17.040  62.540 102.160
  4.9122   9.1278  0.0847  0.0105  0.0104 -0.0013  0.0000   8.180  26.460   77.62
  4.9122  -9.1278  0.0847  0.0105  0.0104  0.0013  0.0000   8.180  26.460   77.62
  4.9312   4.9135 0.71736 0.00089  0.0008 -0.0003 -0.0003  12.930  56.130 115.610
  4.9502  -4.6705 0.83082 0.00080  0.0007  0.0004 -0.0001  10.300  55.340 118.290
  4.9523   8.7817  0.0838  0.0096  0.0096 -0.0006  0.0000   7.470  26.470   77.43
  4.9523  -8.7817  0.0838  0.0096  0.0096  0.0006  0.0000   7.470  26.470   77.43
  4.9526 -11.2433  0.0901  0.0060  0.0060  0.0009  0.0000  23.850  20.430   91.83
  4.9728   8.4041  0.0827  0.0094  0.0094 -0.0006  0.0000   7.310  26.500   77.32
  4.9728  -8.4041  0.0827  0.0094  0.0094  0.0006  0.0000   7.310  26.500   77.32
  4.9744  -1.2712 2.33172 0.00144 -0.0010 -0.0005  0.0009  20.940  62.880 110.340
  4.9776   6.5600 0.10272 0.00278  0.0027 -0.0008 -0.0003  45.050  41.050 140.910
  4.9831   0.3851 2.47151 0.00110 -0.0008  0.0002  0.0008  16.840  62.930 115.950
  4.9857  -4.6656 0.81505 0.00086  0.0006  0.0006  0.0000  12.360  56.460 113.930
  4.9930  -5.4141 0.47079 0.00170  0.0015  0.0007 -0.0003  26.820  50.890 130.050
  5.0045   2.8419 1.72592 0.00140 -0.0011  0.0004  0.0008  19.950  61.220 109.330
  5.0372  -8.1042  0.0820  0.0070  0.0070 -0.0005  0.0000  27.150  15.000   91.46
  5.0412   3.5182 1.35853 0.00084 -0.0007  0.0003  0.0004  11.810  61.460 108.880
  5.0568  -1.7788 2.11038 0.00156 -0.0011 -0.0005  0.0009  18.490  62.380 103.800
  5.0951   3.4530 1.35196 0.00108 -0.0009  0.0004  0.0005  15.220  60.580 109.290
  5.1075  -4.6237 0.77300 0.00070  0.0006  0.0004 -0.0001  10.450  55.780 119.780
  5.1304 -11.8986  0.0927  0.0068  0.0067  0.0009  0.0000  26.710  21.520   91.52
  5.1341  -8.8617  0.0844  0.0102  0.0101  0.0013  0.0000   8.580   6.330   87.49
  5.1341   8.8617  0.0844  0.0102  0.0101 -0.0013  0.0000   8.580   6.330   87.49
  5.1345  -5.0993 0.54327 0.00130  0.0011  0.0006 -0.0002  17.560  53.400 125.390
  5.1453  -7.6812  0.0816  0.0132  0.0131  0.0019  0.0000  10.950   7.360   86.16
  5.1453   7.6812  0.0816  0.0132  0.0131 -0.0019  0.0000  10.950   7.360   86.16
  5.1525  -5.8224 0.26778 0.00220  0.0020  0.0010 -0.0003  35.280  44.180 137.300
  5.1526  -8.1100  0.0823  0.0126  0.0125  0.0014  0.0000  10.520   6.970   87.07
  5.1526   8.1100  0.0823  0.0126  0.0125 -0.0014  0.0000  10.520   6.970   87.07
  5.1860   5.3038 0.43935 0.00142  0.0013 -0.0006 -0.0003  18.340  52.160 120.450
  5.1900   2.3442 1.77473 0.00147 -0.0011  0.0005  0.0008  22.410  62.990 116.330
  5.1939   1.4295 2.07594 0.00146 -0.0010  0.0005  0.0009  23.220  62.610 121.600
  5.2033   1.8051 1.96316 0.00137 -0.0010  0.0005  0.0008  22.120  62.430 123.440
  5.2047  -6.1411 0.16373 0.00235  0.0022  0.0008 -0.0003  38.310  40.390 143.170
  5.2469  -2.1395 1.80531 0.00163 -0.0012 -0.0007  0.0008  19.360  61.930 104.370
  5.2483   2.2538 1.75951 0.00157 -0.0012  0.0005  0.0009  20.560  62.970 114.610
  5.2508   0.7370 2.16477 0.00116 -0.0008  0.0002  0.0008  17.180  62.490 112.810
  5.2621   6.3123 0.11116 0.00265  0.0025 -0.0010 -0.0002  36.300  41.980 136.080
  5.2686  -0.0141 2.20467 0.00121 -0.0009  0.0000  0.0009  13.200  62.380  95.730
  5.2789  -1.4781 1.98136 0.00164 -0.0012 -0.0006  0.0010  23.730  63.070 109.710
  5.2993   4.6393 0.66969 0.00076  0.0006 -0.0005  0.0000  11.320  53.430 119.710
  5.2994  -1.9413 1.83364 0.00175 -0.0013 -0.0006  0.0010  24.110  62.500 105.080
  5.3109  -0.8863 2.08686 0.00134 -0.0009 -0.0004  0.0009  16.160  62.640 105.750
  5.3146  -0.4515 2.12969 0.00139 -0.0010 -0.0003  0.0010  15.350  62.550  96.940
  5.3542   3.1325 1.31874 0.00124 -0.0010  0.0005  0.0005  18.030  61.510 111.770
  5.3685   6.7050 0.03132 0.00317  0.0031 -0.0005 -0.0002  50.710  32.320 145.940
  5.4170   3.4017 1.15006 0.00110 -0.0009  0.0004  0.0005  15.600  59.310 110.530
  5.4211  -4.4461 0.69271 0.00075  0.0004  0.0006  0.0000  10.910  53.860 116.830
  5.4896  -0.6740 1.93524 0.00155 -0.0011 -0.0003  0.0011  20.700  62.040 102.140
  5.5575   1.6438 1.68005 0.00162 -0.0012  0.0006  0.0009  25.260  61.340 119.450
  5.5684   4.8475 0.46397 0.00108  0.0008 -0.0007 -0.0001  16.390  51.110 124.010
  5.5704  -1.8924 1.60326 0.00164 -0.0012 -0.0005  0.0010  19.280  61.360 103.760
  5.5741   7.6431  0.1078  0.0102  0.0102 -0.0011  0.0000   7.170  27.880   76.04
  5.5963  11.8998  0.0941  0.0117  0.0116 -0.0015  0.0000   9.230  28.230   77.73
  5.5963 -11.8998  0.0941  0.0117  0.0116  0.0015  0.0000   9.230  28.230   77.73
  5.6125  -5.7568 0.16287 0.00211  0.0019  0.0008 -0.0003  29.290  40.150 139.370
  5.6396  10.5343  0.0898  0.0116  0.0115 -0.0019  0.0000   9.100  27.860   77.16
  5.6396 -10.5343  0.0898  0.0116  0.0115  0.0019  0.0000   9.100  27.860   77.16
  5.6425   0.8524 1.76885 0.00150 -0.0011  0.0005  0.0009  24.040  62.310 122.400
  5.6556   7.0502  0.1074  0.0071  0.0070 -0.0012  0.0000  26.730  13.270   88.99
  5.6629   2.8896 1.18085 0.00137 -0.0011  0.0005  0.0006  20.560  59.970 116.480
  5.7437   5.0294 0.33265 0.00145  0.0010 -0.0011  0.0000  22.470  47.980 129.320
  5.7496   2.7583 1.16225 0.00175 -0.0014  0.0007  0.0008  25.990  59.310 115.840
  5.7847  -4.1937 0.60041 0.00049  0.0000  0.0005  0.0002   7.430  54.160 121.150
  5.7857   0.4160 1.67480 0.00129 -0.0009  0.0002  0.0009  16.240  61.590 111.030
  5.7915   1.2928 1.55283 0.00157 -0.0011  0.0006  0.0009  24.920  61.620 121.480
  5.8016  -2.6761 1.15303 0.00163 -0.0013 -0.0006  0.0008  22.830  59.270 109.230
  5.8086   7.3445  0.1077  0.0067  0.0067 -0.0002  0.0000  25.410  13.830   89.16
  5.8140  -2.5651 1.18200 0.00184 -0.0014 -0.0008  0.0008  25.590  59.610 108.200
  5.8151  -0.1398 1.66472 0.00146 -0.0011  0.0000  0.0010  15.380  61.420  92.750
  5.8381   1.8357 1.38534 0.00198 -0.0015  0.0008  0.0011  30.880  60.590 120.320
  5.8537  -7.1494  0.0821  0.0075  0.0074  0.0007  0.0000  28.720  13.400   91.07
  5.8684   7.8847  0.1078  0.0117  0.0117  0.0003  0.0000   8.140  28.440   75.39
  5.8717  -0.0266 1.61727 0.00158 -0.0012  0.0000  0.0011  19.140  61.600  92.850
  5.8799 -11.3864  0.0932  0.0131  0.0129  0.0020  0.0000  11.300   7.630   90.06
  5.8799  11.3864  0.0932  0.0131  0.0129 -0.0020  0.0000  11.300   7.630   90.06
  5.8826   4.4127 0.47574 0.00067  0.0002 -0.0006  0.0001  10.610  51.080 130.350
  5.8887  -5.3235 0.20065 0.00211  0.0016  0.0014 -0.0001  33.060  45.320 133.130
  5.9100   0.4248 1.55879 0.00141 -0.0010  0.0003  0.0009  20.980  61.670 113.680
  5.9249  -5.4285 0.16525 0.00208  0.0016  0.0014 -0.0001  28.600  40.150 137.900
  5.9370   7.7368  0.1076  0.0061  0.0061 -0.0005  0.0000  22.890  14.560   88.97
  5.9549  -7.4176  0.0828  0.0073  0.0073  0.0004  0.0000  27.950  13.900   90.90
  5.9620  -4.4124 0.44035 0.00090  0.0005  0.0008  0.0001  13.890  51.100 126.310
  5.9782   4.6779 0.35240 0.00102  0.0007 -0.0008  0.0000  16.040  48.710 131.040
  5.9792  -2.0989 1.20382 0.00192 -0.0015 -0.0008  0.0010  27.350  59.440 110.690
  5.9976   1.9923 1.21504 0.00127 -0.0010  0.0004  0.0007  19.870  59.680 121.760
  6.0096   8.1130  0.1086  0.0061  0.0061 -0.0006  0.0000  22.880  14.930   88.56
  6.0261   4.6360 0.34587 0.00102  0.0007 -0.0008  0.0000  15.930  47.930 130.440
  6.0862  14.7493  0.0975  0.0140  0.0140 -0.0008  0.0000  11.380  30.390   79.34
  6.0862 -14.7493  0.0975  0.0140  0.0140  0.0008  0.0000  11.380  30.390   79.34
  6.1311   1.9732 1.11346 0.00183 -0.0014  0.0008  0.0009  28.690  59.430 122.110
  6.1333   8.4152  0.1105  0.0051  0.0051 -0.0003  0.0000  19.060  15.490   88.33
  6.1471   8.7163  0.1127  0.0052  0.0051 -0.0007  0.0000  19.420  16.020   88.10
  6.1609   2.1179 1.05687 0.00168 -0.0013  0.0007  0.0008  26.740  58.090 125.180
  6.1752  -1.6803 1.14406 0.00185 -0.0014 -0.0008  0.0009  26.630  59.600 111.950
  6.1811   8.0946  0.1085  0.0106  0.0106 -0.0007  0.0000   7.340  28.850   74.71
  6.1811  -8.0946  0.1085  0.0106  0.0106  0.0007  0.0000   7.340  28.850   74.71
  6.1853   4.9471 0.20888 0.00145  0.0010 -0.0011  0.0000  22.910  44.700 134.850
  6.1925  -3.3226 0.67906 0.00093 -0.0008 -0.0001  0.0004  13.080  53.330 114.480
  6.1990  -5.3159 0.12602 0.00192  0.0014  0.0013  0.0000  30.940  40.690 141.130
  6.2095  -9.4787  0.0878  0.0054  0.0052  0.0015  0.0000  20.890  17.540   90.86
  6.2648  -4.8838 0.19868 0.00162  0.0011  0.0012 -0.0001  25.840  44.630 136.430
  6.2670   3.3294 0.63444 0.00117 -0.0010  0.0002  0.0005  16.790  53.520 115.630
  6.2824  -1.2735 1.14045 0.00183 -0.0014 -0.0007  0.0010  26.180  59.590 111.260
  6.3071   6.0002 0.01446 0.00338  0.0032 -0.0011 -0.0002  54.660  32.610 147.240
  6.3116  10.0901  0.1225  0.0063  0.0063 -0.0009  0.0000  23.730  18.540   87.69
  6.3259  -9.8883  0.0893  0.0053  0.0051  0.0015  0.0000  20.600  18.270   90.83
  6.3401  -8.0029  0.0844  0.0063  0.0063 -0.0004  0.0000  24.250  15.060   90.34
  6.3907   4.6886 0.20364 0.00127  0.0006 -0.0011  0.0001  17.730  45.490 136.040
  6.3958   3.5897 0.49234 0.00078 -0.0007 -0.0001  0.0004  10.700  51.060 112.090
  6.4107  -4.4550 0.25164 0.00123  0.0005  0.0011  0.0001  19.410  44.320 135.280
  6.4262   4.5192 0.23143 0.00112  0.0004 -0.0010  0.0001  18.020  44.580 137.640
  6.4280 -11.3317  0.0944  0.0068  0.0067  0.0010  0.0000  26.550  20.700   90.57
  6.4347   8.3401  0.1102  0.0094  0.0094  0.0002  0.0000   6.480  29.350   74.48
  6.4347  -8.3401  0.1102  0.0094  0.0094 -0.0002  0.0000   6.480  29.350   74.48
  6.4408  -0.8332 1.06884 0.00172 -0.0013 -0.0005  0.0010  24.420  59.700 110.230
  6.4416  -6.5652  0.0814  0.0083  0.0081  0.0018  0.0000  31.880  12.550   90.65
  6.4709  -0.3650 1.07855 0.00163 -0.0013 -0.0002  0.0010  16.710  59.560  91.290
  6.4835  10.4441  0.1248  0.0064  0.0063 -0.0010  0.0000  23.940  19.180   87.57
  6.5345   2.6029 0.67524 0.00172 -0.0014  0.0007  0.0007  25.850  53.410 121.330
  6.5458  10.7865  0.1266  0.0064  0.0064 -0.0004  0.0000  24.090  19.670   87.68
  6.5473 -10.2049  0.0907  0.0061  0.0061  0.0005  0.0000  23.690  18.820   90.46
  6.5533  -6.7927  0.0820  0.0071  0.0071  0.0009  0.0000  27.280  12.970   90.51
  6.5710  -8.5315  0.0858  0.0054  0.0054  0.0002  0.0000  20.850  16.030   90.42
  6.5920   3.0549 0.52551 0.00122 -0.0011  0.0004  0.0005  18.110  50.910 121.520
  6.6010   3.0040 0.53422 0.00101 -0.0009  0.0004  0.0004  13.380  54.470 122.400
  6.6119   7.8898  0.0844  0.0114  0.0114 -0.0009  0.0000   8.850  29.010   76.26
  6.6119  -7.8898  0.0844  0.0114  0.0114  0.0009  0.0000   8.850  29.010   76.26
  6.6152   3.6207 0.37811 0.00062 -0.0005 -0.0002  0.0003   7.550  48.430 116.640
  6.6169   4.1418 0.25376 0.00078 -0.0001 -0.0008  0.0002  12.910  44.430 141.770
  6.6173  11.1160  0.1285  0.0059  0.0057 -0.0015  0.0000  22.070  20.230   87.02
  6.6232   8.1939  0.0850  0.0096  0.0096  0.0009  0.0000   7.580  29.040   77.36
  6.6232  -8.1939  0.0850  0.0096  0.0096 -0.0009  0.0000   7.580  29.040   77.36
  6.6392 -10.5426  0.0920  0.0065  0.0064  0.0009  0.0000  25.110  19.410   90.51
  6.6500   8.5288  0.1117  0.0097  0.0097  0.0002  0.0000   6.660  29.660   74.41
  6.6500  -8.5288  0.1117  0.0097  0.0097 -0.0002  0.0000   6.660  29.660   74.41
  6.6542 -12.0064  0.0974  0.0064  0.0064  0.0006  0.0000  25.040  21.950   90.45
  6.6873   4.3592 0.18287 0.00114  0.0004 -0.0011  0.0001  16.390  45.560 139.410
  6.6884   4.0659 0.24639 0.00064 -0.0002 -0.0006  0.0002  10.490  45.230 139.520
  6.7102  -9.3975  0.0882  0.0099  0.0099  0.0006  0.0000   8.400   8.980   88.09
  6.7102   9.3975  0.0882  0.0099  0.0099 -0.0006  0.0000   8.400   8.980   88.09
  6.7190 -10.1487  0.0906  0.0113  0.0109  0.0029  0.0000   9.620   8.890   88.59
  6.7190  10.1487  0.0906  0.0113  0.0109 -0.0029  0.0000   9.620   8.890   88.59
  6.7218   3.1754 0.43029 0.00104 -0.0009  0.0001  0.0005  13.010  51.890 117.530
  6.7480  -9.8571  0.0897  0.0115  0.0111  0.0032  0.0000   9.760   8.950   88.09
  6.7480   9.8571  0.0897  0.0115  0.0111 -0.0032  0.0000   9.760   8.950   88.09
  6.7572  -4.7762 0.09259 0.00177  0.0008  0.0016  0.0001  28.080  36.740 141.070
  6.7834  -8.7609  0.0864  0.0096  0.0096  0.0005  0.0000   8.070   9.350   87.37
  6.7834   8.7609  0.0864  0.0096  0.0096 -0.0005  0.0000   8.070   9.350   87.37
  6.7900  -9.1239  0.0874  0.0095  0.0090  0.0030  0.0000   8.010   9.220   87.65
  6.7900   9.1239  0.0874  0.0095  0.0090 -0.0030  0.0000   8.010   9.220   87.65
  6.8146  -1.5934 0.69602 0.00183 -0.0015 -0.0006  0.0009  22.800  56.020 113.520
  6.8156   3.7048 0.27513 0.00070 -0.0006 -0.0003  0.0003  10.490  44.330 128.780
  6.8214  -8.3334  0.0854  0.0111  0.0110 -0.0017  0.0000   9.350   9.690   87.35
  6.8214   8.3334  0.0854  0.0111  0.0110  0.0017  0.0000   9.350   9.690   87.35
  6.8333  -8.0591  0.0848  0.0109  0.0108 -0.0018  0.0000   9.150   9.890   86.99
  6.8333   8.0591  0.0848  0.0109  0.0108  0.0018  0.0000   9.150   9.890   86.99
  6.8489  -7.6121  0.0839  0.0140  0.0140  0.0002  0.0000  11.670  10.260   86.32
  6.8489   7.6121  0.0839  0.0140  0.0140 -0.0002  0.0000  11.670  10.260   86.32
  6.8493  -7.0223  0.0827  0.0071  0.0071  0.0001  0.0000  27.130  13.520   90.25
  6.8935   5.8542  0.0952  0.0065  0.0059 -0.0028  0.0000  24.300  11.390   88.35
  6.9957  -0.7705 0.66961 0.00164 -0.0014 -0.0002  0.0009  18.050  53.540 102.200
  7.0019   4.8930 0.03693 0.00181  0.0012 -0.0014  0.0000  29.000  32.960 146.300
  7.0046   3.5892 0.22675 0.00073 -0.0006 -0.0003  0.0003  10.920  44.600 128.300
  7.0163   3.2342 0.28566 0.00102 -0.0010 -0.0001  0.0004  14.690  48.260 120.110
  7.0430  -5.9785  0.0803  0.0067  0.0063  0.0022  0.0000  25.380  11.840   90.28
  7.0472   6.1796  0.0972  0.0070  0.0068 -0.0015  0.0000  25.950  11.870   87.95
  7.0476  -1.2178 0.60373 0.00153 -0.0013 -0.0004  0.0008  18.550  53.720 112.260
  7.0665   6.5559  0.1008  0.0072  0.0071 -0.0011  0.0000  26.600  12.500   87.96
  7.0822   5.0425 0.01546 0.00209  0.0015 -0.0015 -0.0001  33.850  32.580 147.560
  7.1187  -1.6407 0.50449 0.00151 -0.0013 -0.0004  0.0007  18.540  50.910 115.820
  7.1240  -4.7338 0.03529 0.00191  0.0010  0.0016  0.0000  30.910  32.120 148.330
  7.1463  -7.3465  0.0834  0.0151  0.0149  0.0023  0.0000  12.500  11.030   85.92
  7.1463   7.3465  0.0834  0.0151  0.0149 -0.0023  0.0000  12.500  11.030   85.92
  7.1736   4.6863 0.03311 0.00178  0.0011 -0.0014  0.0000  28.550  32.270 146.510
  7.2169   5.3847  0.0919  0.0126  0.0110 -0.0062 -0.0001   8.840  28.690   76.00
  7.2169  -5.3847  0.0919  0.0126  0.0110  0.0062 -0.0001   8.840  28.690   76.00
  7.2757   4.7259 0.01808 0.00187  0.0013 -0.0014  0.0000  30.220  32.520 147.140
  7.2910  -4.1049 0.07351 0.00154  0.0001  0.0015  0.0001  24.930  36.870 144.080
  7.3170  -3.7395 0.10777 0.00105  0.0002  0.0010  0.0001  14.930  40.770 142.060
  7.3243  -7.6420  0.0839  0.0077  0.0076  0.0015  0.0000  29.460  14.840   90.05
  7.3510   0.0237 0.48433 0.00136 -0.0012  0.0002  0.0007  17.310  51.250 119.240
  7.3804   3.8292 0.08370 0.00091 -0.0002 -0.0009  0.0001  12.840  36.960 144.310
  7.4062   4.2841 0.03727 0.00135  0.0006 -0.0012  0.0000  21.880  32.220 147.380
  7.4315   5.8495  0.0933  0.0116  0.0109 -0.0041 -0.0001   9.310  15.340   82.36
  7.4315  -5.8495  0.0933  0.0116  0.0109  0.0041 -0.0001   9.310  15.340   82.36
  7.4320  -3.2370 0.14180 0.00087 -0.0008  0.0004  0.0003  13.560  41.200 135.460
  7.4369   5.4658  0.0917  0.0143  0.0126 -0.0068 -0.0001  11.470  14.660   82.42
  7.4369  -5.4658  0.0917  0.0143  0.0126  0.0068 -0.0001  11.470  14.660   82.42
  7.4812  -7.9291  0.0845  0.0058  0.0057  0.0006  0.0000  22.010  15.410   89.85
  7.4951   5.5751  0.0915  0.0105  0.0092 -0.0050 -0.0001   7.370  29.230   75.92
  7.4951  -5.5751  0.0915  0.0105  0.0092  0.0050 -0.0001   7.370  29.230   75.92
  7.5196   5.1308  0.0900  0.0113  0.0096 -0.0059 -0.0001   9.000  14.120   82.47
  7.5196  -5.1308  0.0900  0.0113  0.0096  0.0059 -0.0001   9.000  14.120   82.47
  7.5999  -2.6810 0.16042 0.00101 -0.0010  0.0002  0.0003  15.260  41.010 131.100
  7.6023 -10.7521  0.0937  0.0061  0.0060  0.0012  0.0000  23.530  20.070   89.93
  7.6060  -4.9548  0.0785  0.0050  0.0038  0.0033  0.0000  19.070  10.560   90.33
  7.6171  -2.6900 0.15416 0.00100 -0.0009  0.0002  0.0003  15.090  41.060 131.210
  7.6291   3.3631 0.07788 0.00084 -0.0006 -0.0006  0.0002  11.460  36.970 139.580
  7.6444  -2.3911 0.17430 0.00102 -0.0010  0.0002  0.0003  15.670  40.710 133.910
  7.6601  -3.2876 0.07840 0.00094 -0.0005  0.0008  0.0002  13.250  36.190 144.360
  7.6964 -11.0664  0.0949  0.0065  0.0064  0.0008  0.0000  25.070  20.620   89.75
  7.7077  -3.5997 0.04260 0.00111  0.0000  0.0011  0.0001  18.260  32.100 150.060
  7.7235  -5.1829  0.0788  0.0056  0.0048  0.0028  0.0000  21.130  10.990   90.11
  7.7796   4.8090  0.0878  0.0056  0.0048 -0.0030  0.0000  20.830  10.440   88.28
  7.7830   5.8125  0.0913  0.0106  0.0106 -0.0012 -0.0001   7.440  29.760   75.41
  7.7830  -5.8125  0.0913  0.0106  0.0106  0.0012 -0.0001   7.440  29.760   75.41
  7.7966   5.2476  0.0894  0.0061  0.0059 -0.0014  0.0000  22.620  11.150   88.30
  7.8027  -0.7146 0.23972 0.00151 -0.0014 -0.0003  0.0006  21.970  44.680 123.740
  7.8127  -2.9355 0.07826 0.00093 -0.0007  0.0006  0.0002  12.910  36.210 142.850
  7.8184   2.9276 0.07783 0.00093 -0.0008 -0.0004  0.0002  12.390  36.940 136.410
  7.8572  -1.4626 0.18256 0.00138 -0.0013 -0.0003  0.0004  20.810  45.070 128.110
  7.8700   5.9206  0.0916  0.0063  0.0061 -0.0014  0.0000  23.230  12.330   88.00
  7.8913   1.7725 0.14765 0.00162 -0.0014  0.0007  0.0004  25.300  40.760 135.890
  7.8962   4.1869 0.00233 0.00230  0.0010 -0.0021  0.0000  37.330  27.730 150.740
  7.9468  -4.4681  0.0777  0.0040  0.0023  0.0032  0.0000  15.020  10.110   90.28
  7.9884  -6.9463  0.0822  0.0066  0.0066 -0.0002  0.0000  25.090  14.080   89.26
  8.0190   3.6074 0.00793 0.00120 -0.0004 -0.0011  0.0000  19.470  27.380 150.470
  8.0248   6.6940  0.0989  0.0067  0.0066 -0.0008  0.0000  24.730  13.380   87.58
  8.0249  -2.5623 0.05943 0.00096 -0.0008  0.0005  0.0002  13.310  36.480 142.170
  8.0351   6.0412  0.0917  0.0123  0.0123 -0.0001 -0.0001   8.550  30.050   74.94
  8.0351  -6.0412  0.0917  0.0123  0.0123  0.0001 -0.0001   8.550  30.050   74.94
  8.0536   1.2947 0.12859 0.00164 -0.0014  0.0007  0.0004  25.880  40.940 137.220
  8.0786  -7.2486  0.0829  0.0067  0.0067 -0.0002  0.0000  25.300  14.630   89.12
  8.0810  -4.6591  0.0778  0.0042  0.0030  0.0030  0.0000  15.960  10.530   90.03
  8.0885   8.1822  0.1072  0.0049  0.0049 -0.0002  0.0000  18.050  15.960   87.23
  8.0905   7.4391  0.1038  0.0061  0.0061 -0.0004  0.0000  22.720  14.970   87.45
  8.0962   7.0449  0.1019  0.0064  0.0064 -0.0007  0.0000  23.830  14.330   87.48
  8.1121   8.4405  0.1091  0.0048  0.0048 -0.0004  0.0000  17.720  16.400   87.04
  8.1123  -0.5291 0.13426 0.00140 -0.0013  0.0000  0.0004  20.610  41.040 128.590
  8.1259   2.8786 0.02707 0.00101 -0.0010 -0.0003  0.0001  15.850  32.430 143.080
  8.1322  -2.7606 0.03148 0.00100 -0.0008  0.0006  0.0001  16.250  32.370 148.120
  8.1376   0.6274 0.12388 0.00129 -0.0011  0.0005  0.0003  17.700  41.150 136.990
  8.1583   0.8882 0.11074 0.00160 -0.0014  0.0008  0.0004  25.620  41.090 139.310
  8.1597  -2.1886 0.05317 0.00110 -0.0011  0.0002  0.0002  17.390  36.940 140.350
  8.1746   0.1980 0.12166 0.00123 -0.0011  0.0004  0.0003  16.730  41.150 135.530
  8.1847  -2.0218 0.05716 0.00105 -0.0010  0.0001  0.0002  16.440  36.900 138.850
  8.1982  -0.1186 0.11572 0.00137 -0.0013  0.0004  0.0004  21.330  41.160 135.150
  8.2159  -2.0483 0.04921 0.00106 -0.0010  0.0003  0.0002  14.700  36.640 141.590
  8.2671  -0.2494 0.09482 0.00125 -0.0012  0.0002  0.0003  16.580  36.340 135.970
  8.2777   2.4681 0.02299 0.00122 -0.0012 -0.0001  0.0002  19.020  32.490 141.940
  8.3049   6.2745  0.0928  0.0108  0.0107 -0.0013 -0.0001   7.490  30.530   74.41
  8.3049  -6.2745  0.0928  0.0108  0.0107  0.0013 -0.0001   7.490  30.530   74.41
  8.3665  -0.7385 0.06383 0.00124 -0.0012  0.0000  0.0003  16.490  36.620 136.370
  8.3757  -0.7710 0.06121 0.00115 -0.0011  0.0001  0.0003  15.450  36.650 137.270
  8.4180  -5.2706  0.0787  0.0058  0.0052  0.0026  0.0000  21.750  11.780   89.58
  8.4328   2.3504 0.01025 0.00111 -0.0011  0.0000  0.0001  17.950  32.780 146.660
  8.4552   1.4475 0.03380 0.00132 -0.0012  0.0004  0.0002  20.810  32.390 143.670
  8.4669  -0.0060 0.05275 0.00133 -0.0013  0.0004  0.0003  20.990  36.850 140.630
  8.4818   6.4714  0.0941  0.0113  0.0113  0.0002  0.0000   7.850  30.860   74.51
  8.4818  -6.4714  0.0941  0.0113  0.0113 -0.0002  0.0000   7.850  30.860   74.51
  8.5356  -1.6648 0.01657 0.00111 -0.0011  0.0003  0.0001  17.680  32.830 145.350
  8.5454  -2.0077 0.00911 0.00110 -0.0010  0.0004  0.0001  17.640  27.570 148.590
  8.5773   1.7724 0.00988 0.00129 -0.0012  0.0003  0.0001  20.360  27.340 147.360
  8.5819   1.2694 0.01907 0.00153 -0.0014  0.0007  0.0002  24.550  32.640 145.760
  8.5876   0.3956 0.02910 0.00146 -0.0013  0.0006  0.0002  23.200  32.470 144.600
  8.5908  -1.1774 0.01861 0.00113 -0.0011  0.0002  0.0001  17.930  32.730 143.800
  8.6030   0.8129 0.02239 0.00154 -0.0013  0.0008  0.0002  24.700  32.580 145.570
  8.6484  -3.4869  0.0766  0.0027  0.0007  0.0026  0.0000  10.140   9.600   90.15
  8.6514  -3.4973  0.0766  0.0027  0.0012  0.0024  0.0000  10.080   9.620   89.95
  8.6695  14.5318  0.1012  0.0131  0.0130 -0.0016  0.0000  10.590  33.690   77.82
  8.6695 -14.5318  0.1012  0.0131  0.0130  0.0016  0.0000  10.590  33.690   77.82
  8.6709  -0.3129 0.01898 0.00128 -0.0012  0.0004  0.0002  20.340  32.710 144.560
  8.7436  -4.4957  0.0773  0.0046  0.0043  0.0017  0.0000  17.200  11.030   89.34
  8.7569   0.1952 0.00982 0.00142 -0.0013  0.0006  0.0001  22.440  27.410 147.540
  8.7606  12.8544  0.0999  0.0094  0.0094 -0.0009  0.0000   7.550  33.130   77.38
  8.7606 -12.8544  0.0999  0.0094  0.0094  0.0009  0.0000   7.550  33.130   77.38
  8.8048  -3.2563  0.0761  0.0027  0.0005  0.0026  0.0000  10.090   9.530   90.22
  8.9232  -1.9378  0.0759  0.0023 -0.0021  0.0009  0.0000   8.480   8.360   88.92
  8.9348  -2.3948  0.0758  0.0021 -0.0017  0.0013  0.0000   7.940   8.790   89.15
  8.9561   4.0528  0.0818  0.0044  0.0032 -0.0030  0.0000  16.400  10.750   88.09
  8.9793  -4.8507  0.0777  0.0050  0.0043  0.0025  0.0000  18.720  11.790   89.36
  9.0817   1.8072  0.0784  0.0024 -0.0017 -0.0018  0.0000   9.050   8.550   88.52
  9.1014   3.7402  0.0812  0.0037  0.0025 -0.0027  0.0000  13.680  10.560   88.19
  9.1057 -12.9174  0.0998  0.0115  0.0114  0.0005  0.0000  10.180  14.440   91.52
  9.1057  12.9174  0.0998  0.0115  0.0114 -0.0005  0.0000  10.180  14.440   91.52
  9.1160  -9.6916  0.0908  0.0109  0.0109  0.0003  0.0000   9.290  13.480   88.29
  9.1160   9.6916  0.0908  0.0109  0.0109 -0.0003  0.0000   9.290  13.480   88.29
  9.1259  -0.6300  0.0759  0.0023 -0.0023 -0.0001  0.0000   8.420   7.980   88.14
  9.1292   1.0407  0.0777  0.0026 -0.0021 -0.0014  0.0000   9.490   8.180   88.42
  9.1451   0.8293  0.0774  0.0025 -0.0024 -0.0007  0.0000   9.320   8.130   88.27
  9.1660   1.4982  0.0780  0.0025 -0.0019 -0.0016  0.0000   9.190   8.490   88.47
  9.1718  -3.8940  0.0762  0.0036  0.0025  0.0025  0.0000  13.340  10.810   89.42
  9.1746  -0.8214  0.0757  0.0024 -0.0024  0.0000  0.0000   8.900   8.130   88.07
  9.1753  11.7928  0.0971  0.0131  0.0129 -0.0025  0.0000  10.360  33.330   76.03
  9.1753 -11.7928  0.0971  0.0131  0.0129  0.0025  0.0000  10.360  33.330   76.03
  9.1813   3.3655  0.0810  0.0035  0.0032 -0.0015  0.0000  12.960  10.260   87.99
  9.1938   0.1815  0.0767  0.0024 -0.0024 -0.0004  0.0000   8.940   8.050   88.21
  9.2039   0.4220  0.0769  0.0021 -0.0018 -0.0010  0.0000   7.730   8.100   88.47
  9.2727  -8.8912  0.0878  0.0094  0.0093  0.0009  0.0000   7.950  13.870   87.60
  9.2727   8.8912  0.0878  0.0094  0.0093 -0.0009  0.0000   7.950  13.870   87.60
  9.3252  -6.8479  0.0818  0.0063  0.0062 -0.0003  0.0000  23.400  15.060   88.28
  9.3271  -7.5220  0.0837  0.0056  0.0056 -0.0003  0.0000  21.100  16.060   88.27
  9.3459  -7.8748  0.0847  0.0120  0.0111 -0.0046  0.0000  10.200  14.440   87.60
  9.3459   7.8748  0.0847  0.0120  0.0111  0.0046  0.0000  10.200  14.440   87.60
  9.3521  -8.1768  0.0856  0.0087  0.0084 -0.0023  0.0000   7.440  14.300   87.70
  9.3521   8.1768  0.0856  0.0087  0.0084  0.0023  0.0000   7.440  14.300   87.70
  9.3737 -10.9733  0.0946  0.0118  0.0117  0.0015  0.0000   9.360  33.390   76.14
  9.3737  10.9733  0.0946  0.0118  0.0117 -0.0015  0.0000   9.360  33.390   76.14
  9.3825   5.5178  0.0843  0.0058  0.0056 -0.0013  0.0000  21.200  13.170   87.31
  9.4811  -4.4481  0.0764  0.0042  0.0034  0.0025  0.0000  15.870  11.900   89.20
  9.5061 -11.8147  0.0969  0.0135  0.0135  0.0002  0.0000  11.880  14.500   90.45
  9.5061  11.8147  0.0969  0.0135  0.0135 -0.0002  0.0000  11.880  14.500   90.45
  9.6816   1.5382  0.0772  0.0013 -0.0011 -0.0007  0.0000   4.950   9.430   88.20
  9.6917 -10.7570  0.0935  0.0112  0.0111  0.0015  0.0000   9.730  14.550   89.30
  9.6917  10.7570  0.0935  0.0112  0.0111 -0.0015  0.0000   9.730  14.550   89.30
  9.6986 -11.0826  0.0944  0.0115  0.0114  0.0009  0.0000  10.000  14.620   89.83
  9.6986  11.0826  0.0944  0.0115  0.0114 -0.0009  0.0000  10.000  14.620   89.83
  9.7023   6.5464  0.0901  0.0062  0.0062 -0.0009  0.0000  22.920  14.850   86.95
  9.7101  -2.3341  0.0753  0.0020 -0.0008  0.0018  0.0000   7.390  10.000   89.25
  9.7202 -10.1363  0.0915  0.0099  0.0098  0.0011  0.0000   8.510  14.550   88.89
  9.7202  10.1363  0.0915  0.0099  0.0098 -0.0011  0.0000   8.510  14.550   88.89
  9.7244  -2.3420  0.0753  0.0020 -0.0012  0.0015  0.0000   7.290  10.030   88.96
  9.7306   6.9235  0.0934  0.0060  0.0059 -0.0004  0.0000  21.950  15.420   86.94
  9.7367 -10.4310  0.0924  0.0110  0.0109  0.0002  0.0000   9.510  14.590   89.40
  9.7367  10.4310  0.0924  0.0110  0.0109 -0.0002  0.0000   9.510  14.590   89.40
  9.7421   7.1707  0.0952  0.0060  0.0060 -0.0001  0.0000  22.290  15.850   86.95
  9.7787  -3.5417  0.0753  0.0028  0.0013  0.0024  0.0000  10.390  11.270   89.45
  9.7817  -3.5442  0.0753  0.0029  0.0021  0.0021  0.0000  10.950  11.280   89.14
  9.7967  -1.9233  0.0752  0.0017 -0.0012  0.0011  0.0000   6.150   9.830   88.77
  9.8194  -0.9061  0.0753  0.0020 -0.0020 -0.0001  0.0000   7.360   9.340   87.91
  9.8467   3.2269  0.0792  0.0030  0.0020 -0.0022  0.0000  10.920  11.090   87.92
  9.8586   1.2446  0.0765  0.0018 -0.0014 -0.0011  0.0000   6.640   9.600   88.21
  9.8879   4.2943  0.0803  0.0052  0.0050 -0.0012  0.0000  19.080  12.300   87.49
  9.9061   0.6950  0.0760  0.0024 -0.0018 -0.0017  0.0000   8.980   9.490   88.42
  9.9070  -5.3456  0.0775  0.0056  0.0056  0.0008  0.0000  21.010  13.570   88.46
  9.9171   0.2054  0.0758  0.0019 -0.0019 -0.0003  0.0000   7.100   9.410   87.90
  9.9533   4.6467  0.0806  0.0054  0.0054 -0.0007  0.0000  19.890  12.840   87.29
  9.9872   5.3887  0.0822  0.0107  0.0105 -0.0019  0.0000   8.590  15.050   82.77
  9.9872  -5.3887  0.0822  0.0107  0.0105  0.0019  0.0000   8.590  15.050   82.77
  9.9925  -1.3013  0.0752  0.0016 -0.0016  0.0004  0.0000   6.050   9.810   87.88
 10.0025   3.3538  0.0790  0.0034  0.0028 -0.0018  0.0000  12.410  11.410   87.63
 10.0304 -16.3724  0.1014  0.0116  0.0114  0.0022  0.0000  10.930  18.940   96.24
 10.0304  16.3724  0.1014  0.0116  0.0114 -0.0022  0.0000  10.930  18.940   96.24
 10.0388   5.0090  0.0810  0.0054  0.0053 -0.0003  0.0000  19.680  13.260   87.04
 10.0686   5.7925  0.0834  0.0121  0.0120 -0.0019 -0.0001   9.730  15.800   82.60
 10.0686  -5.7925  0.0834  0.0121  0.0120  0.0019 -0.0001   9.730  15.800   82.60
 10.0699 -15.8028  0.1013  0.0107  0.0107  0.0013  0.0000  10.030  18.390   95.28
 10.0699  15.8028  0.1013  0.0107  0.0107 -0.0013  0.0000  10.030  18.390   95.28
 10.0699   6.1960  0.0859  0.0124  0.0121 -0.0027 -0.0001   9.900  16.230   81.97
 10.0699  -6.1960  0.0859  0.0124  0.0121  0.0027 -0.0001   9.900  16.230   81.97
 10.1328 -15.1212  0.1010  0.0101  0.0101  0.0011  0.0000   9.390  17.850   94.82
 10.1328  15.1212  0.1010  0.0101  0.0101 -0.0011  0.0000   9.390  17.850   94.82
 10.3181  -2.3562  0.0758  0.0014  0.0006  0.0013  0.0000   5.300  10.990   89.01
 10.7870   6.5148  0.0853  0.0060  0.0060  0.0001  0.0000  21.940  16.130   86.64
 10.7920 -14.0393  0.0991  0.0121  0.0121  0.0005  0.0000  11.090  17.960   93.60
 10.7920  14.0393  0.0991  0.0121  0.0121 -0.0005  0.0000  11.090  17.960   93.60
 10.8144 -13.8110  0.0986  0.0117  0.0117  0.0003  0.0000  10.650  17.820   93.15
 10.8144  13.8110  0.0986  0.0117  0.0117 -0.0003  0.0000  10.650  17.820   93.15
 10.8746 -13.5070  0.0977  0.0127  0.0127  0.0006  0.0000  11.530  17.720   92.85
 10.8746  13.5070  0.0977  0.0127  0.0127 -0.0006  0.0000  11.530  17.720   92.85
 10.8843 -12.3758  0.0957  0.0111  0.0110  0.0014  0.0000   9.960  17.180   91.74
 10.8843  12.3758  0.0957  0.0111  0.0110 -0.0014  0.0000   9.960  17.180   91.74
 10.8989 -12.7777  0.0962  0.0114  0.0112  0.0021  0.0000  10.190  17.420   91.73
 10.8989  12.7777  0.0962  0.0114  0.0112 -0.0021  0.0000  10.190  17.420   91.73
 10.9075   4.3490  0.0791  0.0048  0.0047 -0.0007  0.0000  17.480  13.790   86.79
 10.9202   2.7734  0.0771  0.0029  0.0027 -0.0012  0.0000  10.810  12.390   87.19
 10.9365   4.0518  0.0787  0.0045  0.0044 -0.0010  0.0000  16.660  13.530   86.83
 10.9476   3.4079  0.0776  0.0035  0.0033 -0.0014  0.0000  13.010  12.930   87.02
 10.9638   1.7263  0.0769  0.0015  0.0008 -0.0013  0.0000   5.610  11.720   87.80
 10.9665 -11.0759  0.0928  0.0117  0.0117  0.0007  0.0000  10.310  16.860   90.44
 10.9665  11.0759  0.0928  0.0117  0.0117 -0.0007  0.0000  10.310  16.860   90.44
 11.0005   3.0868  0.0772  0.0032  0.0032 -0.0008  0.0000  11.860  12.540   86.82
 11.0121  -3.6666  0.0760  0.0037  0.0030  0.0021  0.0000  13.840  13.230   88.02
 11.0464  -8.4340  0.0842  0.0038  0.0038  0.0003  0.0000  14.320  19.050   87.60
 11.0808  -8.0953  0.0832  0.0048  0.0048  0.0000  0.0000  17.900  18.620   87.36
 11.0975  -3.3312  0.0770  0.0031  0.0029  0.0012  0.0000  11.550  13.230   87.63
 11.1007  -7.7199  0.0820  0.0051  0.0051  0.0004  0.0000  18.970  18.140   87.53
 11.1164   1.8672  0.0771  0.0018  0.0013 -0.0013  0.0000   6.720  11.970   87.41
 11.1190  -2.5212  0.0763  0.0018  0.0013  0.0012  0.0000   6.660  12.540   88.34
 11.1320  -2.1926  0.0756  0.0015  0.0009  0.0011  0.0000   5.460  12.260   88.36
 11.1328  -1.9214  0.0755  0.0012  0.0006  0.0010  0.0000   4.360  12.140   88.31
 11.1475  -2.9891  0.0772  0.0025  0.0019  0.0017  0.0000   9.430  12.930   88.22
 11.1581  -9.3587  0.0869  0.0078  0.0078  0.0002  0.0000   6.750  17.160   88.78
 11.1581   9.3587  0.0869  0.0078  0.0078 -0.0002  0.0000   6.750  17.160   88.78
 11.1621   5.8955  0.0804  0.0122  0.0121  0.0017  0.0000   9.880  16.660   82.89
 11.1621  -5.8955  0.0804  0.0122  0.0121 -0.0017  0.0000   9.880  16.660   82.89
 11.1717  -9.6218  0.0878  0.0093  0.0092  0.0013  0.0000   8.080  17.180   88.65
 11.1717   9.6218  0.0878  0.0093  0.0092 -0.0013  0.0000   8.080  17.180   88.65
 11.4253 -15.7891  0.1006  0.0100  0.0100  0.0002  0.0000   9.490  20.300   95.91
 11.4253  15.7891  0.1006  0.0100  0.0100 -0.0002  0.0000   9.490  20.300   95.91
 11.4257 -15.5047  0.1003  0.0108  0.0108  0.0009  0.0000  10.180  20.060   95.36
 11.4257  15.5047  0.1003  0.0108  0.0108 -0.0009  0.0000  10.180  20.060   95.36
 11.4694 -15.1322  0.0998  0.0094  0.0094  0.0006  0.0000   8.820  19.850   95.14
 11.4694  15.1322  0.0998  0.0094  0.0094 -0.0006  0.0000   8.820  19.850   95.14
 11.6015  -4.7601  0.0749  0.0052  0.0052 -0.0004  0.0000  19.140  15.360   86.93
 11.6760  -3.8670  0.0768  0.0036  0.0034  0.0014  0.0000  13.420  14.340   87.44
 11.7074  -4.1362  0.0764  0.0040  0.0040  0.0005  0.0000  14.900  14.750   86.93
 11.8900   5.0148  0.0787  0.0053  0.0052  0.0007  0.0000  19.230  15.920   86.19
 11.9640   5.3912  0.0789  0.0053  0.0052  0.0011  0.0000  19.410  16.420   86.11
 12.0667  -9.1293  0.0848  0.0074  0.0074 -0.0005  0.0000   6.540  18.860   89.53
 12.0667   9.1293  0.0848  0.0074  0.0074  0.0005  0.0000   6.540  18.860   89.53
 12.0699   1.6479  0.0785  0.0023  0.0023 -0.0006  0.0000   8.500  13.450   86.00
 12.0963   8.9256  0.0988  0.0083  0.0083  0.0001  0.0000   6.640  21.720   80.93
 12.0963  -8.9256  0.0988  0.0083  0.0083 -0.0001  0.0000   6.640  21.720   80.93
 12.1264   6.1201  0.0798  0.0055  0.0055  0.0001  0.0000  20.160  17.240   85.46
 12.1322  -8.7598  0.0835  0.0074  0.0069 -0.0027  0.0000   6.510  19.050   89.69
 12.1322   8.7598  0.0835  0.0074  0.0069  0.0027  0.0000   6.510  19.050   89.69
 12.1434  -8.4032  0.0822  0.0077  0.0075 -0.0017  0.0000   6.710  19.120   89.06
 12.1434   8.4032  0.0822  0.0077  0.0075  0.0017  0.0000   6.710  19.120   89.06
 12.1517   2.7862  0.0797  0.0033  0.0033 -0.0005  0.0000  12.100  14.310   85.75
 12.1555   9.3156  0.1017  0.0090  0.0090  0.0000  0.0000   7.220  22.340   80.64
 12.1555  -9.3156  0.1017  0.0090  0.0090  0.0000  0.0000   7.220  22.340   80.64
 12.1679  -8.0642  0.0810  0.0077  0.0076 -0.0014  0.0000   6.760  19.270   88.76
 12.1679   8.0642  0.0810  0.0077  0.0076  0.0014  0.0000   6.760  19.270   88.76
 12.1801   1.9868  0.0792  0.0028  0.0027 -0.0006  0.0000  10.200  13.790   85.78
 12.1921  -7.7674  0.0802  0.0095  0.0091 -0.0027  0.0000   8.300  19.400   88.50
 12.1921   7.7674  0.0802  0.0095  0.0091  0.0027  0.0000   8.300  19.400   88.50
 12.3933   2.2093  0.0797  0.0028  0.0027 -0.0006  0.0000  10.100  14.280   85.67
 12.4614  -2.5736  0.0748  0.0031  0.0031  0.0002  0.0000  11.290  14.830   86.40
 12.5858  -0.8557  0.0759  0.0020  0.0020 -0.0002  0.0000   7.300  14.310   85.94
 12.5943  -1.8889  0.0749  0.0023  0.0022  0.0006  0.0000   8.290  14.720   86.64
 12.6075  -2.3161  0.0747  0.0026  0.0025  0.0005  0.0000   9.530  14.930   86.66
 12.8916  -2.0508  0.0868  0.0053  0.0050 -0.0019  0.0000   4.610   9.370   90.04
 12.8916   2.0508  0.0868  0.0053  0.0050  0.0019  0.0000   4.610   9.370   90.04
 12.8957  -2.4935  0.0744  0.0031  0.0031  0.0002  0.0000  11.430  15.510   86.28
 12.8978  -6.6032  0.0763  0.0056  0.0056  0.0001  0.0000  20.890  19.040   86.43
 12.9025   9.3257  0.0990  0.0048  0.0048 -0.0004  0.0000  17.500  22.060   84.85
 12.9118  -5.8363  0.0753  0.0056  0.0054 -0.0015  0.0000  20.770  18.220   86.62
 12.9432  -6.1619  0.0756  0.0056  0.0055 -0.0010  0.0000  20.740  18.550   86.45
 12.9711   8.1313  0.0898  0.0070  0.0069  0.0009  0.0000   5.600  21.110   81.47
 12.9711  -8.1313  0.0898  0.0070  0.0069 -0.0009  0.0000   5.600  21.110   81.47
 12.9839   9.6040  0.1006  0.0052  0.0050 -0.0012  0.0000  19.000  22.550   84.53
 13.0562 -11.0199  0.0867  0.0123  0.0120  0.0029 -0.0001  11.060  20.570   90.98
 13.0562  11.0199  0.0867  0.0123  0.0120 -0.0029 -0.0001  11.060  20.570   90.98
 13.0842  -3.1360  0.0740  0.0043  0.0043 -0.0002  0.0000  15.560  16.260   85.84
 13.0938  -2.8860  0.0741  0.0040  0.0040  0.0007  0.0000  14.750  16.120   86.32
 13.0951 -10.6093  0.0855  0.0109  0.0109 -0.0006  0.0000   9.860  20.590   91.45
 13.0951  10.6093  0.0855  0.0109  0.0109  0.0006  0.0000   9.860  20.590   91.45
 13.1642 -10.1298  0.0840  0.0103  0.0103 -0.0001  0.0000   9.290  20.680   91.08
 13.1642  10.1298  0.0840  0.0103  0.0103  0.0001  0.0000   9.290  20.680   91.08
 13.2025   4.0669  0.0808  0.0048  0.0048  0.0005  0.0000  17.450  17.080   85.05
 13.2235  10.5685  0.1063  0.0101  0.0101  0.0001 -0.0001   8.140  24.940   80.20
 13.2235 -10.5685  0.1063  0.0101  0.0101 -0.0001 -0.0001   8.140  24.940   80.20
 13.2502   4.4317  0.0800  0.0052  0.0052  0.0007  0.0000  18.840  17.450   84.95
 13.3087   4.8042  0.0787  0.0053  0.0051  0.0011  0.0000  19.120  17.760   85.09
 13.4197   5.1344  0.0783  0.0054  0.0053  0.0013  0.0000  19.730  18.070   84.93
 13.4247   1.9107  0.0838  0.0072  0.0072  0.0006  0.0000   6.120  12.970   87.93
 13.4408   1.5037  0.0831  0.0060  0.0060  0.0006  0.0000   5.090  12.540   87.50
 13.4408  -1.5037  0.0831  0.0060  0.0060 -0.0006  0.0000   5.090  12.540   87.50
 13.4468  -2.2407  0.0737  0.0033  0.0033 -0.0002  0.0000  12.170  16.340   85.61
 13.4688  -0.4815  0.0770  0.0030  0.0029 -0.0002  0.0000  10.670  15.720   85.09
 13.4900  -0.7435  0.0763  0.0028  0.0028 -0.0003  0.0000  10.140  15.940   85.47
 13.4968  -1.4827  0.0746  0.0030  0.0030 -0.0003  0.0000  10.880  16.130   85.51
 13.5040   2.6820  0.0823  0.0045  0.0044  0.0009  0.0000  16.210  16.490   85.09
 13.7450  -4.9211  0.0736  0.0055  0.0054 -0.0009  0.0000  20.220  18.620   86.14
 13.7910  -4.5798  0.0730  0.0054  0.0052 -0.0013  0.0000  19.780  18.410   86.26
 13.8576  -7.3973  0.0753  0.0052  0.0051 -0.0008  0.0000  19.270  21.150   86.20
 13.8933  -6.6584  0.0743  0.0053  0.0052 -0.0004  0.0000  19.430  20.450   85.87
 13.9080   5.5139  0.0793  0.0105  0.0103  0.0023  0.0000   8.530  18.440   82.79
 13.9080  -5.5139  0.0793  0.0105  0.0103 -0.0023  0.0000   8.530  18.440   82.79
 13.9107   5.8262  0.0791  0.0103  0.0100  0.0025  0.0000   8.350  18.880   82.72
 13.9107  -5.8262  0.0791  0.0103  0.0100 -0.0025  0.0000   8.350  18.880   82.72
 13.9947  -2.3577  0.0776  0.0079  0.0074 -0.0027 -0.0001   6.590  11.390   86.95
 14.0279  -7.8259  0.0753  0.0083  0.0083  0.0001  0.0000   7.340  22.510   88.85
 14.0279   7.8259  0.0753  0.0083  0.0083 -0.0001  0.0000   7.340  22.510   88.85
 14.0312  -8.1237  0.0758  0.0070  0.0067 -0.0022  0.0000   6.330  22.430   90.82
 14.0312   8.1237  0.0758  0.0070  0.0067  0.0022  0.0000   6.330  22.430   90.82
 14.1132  -3.6540  0.0717  0.0035  0.0035  0.0000  0.0000  12.910  18.280   85.42
 14.1937  -0.4430  0.0801  0.0066  0.0063 -0.0022 -0.0001   5.530  12.160   86.17
 14.1937   0.4430  0.0801  0.0066  0.0063  0.0022 -0.0001   5.530  12.160   86.17
 14.3148   0.0593  0.0793  0.0037  0.0037 -0.0002  0.0000  13.270  17.210   84.24
 14.3986   0.7857  0.0820  0.0035  0.0035  0.0004  0.0000  12.550  17.390   84.38
 14.4239   1.5238  0.0837  0.0041  0.0041  0.0004  0.0000  14.810  17.580   84.29
 14.5012   9.2600  0.0912  0.0083  0.0083 -0.0006 -0.0001   6.710  24.000   80.68
 14.5012  -9.2600  0.0912  0.0083  0.0083  0.0006 -0.0001   6.710  24.000   80.68
 14.5266 -10.7843  0.0798  0.0100  0.0100  0.0004 -0.0001   9.210  23.000   92.43
 14.5266  10.7843  0.0798  0.0100  0.0100 -0.0004 -0.0001   9.210  23.000   92.43
 14.5288 -11.8949  0.0834  0.0100  0.0097  0.0022 -0.0001   9.200  23.190   92.83
 14.5288  11.8949  0.0834  0.0100  0.0097 -0.0022 -0.0001   9.200  23.190   92.83
 14.5316   8.8961  0.0887  0.0077  0.0077 -0.0006  0.0000   6.210  23.570   80.94
 14.5316  -8.8961  0.0887  0.0077  0.0077  0.0006  0.0000   6.210  23.570   80.94
 14.5372 -11.0877  0.0809  0.0099  0.0098  0.0004  0.0000   9.100  23.050   92.86
 14.5372  11.0877  0.0809  0.0099  0.0098 -0.0004  0.0000   9.100  23.050   92.86
 14.5527 -11.4810  0.0821  0.0101  0.0093  0.0040 -0.0001   9.210  23.140   91.65
 14.5527  11.4810  0.0821  0.0101  0.0093 -0.0040 -0.0001   9.210  23.140   91.65
 14.5568   8.5016  0.0862  0.0081  0.0081 -0.0003  0.0000   6.550  23.050   81.21
 14.5568  -8.5016  0.0862  0.0081  0.0081  0.0003  0.0000   6.550  23.050   81.21
 14.5733   8.1008  0.0839  0.0080  0.0079  0.0013  0.0000   6.520  22.490   81.61
 14.5733  -8.1008  0.0839  0.0080  0.0079 -0.0013  0.0000   6.520  22.490   81.61
 14.5800   2.9308  0.0840  0.0050  0.0050  0.0003  0.0000  18.030  18.430   84.07
 14.7156   5.7215  0.0787  0.0051  0.0049  0.0012  0.0000  18.520  20.760   84.66
 14.7586  -2.1598  0.0732  0.0084  0.0073 -0.0042  0.0000   7.020  12.790   86.05
 14.8121   6.0575  0.0783  0.0053  0.0052  0.0011  0.0000  19.360  21.140   84.57
 14.8437   0.3296  0.0810  0.0078  0.0078  0.0003  0.0000   6.380  13.750   84.24
 14.8447  -0.0664  0.0794  0.0080  0.0080  0.0007  0.0000   6.590  13.480   84.45
 14.8674   0.7218  0.0823  0.0085  0.0085  0.0003  0.0000   6.950  14.060   84.08
 14.8771   1.3913  0.0842  0.0081  0.0081  0.0007  0.0000   6.580  14.660   83.59
 14.9102   1.0785  0.0836  0.0086  0.0085 -0.0016  0.0000   7.060  14.450   84.13
 15.0271   6.7302  0.0776  0.0056  0.0054  0.0015  0.0000  20.440  22.100   84.51
 15.0769  11.4543  0.1021  0.0119  0.0117 -0.0022 -0.0001   9.590  27.480   79.56
 15.0769 -11.4543  0.1021  0.0119  0.0117  0.0022 -0.0001   9.590  27.480   79.56
 15.1997  -6.0460  0.0682  0.0048  0.0048 -0.0006  0.0000  17.740  21.820   85.59
 15.2145   4.1000  0.0830  0.0102  0.0102  0.0004  0.0000   8.320  18.100   83.11
 15.2340   3.7438  0.0839  0.0094  0.0092  0.0020  0.0000   7.660  17.680   83.04
 15.2430  -5.3609  0.0682  0.0049  0.0048 -0.0006  0.0000  17.900  21.390   85.54
 15.2478  -2.8726  0.0702  0.0105  0.0100 -0.0033  0.0000   8.790  13.830   86.32
 15.2681   2.9947  0.0857  0.0093  0.0087  0.0030  0.0000   7.500  16.790   82.99
 15.2743  -4.6380  0.0682  0.0054  0.0054 -0.0006  0.0000  20.020  20.920   85.51
 15.3295  -3.1754  0.0694  0.0120  0.0103 -0.0062  0.0000  10.110  14.010   86.83
 15.3339  -9.3783  0.0711  0.0078  0.0077 -0.0003  0.0000   7.160  24.350   92.38
 15.3339   9.3783  0.0711  0.0078  0.0077  0.0003  0.0000   7.160  24.350   92.38
 15.3819  -7.7012  0.0685  0.0085  0.0083 -0.0019 -0.0001   7.780  24.720   91.21
 15.3819   7.7012  0.0685  0.0085  0.0083  0.0019 -0.0001   7.780  24.720   91.21
 15.3821  -7.9772  0.0687  0.0086  0.0085 -0.0012 -0.0001   7.870  24.650   91.25
 15.3821   7.9772  0.0687  0.0086  0.0085  0.0012 -0.0001   7.870  24.650   91.25
 15.3895  -8.6284  0.0695  0.0066  0.0065 -0.0014  0.0000   6.110  24.520   92.25
 15.3895   8.6284  0.0695  0.0066  0.0065  0.0014  0.0000   6.110  24.520   92.25
 15.3937  -8.9739  0.0701  0.0066  0.0066 -0.0009  0.0000   6.120  24.480   92.36
 15.3937   8.9739  0.0701  0.0066  0.0066  0.0009  0.0000   6.120  24.480   92.36
 15.6342   0.6712  0.0816  0.0044  0.0044  0.0009  0.0000  16.110  19.660   84.47
 15.6625   8.0144  0.0798  0.0080  0.0080  0.0005  0.0000   6.510  23.380   81.43
 15.6625  -8.0144  0.0798  0.0080  0.0080 -0.0005  0.0000   6.510  23.380   81.43
 15.7059   2.4581  0.0877  0.0049  0.0049  0.0001  0.0000  17.480  20.060   83.23
 15.7388  -2.2638  0.0706  0.0047  0.0046 -0.0008  0.0000  17.120  20.270   84.91
 15.7605   1.7529  0.0862  0.0045  0.0043  0.0012  0.0000  16.230  19.900   84.14
 15.8304  -0.4941  0.0764  0.0043  0.0043  0.0001  0.0000  15.580  20.040   84.32
 15.8473  -0.7865  0.0752  0.0041  0.0041 -0.0004  0.0000  14.990  20.090   84.36
 15.8777  -0.3187  0.0771  0.0091  0.0091  0.0003  0.0000   7.490  15.330   84.89
 15.8960  -0.9253  0.0745  0.0086  0.0086 -0.0006  0.0000   7.140  15.110   85.09
 15.9171  -0.6153  0.0757  0.0092  0.0090 -0.0018  0.0000   7.590  15.260   85.07
 15.9596   5.8549  0.0781  0.0100  0.0099  0.0015  0.0000   8.190  21.260   82.62
 15.9596  -5.8549  0.0781  0.0100  0.0099 -0.0015  0.0000   8.190  21.260   82.62
 16.2273 -10.2990  0.0689  0.0097  0.0097  0.0007  0.0000   9.100  25.670   93.36
 16.2273  10.2990  0.0689  0.0097  0.0097 -0.0007  0.0000   9.100  25.670   93.36
 16.2375  -9.9908  0.0680  0.0085  0.0084 -0.0007  0.0000   7.950  25.680   93.70
 16.2375   9.9908  0.0680  0.0085  0.0084  0.0007  0.0000   7.950  25.680   93.70
 16.2387  10.2287  0.0890  0.0091  0.0091  0.0003  0.0000   7.370  26.780   80.36
 16.2387 -10.2287  0.0890  0.0091  0.0091 -0.0003  0.0000   7.370  26.780   80.36
 16.2406 -11.6214  0.0738  0.0097  0.0097 -0.0007  0.0000   9.220  25.860   94.78
 16.2406  11.6214  0.0738  0.0097  0.0097  0.0007  0.0000   9.220  25.860   94.78
 16.2521 -10.9240  0.0705  0.0097  0.0097  0.0002  0.0000   9.140  25.720   94.04
 16.2521  10.9240  0.0705  0.0097  0.0097 -0.0002  0.0000   9.140  25.720   94.04
 16.2538 -10.5852  0.0695  0.0096  0.0096  0.0005  0.0000   9.000  25.700   93.62
 16.2538  10.5852  0.0695  0.0096  0.0096 -0.0005  0.0000   9.000  25.700   93.62
 16.2653   9.7581  0.0864  0.0092  0.0092  0.0002  0.0000   7.480  26.170   80.61
 16.2653  -9.7581  0.0864  0.0092  0.0092 -0.0002  0.0000   7.480  26.170   80.61
 16.2666 -11.2682  0.0719  0.0096  0.0096  0.0002  0.0000   9.080  25.780   94.12
 16.2666  11.2682  0.0719  0.0096  0.0096 -0.0002  0.0000   9.080  25.780   94.12
 16.7103   3.0327  0.0869  0.0056  0.0054  0.0014  0.0000  20.430  22.220   84.12
 16.7452  -7.7785  0.0607  0.0075  0.0073 -0.0017  0.0000   7.030  26.810   92.55
 16.7452   7.7785  0.0607  0.0075  0.0073  0.0017  0.0000   7.030  26.810   92.55
 16.7608  -8.7057  0.0621  0.0072  0.0071 -0.0002  0.0000   6.700  26.660   92.89
 16.7608   8.7057  0.0621  0.0072  0.0071  0.0002  0.0000   6.700  26.660   92.89
 16.7914  -8.4191  0.0614  0.0067  0.0067 -0.0004  0.0000   6.320  26.760   92.92
 16.7914   8.4191  0.0614  0.0067  0.0067  0.0004  0.0000   6.320  26.760   92.92
 16.8093  -4.4714  0.0610  0.0057  0.0056 -0.0012  0.0000  21.050  23.160   85.25
 16.8462  -4.1879  0.0612  0.0102  0.0100 -0.0020 -0.0001   8.670  17.030   87.02
 16.8691  -3.1928  0.0634  0.0099  0.0096 -0.0025 -0.0001   8.400  16.800   86.58
 16.9152   0.3666  0.0767  0.0107  0.0106 -0.0019 -0.0001   8.860  17.490   84.49
 16.9488   3.6941  0.0839  0.0058  0.0054  0.0021  0.0000  21.160  22.880   84.58
 16.9663   1.1069  0.0800  0.0106  0.0106  0.0003  0.0000   8.740  17.950   84.01
 16.9738   0.7712  0.0784  0.0103  0.0103 -0.0003  0.0000   8.470  17.760   84.33
 16.9784   1.4843  0.0819  0.0114  0.0114 -0.0004  0.0000   9.350  18.210   83.92
 17.0328   8.7439  0.0793  0.0080  0.0080  0.0003  0.0000   6.540  25.720   81.13
 17.0328  -8.7439  0.0793  0.0080  0.0080 -0.0003  0.0000   6.540  25.720   81.13
 17.1651   2.5767  0.0843  0.0105  0.0103  0.0023 -0.0001   8.650  19.640   83.67
 17.1787   4.6360  0.0794  0.0053  0.0051  0.0012  0.0000  19.290  23.880   84.19
 17.2056   2.9401  0.0845  0.0102  0.0100  0.0018 -0.0001   8.400  20.000   83.65
 17.2078   3.3430  0.0839  0.0100  0.0095  0.0031 -0.0001   8.220  20.490   83.41
 17.2104   4.0793  0.0814  0.0105  0.0104  0.0016 -0.0001   8.670  21.120   83.30
 17.2307   3.7608  0.0823  0.0114  0.0111  0.0027 -0.0001   9.410  20.830   83.40
 17.4841  -2.2216  0.0628  0.0107  0.0105 -0.0021 -0.0001   9.030  17.860   85.96
 17.5217  -1.8641  0.0637  0.0118  0.0102 -0.0060 -0.0001   9.940  17.940   85.93
 17.5499   0.1185  0.0724  0.0055  0.0055  0.0000  0.0000  20.030  23.040   83.91
 17.5505   1.5710  0.0787  0.0057  0.0057  0.0008  0.0000  20.970  23.280   84.11
 17.5566  -1.1278  0.0665  0.0102  0.0093 -0.0041 -0.0001   8.510  18.130   85.53
 17.5629  -1.1502  0.0664  0.0048  0.0048 -0.0006  0.0000  17.600  23.160   84.18
 17.5725  -0.8495  0.0677  0.0049  0.0049 -0.0006  0.0000  18.060  23.140   84.12
 17.5749  -0.4765  0.0695  0.0126  0.0125  0.0015 -0.0001  10.460  18.340   84.78
 17.5830  -2.2256  0.0623  0.0053  0.0053 -0.0006  0.0000  19.420  23.420   84.28
 17.5919  -1.4764  0.0649  0.0055  0.0054 -0.0010  0.0000  20.250  23.270   84.32
 17.6010   0.8179  0.0753  0.0053  0.0053  0.0006  0.0000  19.470  23.180   84.07
 17.6192 -10.4420  0.0624  0.0098  0.0098  0.0007 -0.0001   9.500  27.920   95.35
 17.6192  10.4420  0.0624  0.0098  0.0098 -0.0007 -0.0001   9.500  27.920   95.35
 17.8060  -4.4636  0.0551  0.0057  0.0056 -0.0010  0.0000  21.250  24.720   84.97
 17.8068  -4.2126  0.0556  0.0057  0.0056 -0.0012  0.0000  21.310  24.590   85.05
 17.8621   5.0326  0.0746  0.0099  0.0096  0.0024 -0.0001   8.150  22.800   82.90
 17.8621  -5.0326  0.0746  0.0099  0.0096 -0.0024 -0.0001   8.150  22.800   82.90
 17.9143  -3.5493  0.0566  0.0112  0.0107 -0.0033 -0.0001   9.520  18.770   86.77
 17.9161   5.4162  0.0737  0.0115  0.0114  0.0014 -0.0001   9.490  23.250   82.80
 17.9161  -5.4162  0.0737  0.0115  0.0114 -0.0014 -0.0001   9.490  23.250   82.80
 17.9179   5.7734  0.0733  0.0109  0.0105  0.0027 -0.0001   8.970  23.530   82.71
 17.9179  -5.7734  0.0733  0.0109  0.0105 -0.0027 -0.0001   8.970  23.530   82.71
 17.9777  -5.8840  0.0521  0.0055  0.0054 -0.0007  0.0000  20.400  25.840   85.03
 18.1231  -0.0181  0.0686  0.0124  0.0123 -0.0018 -0.0001  10.340  19.520   84.82
 18.1278   0.7623  0.0720  0.0097  0.0096 -0.0007 -0.0001   8.030  19.860   84.41
 18.1477   0.3770  0.0702  0.0111  0.0111  0.0002 -0.0001   9.260  19.720   84.44
 18.1578  -8.7478  0.0543  0.0066  0.0065 -0.0008  0.0000   6.340  28.830   95.10
 18.1578   8.7478  0.0543  0.0066  0.0065  0.0008  0.0000   6.340  28.830   95.10
 18.1693   1.7640  0.0755  0.0110  0.0107  0.0022 -0.0001   9.080  20.540   83.95
 18.1932   1.4785  0.0743  0.0115  0.0111 -0.0028 -0.0001   9.510  20.370   84.11
 18.1992   1.1630  0.0731  0.0101  0.0100  0.0015 -0.0001   8.360  20.200   84.12
 18.2390   2.6517  0.0764  0.0054  0.0051  0.0019  0.0000  20.040  24.710   84.36
 18.3806   3.0014  0.0754  0.0061  0.0058  0.0018  0.0000  22.330  25.070   84.31
 18.4854   3.3449  0.0743  0.0055  0.0053  0.0015  0.0000  20.390  25.350   84.28
 18.5674   2.6789  0.0739  0.0106  0.0102  0.0029 -0.0001   8.800  21.850   83.74
 18.5790   3.4806  0.0730  0.0114  0.0112  0.0022 -0.0001   9.510  22.540   83.68
 18.5926   4.4870  0.0716  0.0104  0.0103  0.0017 -0.0001   8.630  23.380   83.33
 18.5967   3.8372  0.0723  0.0109  0.0106  0.0025 -0.0001   9.020  22.870   83.56
 18.6095   3.0871  0.0736  0.0104  0.0103  0.0018 -0.0001   8.650  22.270   83.70
 18.6137   4.1566  0.0717  0.0103  0.0099  0.0028 -0.0001   8.540  23.130   83.41
 18.6581  -2.7360  0.0540  0.0055  0.0055 -0.0005 -0.0001  20.540  25.430   84.71
 18.6789   0.6602  0.0680  0.0056  0.0056  0.0005  0.0000  20.590  24.960   84.02
 18.7256   4.0053  0.0710  0.0057  0.0056  0.0011 -0.0001  20.920  25.990   84.19
 18.7427 -11.5574  0.0581  0.0085  0.0084  0.0015 -0.0001   8.410  29.650   96.97
 18.7427  11.5574  0.0581  0.0085  0.0084 -0.0015 -0.0001   8.410  29.650   96.97
 18.8013 -10.8169  0.0548  0.0093  0.0093 -0.0009 -0.0001   9.440  29.790   98.91
 18.8013  10.8169  0.0548  0.0093  0.0093  0.0009 -0.0001   9.440  29.790   98.91
 18.9362  -2.0546  0.0554  0.0109  0.0100 -0.0045 -0.0001   9.300  20.390   86.14
 18.9433  -1.6717  0.0568  0.0115  0.0109 -0.0038 -0.0001   9.770  20.440   85.79
 18.9460  -2.4654  0.0532  0.0120  0.0118 -0.0024 -0.0001  10.230  20.410   86.12
 18.9708  -1.2846  0.0581  0.0113  0.0107 -0.0036 -0.0001   9.570  20.550   85.68
 19.0574  -3.9722  0.0476  0.0129  0.0127 -0.0025 -0.0001   9.430  16.760   82.39
 19.0574   3.9722  0.0476  0.0129  0.0127  0.0025 -0.0001   9.430  16.760   82.39
 19.1336  -3.2256  0.0485  0.0111  0.0105 -0.0034 -0.0001   8.090  16.400   82.49
 19.1336   3.2256  0.0485  0.0111  0.0105  0.0034 -0.0001   8.090  16.400   82.49
 19.1525  -2.2098  0.0532  0.0115  0.0112 -0.0026 -0.0001   8.360  16.050   82.30
 19.1525   2.2098  0.0532  0.0115  0.0112  0.0026 -0.0001   8.360  16.050   82.30
 19.5122   5.5822  0.0645  0.0105  0.0102  0.0025 -0.0001   8.730  25.450   82.74
 19.5122  -5.5822  0.0645  0.0105  0.0102 -0.0025 -0.0001   8.730  25.450   82.74
 19.5220   5.9417  0.0643  0.0103  0.0101  0.0018 -0.0001   8.520  25.790   82.68
 19.5220  -5.9417  0.0643  0.0103  0.0101 -0.0018 -0.0001   8.520  25.790   82.68
 19.5585   5.1179  0.0641  0.0089  0.0084  0.0027 -0.0001   7.380  25.150   82.98
 19.5585  -5.1179  0.0641  0.0089  0.0084 -0.0027 -0.0001   7.380  25.150   82.98
 19.6198   0.7999  0.0608  0.0108  0.0108 -0.0003 -0.0001   9.040  22.420   84.60
 19.6322   1.1503  0.0619  0.0113  0.0113  0.0005 -0.0001   9.480  22.600   84.46
 19.6483   1.8024  0.0635  0.0106  0.0105  0.0013 -0.0001   8.870  22.980   84.25
 19.6709   4.0440  0.0639  0.0104  0.0097  0.0038 -0.0001   7.610  18.500   82.28
 19.6754   1.4897  0.0625  0.0128  0.0126  0.0020 -0.0001  10.730  22.840   84.37
 19.7116   3.7771  0.0639  0.0102  0.0098  0.0031 -0.0001   7.500  18.300   82.24
 19.7886   3.0688  0.0618  0.0153  0.0128  0.0083 -0.0001  11.240  18.130   82.70
 19.8037  -3.0774  0.0443  0.0117  0.0111 -0.0035 -0.0001  10.030  21.930   86.69
 19.8038  -3.7660  0.0426  0.0110  0.0109 -0.0020 -0.0001   9.510  22.050   86.85
 19.8075  -3.3164  0.0437  0.0115  0.0112 -0.0026 -0.0001   9.860  21.960   86.79
 19.8150  -4.0219  0.0419  0.0111  0.0108 -0.0025 -0.0001   9.600  22.120   87.08
 20.2930  -5.2234  0.0357  0.0119  0.0117 -0.0026 -0.0001  10.440  23.230   87.75
 20.3082  -5.4615  0.0353  0.0109  0.0107 -0.0023 -0.0001   9.560  23.340   87.79
 20.3884   2.4743  0.0571  0.0114  0.0110  0.0032 -0.0001   9.610  24.570   84.00
 20.4082   2.9214  0.0563  0.0112  0.0110  0.0021 -0.0001   9.370  24.770   83.87
 20.4087   3.3029  0.0567  0.0126  0.0120  0.0039 -0.0001  10.530  24.940   83.55
 20.5963  -2.2992  0.0421  0.0112  0.0110 -0.0021 -0.0001   9.630  23.190   86.08
 20.6458  -1.9179  0.0432  0.0114  0.0111 -0.0026 -0.0001   9.760  23.290   85.95
 20.6609  -1.5167  0.0441  0.0115  0.0115 -0.0008 -0.0001   9.840  23.350   85.71
 20.6642  -0.8610  0.0469  0.0124  0.0123 -0.0015 -0.0001  10.600  23.580   85.41
 20.6689  -1.2122  0.0451  0.0118  0.0117 -0.0013 -0.0001  10.090  23.550   85.63
 20.9886   4.9156  0.0542  0.0105  0.0098  0.0038 -0.0001   7.660  21.120   81.03
 21.0285   5.3060  0.0541  0.0112  0.0106  0.0035 -0.0001   8.130  21.490   80.75
 21.1255  -7.0550  0.0276  0.0118  0.0115 -0.0029 -0.0001   8.580  22.310   80.48
 21.1255   7.0550  0.0276  0.0118  0.0115  0.0029 -0.0001   8.580  22.310   80.48
 21.2035  -5.9326  0.0274  0.0103  0.0098 -0.0032 -0.0001   7.470  21.550   80.64
 21.2035   5.9326  0.0274  0.0103  0.0098  0.0032 -0.0001   7.470  21.550   80.64
 21.2100  -6.7273  0.0268  0.0117  0.0114 -0.0025 -0.0001   8.450  22.180   80.36
 21.2100   6.7273  0.0268  0.0117  0.0114  0.0025 -0.0001   8.450  22.180   80.36
 21.2198  -6.3605  0.0268  0.0102  0.0100 -0.0020 -0.0001   7.390  21.860   80.27
 21.2198   6.3605  0.0268  0.0102  0.0100  0.0020 -0.0001   7.390  21.860   80.27
 21.2561  -5.1943  0.0284  0.0113  0.0112 -0.0020 -0.0001   8.150  21.050   80.14
 21.2561   5.1943  0.0284  0.0113  0.0112  0.0020 -0.0001   8.150  21.050   80.14
 21.2722  -4.4806  0.0302  0.0112  0.0107 -0.0032 -0.0001   8.070  20.600   80.52
 21.2722   4.4806  0.0302  0.0112  0.0107  0.0032 -0.0001   8.070  20.600   80.52
 21.2728  -2.8416  0.0354  0.0125  0.0122 -0.0025 -0.0001   8.960  19.780   80.25
 21.2728   2.8416  0.0354  0.0125  0.0122  0.0025 -0.0001   8.960  19.780   80.25
 21.2743  -5.5942  0.0274  0.0108  0.0102 -0.0033 -0.0001   7.800  21.400   80.61
 21.2743   5.5942  0.0274  0.0108  0.0102  0.0033 -0.0001   7.800  21.400   80.61
 21.2989  -2.0650  0.0383  0.0118  0.0116 -0.0019 -0.0001   8.420  19.590   80.11
 21.2989   2.0650  0.0383  0.0118  0.0116  0.0019 -0.0001   8.420  19.590   80.11
 21.3207  -2.4595  0.0367  0.0116  0.0115 -0.0012 -0.0001   8.250  19.750   79.87
 21.3207   2.4595  0.0367  0.0116  0.0115  0.0012 -0.0001   8.250  19.750   79.87
 21.3422   0.0050  0.0455  0.0108  0.0108  0.0008 -0.0001   9.210  24.860   85.02
 21.3694  -0.0649  0.0449  0.0122  0.0122  0.0002 -0.0001   8.720  19.610   79.88
 21.3969   0.3787  0.0457  0.0105  0.0105  0.0003 -0.0001   8.910  25.050   85.01
 21.4200   0.8260  0.0466  0.0104  0.0104  0.0002 -0.0001   8.850  25.280   84.90
 21.4358  -1.5577  0.0387  0.0113  0.0112 -0.0016 -0.0001   8.080  19.700   79.99
 21.4358   1.5577  0.0387  0.0113  0.0112  0.0016 -0.0001   8.080  19.700   79.99
 21.4468  -0.7869  0.0409  0.0117  0.0117 -0.0010 -0.0001   8.360  19.600   79.80
 21.4526   1.1674  0.0471  0.0124  0.0124  0.0008 -0.0001  10.550  25.500   84.69
 21.4595   1.4673  0.0477  0.0102  0.0100  0.0019 -0.0001   8.670  25.640   84.41
 21.4847  -1.1711  0.0395  0.0111  0.0111  0.0001 -0.0001   7.940  19.690   79.71
 21.6932  -5.3669  0.0248  0.0115  0.0111 -0.0031 -0.0001  10.150  25.460   88.02
 21.7463  -5.1760  0.0249  0.0102  0.0100 -0.0016 -0.0001   8.940  25.480   87.67
 21.8317  -5.9568  0.0223  0.0091  0.0090 -0.0008 -0.0001   8.020  25.920   87.88
 22.5941  -3.4228  0.0254  0.0128  0.0126 -0.0024 -0.0001  11.200  26.330   86.69
 22.6449  -3.0031  0.0266  0.0112  0.0109 -0.0023 -0.0001   9.740  26.370   86.48
 23.4454  -4.5168  0.0181  0.0119  0.0119 -0.0007  0.0000   8.370  23.780   77.46
 23.4454   4.5168  0.0181  0.0119  0.0119  0.0007  0.0000   8.370  23.780   77.46
 23.4487  -5.9998  0.0120  0.0106  0.0102 -0.0029 -0.0001   7.550  24.690   78.49
 23.4487   5.9998  0.0120  0.0106  0.0102  0.0029 -0.0001   7.550  24.690   78.49
 23.4515  -4.2614  0.0190  0.0111  0.0111 -0.0001  0.0000   7.790  23.660   77.61
 23.4515   4.2614  0.0190  0.0111  0.0111  0.0001  0.0000   7.790  23.660   77.61
 23.4638  -4.8728  0.0167  0.0124  0.0118 -0.0036  0.0000   8.810  24.000   78.54
 23.4638   4.8728  0.0167  0.0124  0.0118  0.0036  0.0000   8.810  24.000   78.54
 23.4685  -5.2450  0.0150  0.0106  0.0105 -0.0016  0.0000   7.480  24.210   77.92
 23.4685   5.2450  0.0150  0.0106  0.0105  0.0016  0.0000   7.480  24.210   77.92
 23.4795  -5.6401  0.0132  0.0126  0.0111 -0.0060 -0.0001   9.090  24.510   79.26
 23.4795   5.6401  0.0132  0.0126  0.0111  0.0060 -0.0001   9.090  24.510   79.26
 24.0215  -1.9447  0.0254  0.0122  0.0119 -0.0028 -0.0001   8.620  23.960   77.93
 24.0215   1.9447  0.0254  0.0122  0.0119  0.0028 -0.0001   8.620  23.960   77.93
 24.0392  -0.4690  0.0266  0.0127  0.0126  0.0016 -0.0001   8.950  23.730   77.63
 24.0532  -1.1898  0.0249  0.0116  0.0116 -0.0004 -0.0001   8.090  23.760   76.86
 24.0826  -1.5568  0.0250  0.0116  0.0114 -0.0019 -0.0001   8.140  23.990   77.52
 24.0826   1.5568  0.0250  0.0116  0.0114  0.0019 -0.0001   8.140  23.990   77.52
