                                                                        S      1
1H,,1H;,,                                                               G      1
22HC:\faith_model_tc2.igs,                                              G      2
26HRhinoceros ( Feb 22 2008 ),31HTrout Lake IGES 012 Feb 22 2008,       G      3
32,38,6,308,15,                                                         G      4
,                                                                       G      5
1.0D0,1,4HINCH,1,0.01D0,13H090702.182446,                               G      6
0.01D0,                                                                 G      7
9.215565954203475D0,                                                    G      8
9HKurt Long,                                                            G      9
10HNASA Ames ,                                                          G     10
10,0,13H090702.182446;                                                  G     11
     314       1       0       0       0       0       0       000000200D      1
     314       0       1       1       0       0       0   COLOR       0D      2
     314       2       0       0       0       0       0       000000200D      3
     314       0       2       1       0       0       0   COLOR       0D      4
     314       3       0       0       0       0       0       000000200D      5
     314       0       4       1       0       0       0   COLOR       0D      6
     314       4       0       0       0       0       0       000000200D      7
     314       0       4       1       0       0       0   COLOR       0D      8
     314       5       0       0       0       0       0       000000200D      9
     314       0       1       1       0       0       0   COLOR       0D     10
     314       6       0       0       0       0       0       000000200D     11
     314       0       8       1       0       0       0   COLOR       0D     12
     406       7       0       0       1       0       0       000000300D     13
     406       0      -1       1       3       0       0LEVELDEF       0D     14
     406       8       0       0       2       0       0       000000300D     15
     406       0      -3       1       3       0       0LEVELDEF       0D     16
     406       9       0       0       3       0       0       000000300D     17
     406       0      -5       1       3       0       0LEVELDEF       0D     18
     406      10       0       0       4       0       0       000000300D     19
     406       0      -7       1       3       0       0LEVELDEF       0D     20
     406      11       0       0       5       0       0       000000300D     21
     406       0      -9       1       3       0       0LEVELDEF       0D     22
     406      12       0       0       6       0       0       000000300D     23
     406       0     -11       1       3       0       0LEVELDEF       0D     24
     128      13       0       0       1       0       0       000010000D     25
     128       0      -1      10       8       0       0   Shell       0D     26
     126      23       0       0       1       0       0       000010000D     27
     126       0      -1      31       0       0       0   Shell       1D     28
     126      54       0       0       1       0       0       000010500D     29
     126       0      -1      78       0       0       0   Shell       1D     30
     141     132       0       0       1       0       0       000010000D     31
     141       0      -1       1       0       0       0   Shell       1D     32
     143     133       0       0       1       0       0       000000000D     33
     143       0      -1       1       0       0       0   Shell       1D     34
     128     134       0       0       1       0       0       000000000D     35
     128       0      -1    4330       0       0       0   Shell       2D     36
314,0.0,0.0,0.0,20HRGB(   0,   0,   0 );                         0000001P      1
314,100.0,0.0,0.0,20HRGB( 255,   0,   0 );                       0000003P      2
314,49.01961,14.90196,80.39216,20HRGB( 125,  38, 205 );          0000005P      3
314,0.0,0.0,100.0,20HRGB(   0,   0, 255 );                       0000007P      4
314,0.0,49.80392,0.0,20HRGB(   0, 127,   0 );                    0000009P      5
314,100.0,100.0,100.0,20HRGB( 255, 255, 255 );                   0000011P      6
406,2,1,7HDefault;                                               0000013P      7
406,2,2,8HLayer 01;                                              0000015P      8
406,2,3,8HLayer 02;                                              0000017P      9
406,2,4,8HLayer 03;                                              0000019P     10
406,2,5,8HLayer 04;                                              0000021P     11
406,2,6,8HLayer 05;                                              0000023P     12
128,1,1,1,1,0,0,1,0,0,-18.00000510894896D0,-18.00000510894896D0, 0000025P     13
8.830933673209529D-07,8.830933673209529D-07,                     0000025P     14
-9.000008936042296D0,-9.000008936042296D0,9.000000206461966D0,   0000025P     15
9.000000206461966D0,1.0D0,1.0D0,1.0D0,1.0D0,                     0000025P     16
-9.000005108948962D0,1.2877D-08,-9.000008936042296D0,            0000025P     17
9.000000883093367D0,1.2877D-08,-9.000008936042296D0,             0000025P     18
-9.000005108948962D0,1.2877D-08,9.000000206461966D0,             0000025P     19
9.000000883093367D0,1.2877D-08,9.000000206461966D0,              0000025P     20
-18.00000510894896D0,8.830933673209529D-07,-9.000008936042296D0, 0000025P     21
9.000000206461966D0;                                             0000025P     22
126,20,3,1,1,1,0,0.0D0,0.0D0,0.0D0,0.0D0,1.696305755596757D0,    0000027P     23
3.392611511193514D0,7.068538823819561D0,10.74446613644561D0,     0000027P     24
14.13707764763912D0,17.52968915883264D0,21.20561647145868D0,     0000027P     25
24.88154378408473D0,28.27415529527825D0,31.66676680647176D0,     0000027P     26
35.3426941190978D0,39.01862143172384D0,42.41123294291734D0,      0000027P     27
45.80384445411085D0,49.47977176673689D0,53.15569907936294D0,     0000027P     28
54.8520048349597D0,56.54831059055645D0,56.54831059055645D0,      0000027P     29
56.54831059055645D0,56.54831059055645D0,1.0D0,1.0D0,1.0D0,1.0D0, 0000027P     30
1.0D0,1.0D0,1.0D0,1.0D0,1.0D0,1.0D0,1.0D0,1.0D0,1.0D0,1.0D0,     0000027P     31
1.0D0,1.0D0,1.0D0,1.0D0,1.0D0,1.0D0,1.0D0,9.0D0,1.2877D-08,      0000027P     32
-5.551115123125783D-17,9.000000883093367D0,1.2877D-08,           0000027P     33
0.5654139201937077D0,8.892878687054123D0,1.2877D-08,             0000027P     34
1.69622359866266D0,8.234063510626346D0,1.2877D-08,               0000027P     35
3.969673249676815D0,6.54343050915505D0,1.2877D-08,               0000027P     36
6.543294156102232D0,3.486860405978413D0,1.2877D-08,              0000027P     37
8.550883074098378D0,-2.855903504107117D-05,1.2877D-08,           0000027P     38
9.215557575735673D0,-3.48674139992819D0,1.2877D-08,              0000027P     39
8.550884347353302D0,-6.543417485482884D0,1.2877D-08,             0000027P     40
6.543467068642793D0,-8.550850500613901D0,1.2877D-08,             0000027P     41
3.486850741586501D0,-9.215565954203475D0,1.2877D-08,             0000027P     42
-2.604627914341254D-05,-8.550882007600743D0,1.2877D-08,          0000027P     43
-3.486742206238578D0,-6.543467939204044D0,1.2877D-08,            0000027P     44
-6.543416800714014D0,-3.48684973326781D0,1.2877D-08,             0000027P     45
-8.550852327844478D0,2.291161142151848D-05,1.2877D-08,           0000027P     46
-9.215559413264336D0,3.486754260140792D0,1.2877D-08,             0000027P     47
-8.550907436589796D0,6.54337119736005D0,1.2877D-08,              0000027P     48
-6.543371661837937D0,8.234054459704433D0,1.2877D-08,             0000027P     49
-3.969695120259903D0,8.892873388493927D0,1.2877D-08,             0000027P     50
-1.696259922499587D0,8.999999116906635D0,1.2877D-08,             0000027P     51
-0.565413920193706D0,9.0D0,1.2877D-08,9.839134715305953D-18,     0000027P     52
0.0D0,56.54831059055645D0,0.0D0,1.0D0,0.0D0;                     0000027P     53
126,54,3,1,1,1,0,0.0D0,0.0D0,0.0D0,0.0D0,1.696305755596757D0,    0000029P     54
1.696305755596757D0,1.696305755596757D0,3.392611511193514D0,     0000029P     55
3.392611511193514D0,3.392611511193514D0,7.068538823819561D0,     0000029P     56
7.068538823819561D0,7.068538823819561D0,10.74446613644561D0,     0000029P     57
10.74446613644561D0,10.74446613644561D0,14.13707764763912D0,     0000029P     58
14.13707764763912D0,14.13707764763912D0,17.52968915883264D0,     0000029P     59
17.52968915883264D0,17.52968915883264D0,21.20561647145868D0,     0000029P     60
21.20561647145868D0,21.20561647145868D0,24.88154378408473D0,     0000029P     61
24.88154378408473D0,24.88154378408473D0,28.27415529527825D0,     0000029P     62
28.27415529527825D0,28.27415529527825D0,31.66676680647176D0,     0000029P     63
31.66676680647176D0,31.66676680647176D0,35.3426941190978D0,      0000029P     64
35.3426941190978D0,35.3426941190978D0,39.01862143172384D0,       0000029P     65
39.01862143172384D0,39.01862143172384D0,42.41123294291734D0,     0000029P     66
42.41123294291734D0,42.41123294291734D0,45.80384445411085D0,     0000029P     67
45.80384445411085D0,45.80384445411085D0,49.47977176673689D0,     0000029P     68
49.47977176673689D0,49.47977176673689D0,53.15569907936294D0,     0000029P     69
53.15569907936294D0,53.15569907936294D0,54.8520048349597D0,      0000029P     70
54.8520048349597D0,54.8520048349597D0,56.54831059055645D0,       0000029P     71
56.54831059055645D0,56.54831059055645D0,56.54831059055645D0,     0000029P     72
1.0D0,1.0D0,1.0D0,1.0D0,1.0D0,1.0D0,1.0D0,1.0D0,1.0D0,1.0D0,     0000029P     73
1.0D0,1.0D0,1.0D0,1.0D0,1.0D0,1.0D0,1.0D0,1.0D0,1.0D0,1.0D0,     0000029P     74
1.0D0,1.0D0,1.0D0,1.0D0,1.0D0,1.0D0,1.0D0,1.0D0,1.0D0,1.0D0,     0000029P     75
1.0D0,1.0D0,1.0D0,1.0D0,1.0D0,1.0D0,1.0D0,1.0D0,1.0D0,1.0D0,     0000029P     76
1.0D0,1.0D0,1.0D0,1.0D0,1.0D0,1.0D0,1.0D0,1.0D0,1.0D0,1.0D0,     0000029P     77
1.0D0,1.0D0,1.0D0,1.0D0,1.0D0,0.0D0,-3.078478645481472D-33,      0000029P     78
0.0D0,8.830933673209529D-07,0.5654139201937078D0,0.0D0,          0000029P     79
-0.05356021492625462D0,1.130818759428184D0,0.0D0,                0000029P     80
-0.1593918948347887D0,1.686312050270407D0,0.0D0,                 0000029P     81
-0.2652235747433228D0,2.241805341112631D0,0.0D0,                 0000029P     82
-0.4233258365407689D0,2.787387083562603D0,0.0D0,                 0000029P     83
-0.6315855169917706D0,3.313047373077695D0,0.0D0,                 0000029P     84
-1.082888264130827D0,4.452163366179814D0,0.0D0,                  0000029P     85
-1.769728877487889D0,5.497728761141024D0,0.0D0,                  0000029P     86
-2.636010412567114D0,6.363932473796827D0,0.0D0,                  0000029P     87
-3.502291947646338D0,7.230136186452631D0,0.0D0,                  0000029P     88
-4.548014404447726D0,7.91697821680303D0,0.0D0,                   0000029P     89
-5.687099765377426D0,8.368094626365462D0,0.0D0,                  0000029P     90
-6.738392073157411D0,8.784442011340396D0,0.0D0,                  0000029P     91
-7.869210316096226D0,8.999999793538034D0,0.0D0,                  0000029P     92
-8.999999999999998D0,9.0D0,0.0D0,-10.13078968390378D0,           0000029P     93
9.000000206461966D0,0.0D0,-11.26155080877251D0,                  0000029P     94
8.784442837188257D0,0.0D0,-12.31282947438516D0,                  0000029P     95
8.368121678754473D0,0.0D0,-13.4519000538949D0,                   0000029P     96
7.917033685902477D0,0.0D0,-14.49765876968889D0,                  0000029P     97
7.230250377272634D0,0.0D0,-15.36393247379528D0,                  0000029P     98
6.363989587434434D0,0.0D0,-16.23020617790167D0,                  0000029P     99
5.497728797596233D0,0.0D0,-16.91699487032045D0,                  0000029P    100
4.451990526549674D0,0.0D0,-17.36809316324901D0,                  0000029P    101
3.312899800631152D0,0.0D0,-17.78442382789861D0,                  0000029P    102
2.261602541359668D0,0.0D0,-17.99999489105104D0,                  0000029P    103
1.130788247540262D0,0.0D0,-18.0D0,1.073197520434777D-15,0.0D0,   0000029P    104
-18.00000510894896D0,-1.130788247540258D0,0.0D0,                 0000029P    105
-17.78444426369445D0,-2.261550448801372D0,0.0D0,                 0000029P    106
-17.36812178413008D0,-3.312829448209849D0,0.0D0,                 0000029P    107
-16.91703235982035D0,-4.451900389390588D0,0.0D0,                 0000029P    108
-16.23025014951219D0,-5.4976585950523D0,0.0D0,                   0000029P    109
-15.36398958743096D0,-6.363932473798746D0,0.0D0,                 0000029P    110
-14.49772902534973D0,-7.230206352545192D0,0.0D0,                 0000029P    111
-13.45199011149543D0,-7.916995904376369D0,0.0D0,                 0000029P    112
-12.31289983412915D0,-8.368093080619914D0,0.0D0,                 0000029P    113
-11.26160298883851D0,-8.78442271465107D0,0.0D0,                  0000029P    114
-10.13079003861355D0,-8.999991063957703D0,0.0D0,-9.0D0,-9.0D0,   0000029P    115
0.0D0,-7.869209961386456D0,-9.000008936042296D0,0.0D0,           0000029P    116
-6.738442834384336D0,-8.784458458820257D0,0.0D0,                 0000029P    117
-5.687170011304022D0,-8.368122926547844D0,0.0D0,                 0000029P    118
-4.548105762234449D0,-7.917019359502979D0,0.0D0,                 0000029P    119
-3.502367282437201D0,-7.230195510670459D0,0.0D0,                 0000029P    120
-2.636067526308692D0,-6.363989587538402D0,0.0D0,                 0000029P    121
-1.769767770180181D0,-5.497783664406344D0,0.0D0,                 0000029P    122
-1.082906737720411D0,-4.452195666974749D0,0.0D0,                 0000029P    123
-0.6315962079379274D0,-3.313077680026704D0,0.0D0,                0000029P    124
-0.423332936082168D0,-2.787416470424778D0,0.0D0,                 0000029P    125
-0.2652297737941204D0,-2.241838196462181D0,0.0D0,                0000029P    126
-0.1593967605469197D0,-1.686337558904412D0,0.0D0,                0000029P    127
-0.05356374729971936D0,-1.130836921346645D0,0.0D0,               0000029P    128
-8.830933655445961D-07,-0.5654139201937058D0,0.0D0,0.0D0,        0000029P    129
-3.078478645481472D-33,0.0D0,0.0D0,56.54831059055645D0,0.0D0,    0000029P    130
0.0D0,1.0D0;                                                     0000029P    131
141,1,3,25,1,27,1,1,29;                                          0000031P    132
143,1,25,1,31;                                                   0000033P    133
128,182,20,3,3,0,1,1,0,1,-180.0D0,-180.0D0,-180.0D0,-180.0D0,    0000035P    134
-179.0D0,-178.0D0,-177.0D0,-176.0D0,-175.0D0,-174.0D0,-173.0D0,  0000035P    135
-172.0D0,-171.0D0,-170.0D0,-169.0D0,-168.0D0,-167.0D0,-166.0D0,  0000035P    136
-165.0D0,-164.0D0,-163.0D0,-162.0D0,-161.0D0,-160.0D0,-159.0D0,  0000035P    137
-158.0D0,-157.0D0,-156.0D0,-155.0D0,-154.0D0,-153.0D0,-152.0D0,  0000035P    138
-151.0D0,-150.0D0,-149.0D0,-148.0D0,-147.0D0,-146.0D0,-145.0D0,  0000035P    139
-144.0D0,-143.0D0,-142.0D0,-141.0D0,-140.0D0,-139.0D0,-138.0D0,  0000035P    140
-137.0D0,-136.0D0,-135.0D0,-134.0D0,-133.0D0,-132.0D0,-131.0D0,  0000035P    141
-130.0D0,-129.0D0,-128.0D0,-127.0D0,-126.0D0,-125.0D0,-124.0D0,  0000035P    142
-123.0D0,-122.0D0,-121.0D0,-120.0D0,-119.0D0,-118.0D0,-117.0D0,  0000035P    143
-116.0D0,-115.0D0,-114.0D0,-113.0D0,-112.0D0,-111.0D0,-110.0D0,  0000035P    144
-109.0D0,-108.0D0,-107.0D0,-106.0D0,-105.0D0,-104.0D0,-103.0D0,  0000035P    145
-102.0D0,-101.0D0,-100.0D0,-99.0D0,-98.0D0,-97.0D0,-96.0D0,      0000035P    146
-95.0D0,-94.0D0,-93.0D0,-92.0D0,-91.0D0,-90.0D0,-89.0D0,-88.0D0, 0000035P    147
-87.0D0,-86.0D0,-85.0D0,-84.0D0,-83.0D0,-82.0D0,-81.0D0,-80.0D0, 0000035P    148
-79.0D0,-78.0D0,-77.0D0,-76.0D0,-75.0D0,-74.0D0,-73.0D0,-72.0D0, 0000035P    149
-71.0D0,-70.0D0,-69.0D0,-68.0D0,-67.0D0,-66.0D0,-65.0D0,-64.0D0, 0000035P    150
-63.0D0,-62.0D0,-61.0D0,-60.0D0,-59.0D0,-58.0D0,-57.0D0,-56.0D0, 0000035P    151
-55.0D0,-54.0D0,-53.0D0,-52.0D0,-51.0D0,-50.0D0,-49.0D0,-48.0D0, 0000035P    152
-47.0D0,-46.0D0,-45.0D0,-44.0D0,-43.0D0,-42.0D0,-41.0D0,-40.0D0, 0000035P    153
-39.0D0,-38.0D0,-37.0D0,-36.0D0,-35.0D0,-34.0D0,-33.0D0,-32.0D0, 0000035P    154
-31.0D0,-30.0D0,-29.0D0,-28.0D0,-27.0D0,-26.0D0,-25.0D0,-24.0D0, 0000035P    155
-23.0D0,-22.0D0,-21.0D0,-20.0D0,-19.0D0,-18.0D0,-17.0D0,-16.0D0, 0000035P    156
-15.0D0,-14.0D0,-13.0D0,-12.0D0,-11.0D0,-10.0D0,-9.0D0,-8.0D0,   0000035P    157
-7.0D0,-6.0D0,-5.0D0,-4.0D0,-3.0D0,-2.0D0,-1.0D0,-0.0D0,-0.0D0,  0000035P    158
-0.0D0,-0.0D0,-7.068538823819566D0,-3.392611511193515D0,         0000035P    159
-1.696305755596754D0,0.0D0,1.696305755596757D0,                  0000035P    160
3.392611511193514D0,7.068538823819561D0,10.74446613644561D0,     0000035P    161
14.13707764763912D0,17.52968915883264D0,21.20561647145868D0,     0000035P    162
24.88154378408473D0,28.27415529527825D0,31.66676680647176D0,     0000035P    163
35.3426941190978D0,39.01862143172384D0,42.41123294291734D0,      0000035P    164
45.80384445411085D0,49.47977176673689D0,53.15569907936294D0,     0000035P    165
54.8520048349597D0,56.54831059055645D0,58.24461634615321D0,      0000035P    166
59.94092210174996D0,63.61684941437601D0,1.0D0,1.0D0,1.0D0,1.0D0, 0000035P    167
1.0D0,1.0D0,1.0D0,1.0D0,1.0D0,1.0D0,1.0D0,1.0D0,1.0D0,1.0D0,     0000035P    168
1.0D0,1.0D0,1.0D0,1.0D0,1.0D0,1.0D0,1.0D0,1.0D0,1.0D0,1.0D0,     0000035P    169
1.0D0,1.0D0,1.0D0,1.0D0,1.0D0,1.0D0,1.0D0,1.0D0,1.0D0,1.0D0,     0000035P    170
1.0D0,1.0D0,1.0D0,1.0D0,1.0D0,1.0D0,1.0D0,1.0D0,1.0D0,1.0D0,     0000035P    171
1.0D0,1.0D0,1.0D0,1.0D0,1.0D0,1.0D0,1.0D0,1.0D0,1.0D0,1.0D0,     0000035P    172
1.0D0,1.0D0,1.0D0,1.0D0,1.0D0,1.0D0,1.0D0,1.0D0,1.0D0,1.0D0,     0000035P    173
1.0D0,1.0D0,1.0D0,1.0D0,1.0D0,1.0D0,1.0D0,1.0D0,1.0D0,1.0D0,     0000035P    174
1.0D0,1.0D0,1.0D0,1.0D0,1.0D0,1.0D0,1.0D0,1.0D0,1.0D0,1.0D0,     0000035P    175
1.0D0,1.0D0,1.0D0,1.0D0,1.0D0,1.0D0,1.0D0,1.0D0,1.0D0,1.0D0,     0000035P    176
1.0D0,1.0D0,1.0D0,1.0D0,1.0D0,1.0D0,1.0D0,1.0D0,1.0D0,1.0D0,     0000035P    177
1.0D0,1.0D0,1.0D0,1.0D0,1.0D0,1.0D0,1.0D0,1.0D0,1.0D0,1.0D0,     0000035P    178
1.0D0,1.0D0,1.0D0,1.0D0,1.0D0,1.0D0,1.0D0,1.0D0,1.0D0,1.0D0,     0000035P    179
1.0D0,1.0D0,1.0D0,1.0D0,1.0D0,1.0D0,1.0D0,1.0D0,1.0D0,1.0D0,     0000035P    180
1.0D0,1.0D0,1.0D0,1.0D0,1.0D0,1.0D0,1.0D0,1.0D0,1.0D0,1.0D0,     0000035P    181
1.0D0,1.0D0,1.0D0,1.0D0,1.0D0,1.0D0,1.0D0,1.0D0,1.0D0,1.0D0,     0000035P    182
1.0D0,1.0D0,1.0D0,1.0D0,1.0D0,1.0D0,1.0D0,1.0D0,1.0D0,1.0D0,     0000035P    183
1.0D0,1.0D0,1.0D0,1.0D0,1.0D0,1.0D0,1.0D0,1.0D0,1.0D0,1.0D0,     0000035P    184
1.0D0,1.0D0,1.0D0,1.0D0,1.0D0,1.0D0,1.0D0,1.0D0,1.0D0,1.0D0,     0000035P    185
1.0D0,1.0D0,1.0D0,1.0D0,1.0D0,1.0D0,1.0D0,1.0D0,1.0D0,1.0D0,     0000035P    186
1.0D0,1.0D0,1.0D0,1.0D0,1.0D0,1.0D0,1.0D0,1.0D0,1.0D0,1.0D0,     0000035P    187
1.0D0,1.0D0,1.0D0,1.0D0,1.0D0,1.0D0,1.0D0,1.0D0,1.0D0,1.0D0,     0000035P    188
1.0D0,1.0D0,1.0D0,1.0D0,1.0D0,1.0D0,1.0D0,1.0D0,1.0D0,1.0D0,     0000035P    189
1.0D0,1.0D0,1.0D0,1.0D0,1.0D0,1.0D0,1.0D0,1.0D0,1.0D0,1.0D0,     0000035P    190
1.0D0,1.0D0,1.0D0,1.0D0,1.0D0,1.0D0,1.0D0,1.0D0,1.0D0,1.0D0,     0000035P    191
1.0D0,1.0D0,1.0D0,1.0D0,1.0D0,1.0D0,1.0D0,1.0D0,1.0D0,1.0D0,     0000035P    192
1.0D0,1.0D0,1.0D0,1.0D0,1.0D0,1.0D0,1.0D0,1.0D0,1.0D0,1.0D0,     0000035P    193
1.0D0,1.0D0,1.0D0,1.0D0,1.0D0,1.0D0,1.0D0,1.0D0,1.0D0,1.0D0,     0000035P    194
1.0D0,1.0D0,1.0D0,1.0D0,1.0D0,1.0D0,1.0D0,1.0D0,1.0D0,1.0D0,     0000035P    195
1.0D0,1.0D0,1.0D0,1.0D0,1.0D0,1.0D0,1.0D0,1.0D0,1.0D0,1.0D0,     0000035P    196
1.0D0,1.0D0,1.0D0,1.0D0,1.0D0,1.0D0,1.0D0,1.0D0,1.0D0,1.0D0,     0000035P    197
1.0D0,1.0D0,1.0D0,1.0D0,1.0D0,1.0D0,1.0D0,1.0D0,1.0D0,1.0D0,     0000035P    198
1.0D0,1.0D0,1.0D0,1.0D0,1.0D0,1.0D0,1.0D0,1.0D0,1.0D0,1.0D0,     0000035P    199
1.0D0,1.0D0,1.0D0,1.0D0,1.0D0,1.0D0,1.0D0,1.0D0,1.0D0,1.0D0,     0000035P    200
1.0D0,1.0D0,1.0D0,1.0D0,1.0D0,1.0D0,1.0D0,1.0D0,1.0D0,1.0D0,     0000035P    201
1.0D0,1.0D0,1.0D0,1.0D0,1.0D0,1.0D0,1.0D0,1.0D0,1.0D0,1.0D0,     0000035P    202
1.0D0,1.0D0,1.0D0,1.0D0,1.0D0,1.0D0,1.0D0,1.0D0,1.0D0,1.0D0,     0000035P    203
1.0D0,1.0D0,1.0D0,1.0D0,1.0D0,1.0D0,1.0D0,1.0D0,1.0D0,1.0D0,     0000035P    204
1.0D0,1.0D0,1.0D0,1.0D0,1.0D0,1.0D0,1.0D0,1.0D0,1.0D0,1.0D0,     0000035P    205
1.0D0,1.0D0,1.0D0,1.0D0,1.0D0,1.0D0,1.0D0,1.0D0,1.0D0,1.0D0,     0000035P    206
1.0D0,1.0D0,1.0D0,1.0D0,1.0D0,1.0D0,1.0D0,1.0D0,1.0D0,1.0D0,     0000035P    207
1.0D0,1.0D0,1.0D0,1.0D0,1.0D0,1.0D0,1.0D0,1.0D0,1.0D0,1.0D0,     0000035P    208
1.0D0,1.0D0,1.0D0,1.0D0,1.0D0,1.0D0,1.0D0,1.0D0,1.0D0,1.0D0,     0000035P    209
1.0D0,1.0D0,1.0D0,1.0D0,1.0D0,1.0D0,1.0D0,1.0D0,1.0D0,1.0D0,     0000035P    210
1.0D0,1.0D0,1.0D0,1.0D0,1.0D0,1.0D0,1.0D0,1.0D0,1.0D0,1.0D0,     0000035P    211
1.0D0,1.0D0,1.0D0,1.0D0,1.0D0,1.0D0,1.0D0,1.0D0,1.0D0,1.0D0,     0000035P    212
1.0D0,1.0D0,1.0D0,1.0D0,1.0D0,1.0D0,1.0D0,1.0D0,1.0D0,1.0D0,     0000035P    213
1.0D0,1.0D0,1.0D0,1.0D0,1.0D0,1.0D0,1.0D0,1.0D0,1.0D0,1.0D0,     0000035P    214
1.0D0,1.0D0,1.0D0,1.0D0,1.0D0,1.0D0,1.0D0,1.0D0,1.0D0,1.0D0,     0000035P    215
1.0D0,1.0D0,1.0D0,1.0D0,1.0D0,1.0D0,1.0D0,1.0D0,1.0D0,1.0D0,     0000035P    216
1.0D0,1.0D0,1.0D0,1.0D0,1.0D0,1.0D0,1.0D0,1.0D0,1.0D0,1.0D0,     0000035P    217
1.0D0,1.0D0,1.0D0,1.0D0,1.0D0,1.0D0,1.0D0,1.0D0,1.0D0,1.0D0,     0000035P    218
1.0D0,1.0D0,1.0D0,1.0D0,1.0D0,1.0D0,1.0D0,1.0D0,1.0D0,1.0D0,     0000035P    219
1.0D0,1.0D0,1.0D0,1.0D0,1.0D0,1.0D0,1.0D0,1.0D0,1.0D0,1.0D0,     0000035P    220
1.0D0,1.0D0,1.0D0,1.0D0,1.0D0,1.0D0,1.0D0,1.0D0,1.0D0,1.0D0,     0000035P    221
1.0D0,1.0D0,1.0D0,1.0D0,1.0D0,1.0D0,1.0D0,1.0D0,1.0D0,1.0D0,     0000035P    222
1.0D0,1.0D0,1.0D0,1.0D0,1.0D0,1.0D0,1.0D0,1.0D0,1.0D0,1.0D0,     0000035P    223
1.0D0,1.0D0,1.0D0,1.0D0,1.0D0,1.0D0,1.0D0,1.0D0,1.0D0,1.0D0,     0000035P    224
1.0D0,1.0D0,1.0D0,1.0D0,1.0D0,1.0D0,1.0D0,1.0D0,1.0D0,1.0D0,     0000035P    225
1.0D0,1.0D0,1.0D0,1.0D0,1.0D0,1.0D0,1.0D0,1.0D0,1.0D0,1.0D0,     0000035P    226
1.0D0,1.0D0,1.0D0,1.0D0,1.0D0,1.0D0,1.0D0,1.0D0,1.0D0,1.0D0,     0000035P    227
1.0D0,1.0D0,1.0D0,1.0D0,1.0D0,1.0D0,1.0D0,1.0D0,1.0D0,1.0D0,     0000035P    228
1.0D0,1.0D0,1.0D0,1.0D0,1.0D0,1.0D0,1.0D0,1.0D0,1.0D0,1.0D0,     0000035P    229
1.0D0,1.0D0,1.0D0,1.0D0,1.0D0,1.0D0,1.0D0,1.0D0,1.0D0,1.0D0,     0000035P    230
1.0D0,1.0D0,1.0D0,1.0D0,1.0D0,1.0D0,1.0D0,1.0D0,1.0D0,1.0D0,     0000035P    231
1.0D0,1.0D0,1.0D0,1.0D0,1.0D0,1.0D0,1.0D0,1.0D0,1.0D0,1.0D0,     0000035P    232
1.0D0,1.0D0,1.0D0,1.0D0,1.0D0,1.0D0,1.0D0,1.0D0,1.0D0,1.0D0,     0000035P    233
1.0D0,1.0D0,1.0D0,1.0D0,1.0D0,1.0D0,1.0D0,1.0D0,1.0D0,1.0D0,     0000035P    234
1.0D0,1.0D0,1.0D0,1.0D0,1.0D0,1.0D0,1.0D0,1.0D0,1.0D0,1.0D0,     0000035P    235
1.0D0,1.0D0,1.0D0,1.0D0,1.0D0,1.0D0,1.0D0,1.0D0,1.0D0,1.0D0,     0000035P    236
1.0D0,1.0D0,1.0D0,1.0D0,1.0D0,1.0D0,1.0D0,1.0D0,1.0D0,1.0D0,     0000035P    237
1.0D0,1.0D0,1.0D0,1.0D0,1.0D0,1.0D0,1.0D0,1.0D0,1.0D0,1.0D0,     0000035P    238
1.0D0,1.0D0,1.0D0,1.0D0,1.0D0,1.0D0,1.0D0,1.0D0,1.0D0,1.0D0,     0000035P    239
1.0D0,1.0D0,1.0D0,1.0D0,1.0D0,1.0D0,1.0D0,1.0D0,1.0D0,1.0D0,     0000035P    240
1.0D0,1.0D0,1.0D0,1.0D0,1.0D0,1.0D0,1.0D0,1.0D0,1.0D0,1.0D0,     0000035P    241
1.0D0,1.0D0,1.0D0,1.0D0,1.0D0,1.0D0,1.0D0,1.0D0,1.0D0,1.0D0,     0000035P    242
1.0D0,1.0D0,1.0D0,1.0D0,1.0D0,1.0D0,1.0D0,1.0D0,1.0D0,1.0D0,     0000035P    243
1.0D0,1.0D0,1.0D0,1.0D0,1.0D0,1.0D0,1.0D0,1.0D0,1.0D0,1.0D0,     0000035P    244
1.0D0,1.0D0,1.0D0,1.0D0,1.0D0,1.0D0,1.0D0,1.0D0,1.0D0,1.0D0,     0000035P    245
1.0D0,1.0D0,1.0D0,1.0D0,1.0D0,1.0D0,1.0D0,1.0D0,1.0D0,1.0D0,     0000035P    246
1.0D0,1.0D0,1.0D0,1.0D0,1.0D0,1.0D0,1.0D0,1.0D0,1.0D0,1.0D0,     0000035P    247
1.0D0,1.0D0,1.0D0,1.0D0,1.0D0,1.0D0,1.0D0,1.0D0,1.0D0,1.0D0,     0000035P    248
1.0D0,1.0D0,1.0D0,1.0D0,1.0D0,1.0D0,1.0D0,1.0D0,1.0D0,1.0D0,     0000035P    249
1.0D0,1.0D0,1.0D0,1.0D0,1.0D0,1.0D0,1.0D0,1.0D0,1.0D0,1.0D0,     0000035P    250
1.0D0,1.0D0,1.0D0,1.0D0,1.0D0,1.0D0,1.0D0,1.0D0,1.0D0,1.0D0,     0000035P    251
1.0D0,1.0D0,1.0D0,1.0D0,1.0D0,1.0D0,1.0D0,1.0D0,1.0D0,1.0D0,     0000035P    252
1.0D0,1.0D0,1.0D0,1.0D0,1.0D0,1.0D0,1.0D0,1.0D0,1.0D0,1.0D0,     0000035P    253
1.0D0,1.0D0,1.0D0,1.0D0,1.0D0,1.0D0,1.0D0,1.0D0,1.0D0,1.0D0,     0000035P    254
1.0D0,1.0D0,1.0D0,1.0D0,1.0D0,1.0D0,1.0D0,1.0D0,1.0D0,1.0D0,     0000035P    255
1.0D0,1.0D0,1.0D0,1.0D0,1.0D0,1.0D0,1.0D0,1.0D0,1.0D0,1.0D0,     0000035P    256
1.0D0,1.0D0,1.0D0,1.0D0,1.0D0,1.0D0,1.0D0,1.0D0,1.0D0,1.0D0,     0000035P    257
1.0D0,1.0D0,1.0D0,1.0D0,1.0D0,1.0D0,1.0D0,1.0D0,1.0D0,1.0D0,     0000035P    258
1.0D0,1.0D0,1.0D0,1.0D0,1.0D0,1.0D0,1.0D0,1.0D0,1.0D0,1.0D0,     0000035P    259
1.0D0,1.0D0,1.0D0,1.0D0,1.0D0,1.0D0,1.0D0,1.0D0,1.0D0,1.0D0,     0000035P    260
1.0D0,1.0D0,1.0D0,1.0D0,1.0D0,1.0D0,1.0D0,1.0D0,1.0D0,1.0D0,     0000035P    261
1.0D0,1.0D0,1.0D0,1.0D0,1.0D0,1.0D0,1.0D0,1.0D0,1.0D0,1.0D0,     0000035P    262
1.0D0,1.0D0,1.0D0,1.0D0,1.0D0,1.0D0,1.0D0,1.0D0,1.0D0,1.0D0,     0000035P    263
1.0D0,1.0D0,1.0D0,1.0D0,1.0D0,1.0D0,1.0D0,1.0D0,1.0D0,1.0D0,     0000035P    264
1.0D0,1.0D0,1.0D0,1.0D0,1.0D0,1.0D0,1.0D0,1.0D0,1.0D0,1.0D0,     0000035P    265
1.0D0,1.0D0,1.0D0,1.0D0,1.0D0,1.0D0,1.0D0,1.0D0,1.0D0,1.0D0,     0000035P    266
1.0D0,1.0D0,1.0D0,1.0D0,1.0D0,1.0D0,1.0D0,1.0D0,1.0D0,1.0D0,     0000035P    267
1.0D0,1.0D0,1.0D0,1.0D0,1.0D0,1.0D0,1.0D0,1.0D0,1.0D0,1.0D0,     0000035P    268
1.0D0,1.0D0,1.0D0,1.0D0,1.0D0,1.0D0,1.0D0,1.0D0,1.0D0,1.0D0,     0000035P    269
1.0D0,1.0D0,1.0D0,1.0D0,1.0D0,1.0D0,1.0D0,1.0D0,1.0D0,1.0D0,     0000035P    270
1.0D0,1.0D0,1.0D0,1.0D0,1.0D0,1.0D0,1.0D0,1.0D0,1.0D0,1.0D0,     0000035P    271
1.0D0,1.0D0,1.0D0,1.0D0,1.0D0,1.0D0,1.0D0,1.0D0,1.0D0,1.0D0,     0000035P    272
1.0D0,1.0D0,1.0D0,1.0D0,1.0D0,1.0D0,1.0D0,1.0D0,1.0D0,1.0D0,     0000035P    273
1.0D0,1.0D0,1.0D0,1.0D0,1.0D0,1.0D0,1.0D0,1.0D0,1.0D0,1.0D0,     0000035P    274
1.0D0,1.0D0,1.0D0,1.0D0,1.0D0,1.0D0,1.0D0,1.0D0,1.0D0,1.0D0,     0000035P    275
1.0D0,1.0D0,1.0D0,1.0D0,1.0D0,1.0D0,1.0D0,1.0D0,1.0D0,1.0D0,     0000035P    276
1.0D0,1.0D0,1.0D0,1.0D0,1.0D0,1.0D0,1.0D0,1.0D0,1.0D0,1.0D0,     0000035P    277
1.0D0,1.0D0,1.0D0,1.0D0,1.0D0,1.0D0,1.0D0,1.0D0,1.0D0,1.0D0,     0000035P    278
1.0D0,1.0D0,1.0D0,1.0D0,1.0D0,1.0D0,1.0D0,1.0D0,1.0D0,1.0D0,     0000035P    279
1.0D0,1.0D0,1.0D0,1.0D0,1.0D0,1.0D0,1.0D0,1.0D0,1.0D0,1.0D0,     0000035P    280
1.0D0,1.0D0,1.0D0,1.0D0,1.0D0,1.0D0,1.0D0,1.0D0,1.0D0,1.0D0,     0000035P    281
1.0D0,1.0D0,1.0D0,1.0D0,1.0D0,1.0D0,1.0D0,1.0D0,1.0D0,1.0D0,     0000035P    282
1.0D0,1.0D0,1.0D0,1.0D0,1.0D0,1.0D0,1.0D0,1.0D0,1.0D0,1.0D0,     0000035P    283
1.0D0,1.0D0,1.0D0,1.0D0,1.0D0,1.0D0,1.0D0,1.0D0,1.0D0,1.0D0,     0000035P    284
1.0D0,1.0D0,1.0D0,1.0D0,1.0D0,1.0D0,1.0D0,1.0D0,1.0D0,1.0D0,     0000035P    285
1.0D0,1.0D0,1.0D0,1.0D0,1.0D0,1.0D0,1.0D0,1.0D0,1.0D0,1.0D0,     0000035P    286
1.0D0,1.0D0,1.0D0,1.0D0,1.0D0,1.0D0,1.0D0,1.0D0,1.0D0,1.0D0,     0000035P    287
1.0D0,1.0D0,1.0D0,1.0D0,1.0D0,1.0D0,1.0D0,1.0D0,1.0D0,1.0D0,     0000035P    288
1.0D0,1.0D0,1.0D0,1.0D0,1.0D0,1.0D0,1.0D0,1.0D0,1.0D0,1.0D0,     0000035P    289
1.0D0,1.0D0,1.0D0,1.0D0,1.0D0,1.0D0,1.0D0,1.0D0,1.0D0,1.0D0,     0000035P    290
1.0D0,1.0D0,1.0D0,1.0D0,1.0D0,1.0D0,1.0D0,1.0D0,1.0D0,1.0D0,     0000035P    291
1.0D0,1.0D0,1.0D0,1.0D0,1.0D0,1.0D0,1.0D0,1.0D0,1.0D0,1.0D0,     0000035P    292
1.0D0,1.0D0,1.0D0,1.0D0,1.0D0,1.0D0,1.0D0,1.0D0,1.0D0,1.0D0,     0000035P    293
1.0D0,1.0D0,1.0D0,1.0D0,1.0D0,1.0D0,1.0D0,1.0D0,1.0D0,1.0D0,     0000035P    294
1.0D0,1.0D0,1.0D0,1.0D0,1.0D0,1.0D0,1.0D0,1.0D0,1.0D0,1.0D0,     0000035P    295
1.0D0,1.0D0,1.0D0,1.0D0,1.0D0,1.0D0,1.0D0,1.0D0,1.0D0,1.0D0,     0000035P    296
1.0D0,1.0D0,1.0D0,1.0D0,1.0D0,1.0D0,1.0D0,1.0D0,1.0D0,1.0D0,     0000035P    297
1.0D0,1.0D0,1.0D0,1.0D0,1.0D0,1.0D0,1.0D0,1.0D0,1.0D0,1.0D0,     0000035P    298
1.0D0,1.0D0,1.0D0,1.0D0,1.0D0,1.0D0,1.0D0,1.0D0,1.0D0,1.0D0,     0000035P    299
1.0D0,1.0D0,1.0D0,1.0D0,1.0D0,1.0D0,1.0D0,1.0D0,1.0D0,1.0D0,     0000035P    300
1.0D0,1.0D0,1.0D0,1.0D0,1.0D0,1.0D0,1.0D0,1.0D0,1.0D0,1.0D0,     0000035P    301
1.0D0,1.0D0,1.0D0,1.0D0,1.0D0,1.0D0,1.0D0,1.0D0,1.0D0,1.0D0,     0000035P    302
1.0D0,1.0D0,1.0D0,1.0D0,1.0D0,1.0D0,1.0D0,1.0D0,1.0D0,1.0D0,     0000035P    303
1.0D0,1.0D0,1.0D0,1.0D0,1.0D0,1.0D0,1.0D0,1.0D0,1.0D0,1.0D0,     0000035P    304
1.0D0,1.0D0,1.0D0,1.0D0,1.0D0,1.0D0,1.0D0,1.0D0,1.0D0,1.0D0,     0000035P    305
1.0D0,1.0D0,1.0D0,1.0D0,1.0D0,1.0D0,1.0D0,1.0D0,1.0D0,1.0D0,     0000035P    306
1.0D0,1.0D0,1.0D0,1.0D0,1.0D0,1.0D0,1.0D0,1.0D0,1.0D0,1.0D0,     0000035P    307
1.0D0,1.0D0,1.0D0,1.0D0,1.0D0,1.0D0,1.0D0,1.0D0,1.0D0,1.0D0,     0000035P    308
1.0D0,1.0D0,1.0D0,1.0D0,1.0D0,1.0D0,1.0D0,1.0D0,1.0D0,1.0D0,     0000035P    309
1.0D0,1.0D0,1.0D0,1.0D0,1.0D0,1.0D0,1.0D0,1.0D0,1.0D0,1.0D0,     0000035P    310
1.0D0,1.0D0,1.0D0,1.0D0,1.0D0,1.0D0,1.0D0,1.0D0,1.0D0,1.0D0,     0000035P    311
1.0D0,1.0D0,1.0D0,1.0D0,1.0D0,1.0D0,1.0D0,1.0D0,1.0D0,1.0D0,     0000035P    312
1.0D0,1.0D0,1.0D0,1.0D0,1.0D0,1.0D0,1.0D0,1.0D0,1.0D0,1.0D0,     0000035P    313
1.0D0,1.0D0,1.0D0,1.0D0,1.0D0,1.0D0,1.0D0,1.0D0,1.0D0,1.0D0,     0000035P    314
1.0D0,1.0D0,1.0D0,1.0D0,1.0D0,1.0D0,1.0D0,1.0D0,1.0D0,1.0D0,     0000035P    315
1.0D0,1.0D0,1.0D0,1.0D0,1.0D0,1.0D0,1.0D0,1.0D0,1.0D0,1.0D0,     0000035P    316
1.0D0,1.0D0,1.0D0,1.0D0,1.0D0,1.0D0,1.0D0,1.0D0,1.0D0,1.0D0,     0000035P    317
1.0D0,1.0D0,1.0D0,1.0D0,1.0D0,1.0D0,1.0D0,1.0D0,1.0D0,1.0D0,     0000035P    318
1.0D0,1.0D0,1.0D0,1.0D0,1.0D0,1.0D0,1.0D0,1.0D0,1.0D0,1.0D0,     0000035P    319
1.0D0,1.0D0,1.0D0,1.0D0,1.0D0,1.0D0,1.0D0,1.0D0,1.0D0,1.0D0,     0000035P    320
1.0D0,1.0D0,1.0D0,1.0D0,1.0D0,1.0D0,1.0D0,1.0D0,1.0D0,1.0D0,     0000035P    321
1.0D0,1.0D0,1.0D0,1.0D0,1.0D0,1.0D0,1.0D0,1.0D0,1.0D0,1.0D0,     0000035P    322
1.0D0,1.0D0,1.0D0,1.0D0,1.0D0,1.0D0,1.0D0,1.0D0,1.0D0,1.0D0,     0000035P    323
1.0D0,1.0D0,1.0D0,1.0D0,1.0D0,1.0D0,1.0D0,1.0D0,1.0D0,1.0D0,     0000035P    324
1.0D0,1.0D0,1.0D0,1.0D0,1.0D0,1.0D0,1.0D0,1.0D0,1.0D0,1.0D0,     0000035P    325
1.0D0,1.0D0,1.0D0,1.0D0,1.0D0,1.0D0,1.0D0,1.0D0,1.0D0,1.0D0,     0000035P    326
1.0D0,1.0D0,1.0D0,1.0D0,1.0D0,1.0D0,1.0D0,1.0D0,1.0D0,1.0D0,     0000035P    327
1.0D0,1.0D0,1.0D0,1.0D0,1.0D0,1.0D0,1.0D0,1.0D0,1.0D0,1.0D0,     0000035P    328
1.0D0,1.0D0,1.0D0,1.0D0,1.0D0,1.0D0,1.0D0,1.0D0,1.0D0,1.0D0,     0000035P    329
1.0D0,1.0D0,1.0D0,1.0D0,1.0D0,1.0D0,1.0D0,1.0D0,1.0D0,1.0D0,     0000035P    330
1.0D0,1.0D0,1.0D0,1.0D0,1.0D0,1.0D0,1.0D0,1.0D0,1.0D0,1.0D0,     0000035P    331
1.0D0,1.0D0,1.0D0,1.0D0,1.0D0,1.0D0,1.0D0,1.0D0,1.0D0,1.0D0,     0000035P    332
1.0D0,1.0D0,1.0D0,1.0D0,1.0D0,1.0D0,1.0D0,1.0D0,1.0D0,1.0D0,     0000035P    333
1.0D0,1.0D0,1.0D0,1.0D0,1.0D0,1.0D0,1.0D0,1.0D0,1.0D0,1.0D0,     0000035P    334
1.0D0,1.0D0,1.0D0,1.0D0,1.0D0,1.0D0,1.0D0,1.0D0,1.0D0,1.0D0,     0000035P    335
1.0D0,1.0D0,1.0D0,1.0D0,1.0D0,1.0D0,1.0D0,1.0D0,1.0D0,1.0D0,     0000035P    336
1.0D0,1.0D0,1.0D0,1.0D0,1.0D0,1.0D0,1.0D0,1.0D0,1.0D0,1.0D0,     0000035P    337
1.0D0,1.0D0,1.0D0,1.0D0,1.0D0,1.0D0,1.0D0,1.0D0,1.0D0,1.0D0,     0000035P    338
1.0D0,1.0D0,1.0D0,1.0D0,1.0D0,1.0D0,1.0D0,1.0D0,1.0D0,1.0D0,     0000035P    339
1.0D0,1.0D0,1.0D0,1.0D0,1.0D0,1.0D0,1.0D0,1.0D0,1.0D0,1.0D0,     0000035P    340
1.0D0,1.0D0,1.0D0,1.0D0,1.0D0,1.0D0,1.0D0,1.0D0,1.0D0,1.0D0,     0000035P    341
1.0D0,1.0D0,1.0D0,1.0D0,1.0D0,1.0D0,1.0D0,1.0D0,1.0D0,1.0D0,     0000035P    342
1.0D0,1.0D0,1.0D0,1.0D0,1.0D0,1.0D0,1.0D0,1.0D0,1.0D0,1.0D0,     0000035P    343
1.0D0,1.0D0,1.0D0,1.0D0,1.0D0,1.0D0,1.0D0,1.0D0,1.0D0,1.0D0,     0000035P    344
1.0D0,1.0D0,1.0D0,1.0D0,1.0D0,1.0D0,1.0D0,1.0D0,1.0D0,1.0D0,     0000035P    345
1.0D0,1.0D0,1.0D0,1.0D0,1.0D0,1.0D0,1.0D0,1.0D0,1.0D0,1.0D0,     0000035P    346
1.0D0,1.0D0,1.0D0,1.0D0,1.0D0,1.0D0,1.0D0,1.0D0,1.0D0,1.0D0,     0000035P    347
1.0D0,1.0D0,1.0D0,1.0D0,1.0D0,1.0D0,1.0D0,1.0D0,1.0D0,1.0D0,     0000035P    348
1.0D0,1.0D0,1.0D0,1.0D0,1.0D0,1.0D0,1.0D0,1.0D0,1.0D0,1.0D0,     0000035P    349
1.0D0,1.0D0,1.0D0,1.0D0,1.0D0,1.0D0,1.0D0,1.0D0,1.0D0,1.0D0,     0000035P    350
1.0D0,1.0D0,1.0D0,1.0D0,1.0D0,1.0D0,1.0D0,1.0D0,1.0D0,1.0D0,     0000035P    351
1.0D0,1.0D0,1.0D0,1.0D0,1.0D0,1.0D0,1.0D0,1.0D0,1.0D0,1.0D0,     0000035P    352
1.0D0,1.0D0,1.0D0,1.0D0,1.0D0,1.0D0,1.0D0,1.0D0,1.0D0,1.0D0,     0000035P    353
1.0D0,1.0D0,1.0D0,1.0D0,1.0D0,1.0D0,1.0D0,1.0D0,1.0D0,1.0D0,     0000035P    354
1.0D0,1.0D0,1.0D0,1.0D0,1.0D0,1.0D0,1.0D0,1.0D0,1.0D0,1.0D0,     0000035P    355
1.0D0,1.0D0,1.0D0,1.0D0,1.0D0,1.0D0,1.0D0,1.0D0,1.0D0,1.0D0,     0000035P    356
1.0D0,1.0D0,1.0D0,1.0D0,1.0D0,1.0D0,1.0D0,1.0D0,1.0D0,1.0D0,     0000035P    357
1.0D0,1.0D0,1.0D0,1.0D0,1.0D0,1.0D0,1.0D0,1.0D0,1.0D0,1.0D0,     0000035P    358
1.0D0,1.0D0,1.0D0,1.0D0,1.0D0,1.0D0,1.0D0,1.0D0,1.0D0,1.0D0,     0000035P    359
1.0D0,1.0D0,1.0D0,1.0D0,1.0D0,1.0D0,1.0D0,1.0D0,1.0D0,1.0D0,     0000035P    360
1.0D0,1.0D0,1.0D0,1.0D0,1.0D0,1.0D0,1.0D0,1.0D0,1.0D0,1.0D0,     0000035P    361
1.0D0,1.0D0,1.0D0,1.0D0,1.0D0,1.0D0,1.0D0,1.0D0,1.0D0,1.0D0,     0000035P    362
1.0D0,1.0D0,1.0D0,1.0D0,1.0D0,1.0D0,1.0D0,1.0D0,1.0D0,1.0D0,     0000035P    363
1.0D0,1.0D0,1.0D0,1.0D0,1.0D0,1.0D0,1.0D0,1.0D0,1.0D0,1.0D0,     0000035P    364
1.0D0,1.0D0,1.0D0,1.0D0,1.0D0,1.0D0,1.0D0,1.0D0,1.0D0,1.0D0,     0000035P    365
1.0D0,1.0D0,1.0D0,1.0D0,1.0D0,1.0D0,1.0D0,1.0D0,1.0D0,1.0D0,     0000035P    366
1.0D0,1.0D0,1.0D0,1.0D0,1.0D0,1.0D0,1.0D0,1.0D0,1.0D0,1.0D0,     0000035P    367
1.0D0,1.0D0,1.0D0,1.0D0,1.0D0,1.0D0,1.0D0,1.0D0,1.0D0,1.0D0,     0000035P    368
1.0D0,1.0D0,1.0D0,1.0D0,1.0D0,1.0D0,1.0D0,1.0D0,1.0D0,1.0D0,     0000035P    369
1.0D0,1.0D0,1.0D0,1.0D0,1.0D0,1.0D0,1.0D0,1.0D0,1.0D0,1.0D0,     0000035P    370
1.0D0,1.0D0,1.0D0,1.0D0,1.0D0,1.0D0,1.0D0,1.0D0,1.0D0,1.0D0,     0000035P    371
1.0D0,1.0D0,1.0D0,1.0D0,1.0D0,1.0D0,1.0D0,1.0D0,1.0D0,1.0D0,     0000035P    372
1.0D0,1.0D0,1.0D0,1.0D0,1.0D0,1.0D0,1.0D0,1.0D0,1.0D0,1.0D0,     0000035P    373
1.0D0,1.0D0,1.0D0,1.0D0,1.0D0,1.0D0,1.0D0,1.0D0,1.0D0,1.0D0,     0000035P    374
1.0D0,1.0D0,1.0D0,1.0D0,1.0D0,1.0D0,1.0D0,1.0D0,1.0D0,1.0D0,     0000035P    375
1.0D0,1.0D0,1.0D0,1.0D0,1.0D0,1.0D0,1.0D0,1.0D0,1.0D0,1.0D0,     0000035P    376
1.0D0,1.0D0,1.0D0,1.0D0,1.0D0,1.0D0,1.0D0,1.0D0,1.0D0,1.0D0,     0000035P    377
1.0D0,1.0D0,1.0D0,1.0D0,1.0D0,1.0D0,1.0D0,1.0D0,1.0D0,1.0D0,     0000035P    378
1.0D0,1.0D0,1.0D0,1.0D0,1.0D0,1.0D0,1.0D0,1.0D0,1.0D0,1.0D0,     0000035P    379
1.0D0,1.0D0,1.0D0,1.0D0,1.0D0,1.0D0,1.0D0,1.0D0,1.0D0,1.0D0,     0000035P    380
1.0D0,1.0D0,1.0D0,1.0D0,1.0D0,1.0D0,1.0D0,1.0D0,1.0D0,1.0D0,     0000035P    381
1.0D0,1.0D0,1.0D0,1.0D0,1.0D0,1.0D0,1.0D0,1.0D0,1.0D0,1.0D0,     0000035P    382
1.0D0,1.0D0,1.0D0,1.0D0,1.0D0,1.0D0,1.0D0,1.0D0,1.0D0,1.0D0,     0000035P    383
1.0D0,1.0D0,1.0D0,1.0D0,1.0D0,1.0D0,1.0D0,1.0D0,1.0D0,1.0D0,     0000035P    384
1.0D0,1.0D0,1.0D0,1.0D0,1.0D0,1.0D0,1.0D0,1.0D0,1.0D0,1.0D0,     0000035P    385
1.0D0,1.0D0,1.0D0,1.0D0,1.0D0,1.0D0,1.0D0,1.0D0,1.0D0,1.0D0,     0000035P    386
1.0D0,1.0D0,1.0D0,1.0D0,1.0D0,1.0D0,1.0D0,1.0D0,1.0D0,1.0D0,     0000035P    387
1.0D0,1.0D0,1.0D0,1.0D0,1.0D0,1.0D0,1.0D0,1.0D0,1.0D0,1.0D0,     0000035P    388
1.0D0,1.0D0,1.0D0,1.0D0,1.0D0,1.0D0,1.0D0,1.0D0,1.0D0,1.0D0,     0000035P    389
1.0D0,1.0D0,1.0D0,1.0D0,1.0D0,1.0D0,1.0D0,1.0D0,1.0D0,1.0D0,     0000035P    390
1.0D0,1.0D0,1.0D0,1.0D0,1.0D0,1.0D0,1.0D0,1.0D0,1.0D0,1.0D0,     0000035P    391
1.0D0,1.0D0,1.0D0,1.0D0,1.0D0,1.0D0,1.0D0,1.0D0,1.0D0,1.0D0,     0000035P    392
1.0D0,1.0D0,1.0D0,1.0D0,1.0D0,1.0D0,1.0D0,1.0D0,1.0D0,1.0D0,     0000035P    393
1.0D0,1.0D0,1.0D0,1.0D0,1.0D0,1.0D0,1.0D0,1.0D0,1.0D0,1.0D0,     0000035P    394
1.0D0,1.0D0,1.0D0,1.0D0,1.0D0,1.0D0,1.0D0,1.0D0,1.0D0,1.0D0,     0000035P    395
1.0D0,1.0D0,1.0D0,1.0D0,1.0D0,1.0D0,1.0D0,1.0D0,1.0D0,1.0D0,     0000035P    396
1.0D0,1.0D0,1.0D0,1.0D0,1.0D0,1.0D0,1.0D0,1.0D0,1.0D0,1.0D0,     0000035P    397
1.0D0,1.0D0,1.0D0,1.0D0,1.0D0,1.0D0,1.0D0,1.0D0,1.0D0,1.0D0,     0000035P    398
1.0D0,1.0D0,1.0D0,1.0D0,1.0D0,1.0D0,1.0D0,1.0D0,1.0D0,1.0D0,     0000035P    399
1.0D0,1.0D0,1.0D0,1.0D0,1.0D0,1.0D0,1.0D0,1.0D0,1.0D0,1.0D0,     0000035P    400
1.0D0,1.0D0,1.0D0,1.0D0,1.0D0,1.0D0,1.0D0,1.0D0,1.0D0,1.0D0,     0000035P    401
1.0D0,1.0D0,1.0D0,1.0D0,1.0D0,1.0D0,1.0D0,1.0D0,1.0D0,1.0D0,     0000035P    402
1.0D0,1.0D0,1.0D0,1.0D0,1.0D0,1.0D0,1.0D0,1.0D0,1.0D0,1.0D0,     0000035P    403
1.0D0,1.0D0,1.0D0,1.0D0,1.0D0,1.0D0,1.0D0,1.0D0,1.0D0,1.0D0,     0000035P    404
1.0D0,1.0D0,1.0D0,1.0D0,1.0D0,1.0D0,1.0D0,1.0D0,1.0D0,1.0D0,     0000035P    405
1.0D0,1.0D0,1.0D0,1.0D0,1.0D0,1.0D0,1.0D0,1.0D0,1.0D0,1.0D0,     0000035P    406
1.0D0,1.0D0,1.0D0,1.0D0,1.0D0,1.0D0,1.0D0,1.0D0,1.0D0,1.0D0,     0000035P    407
1.0D0,1.0D0,1.0D0,1.0D0,1.0D0,1.0D0,1.0D0,1.0D0,1.0D0,1.0D0,     0000035P    408
1.0D0,1.0D0,1.0D0,1.0D0,1.0D0,1.0D0,1.0D0,1.0D0,1.0D0,1.0D0,     0000035P    409
1.0D0,1.0D0,1.0D0,1.0D0,1.0D0,1.0D0,1.0D0,1.0D0,1.0D0,1.0D0,     0000035P    410
1.0D0,1.0D0,1.0D0,1.0D0,1.0D0,1.0D0,1.0D0,1.0D0,1.0D0,1.0D0,     0000035P    411
1.0D0,1.0D0,1.0D0,1.0D0,1.0D0,1.0D0,1.0D0,1.0D0,1.0D0,1.0D0,     0000035P    412
1.0D0,1.0D0,1.0D0,1.0D0,1.0D0,1.0D0,1.0D0,1.0D0,1.0D0,1.0D0,     0000035P    413
1.0D0,1.0D0,1.0D0,1.0D0,1.0D0,1.0D0,1.0D0,1.0D0,1.0D0,1.0D0,     0000035P    414
1.0D0,1.0D0,1.0D0,1.0D0,1.0D0,1.0D0,1.0D0,1.0D0,1.0D0,1.0D0,     0000035P    415
1.0D0,1.0D0,1.0D0,1.0D0,1.0D0,1.0D0,1.0D0,1.0D0,1.0D0,1.0D0,     0000035P    416
1.0D0,1.0D0,1.0D0,1.0D0,1.0D0,1.0D0,1.0D0,1.0D0,1.0D0,1.0D0,     0000035P    417
1.0D0,1.0D0,1.0D0,1.0D0,1.0D0,1.0D0,1.0D0,1.0D0,1.0D0,1.0D0,     0000035P    418
1.0D0,1.0D0,1.0D0,1.0D0,1.0D0,1.0D0,1.0D0,1.0D0,1.0D0,1.0D0,     0000035P    419
1.0D0,1.0D0,1.0D0,1.0D0,1.0D0,1.0D0,1.0D0,1.0D0,1.0D0,1.0D0,     0000035P    420
1.0D0,1.0D0,1.0D0,1.0D0,1.0D0,1.0D0,1.0D0,1.0D0,1.0D0,1.0D0,     0000035P    421
1.0D0,1.0D0,1.0D0,1.0D0,1.0D0,1.0D0,1.0D0,1.0D0,1.0D0,1.0D0,     0000035P    422
1.0D0,1.0D0,1.0D0,1.0D0,1.0D0,1.0D0,1.0D0,1.0D0,1.0D0,1.0D0,     0000035P    423
1.0D0,1.0D0,1.0D0,1.0D0,1.0D0,1.0D0,1.0D0,1.0D0,1.0D0,1.0D0,     0000035P    424
1.0D0,1.0D0,1.0D0,1.0D0,1.0D0,1.0D0,1.0D0,1.0D0,1.0D0,1.0D0,     0000035P    425
1.0D0,1.0D0,1.0D0,1.0D0,1.0D0,1.0D0,1.0D0,1.0D0,1.0D0,1.0D0,     0000035P    426
1.0D0,1.0D0,1.0D0,1.0D0,1.0D0,1.0D0,1.0D0,1.0D0,1.0D0,1.0D0,     0000035P    427
1.0D0,1.0D0,1.0D0,1.0D0,1.0D0,1.0D0,1.0D0,1.0D0,1.0D0,1.0D0,     0000035P    428
1.0D0,1.0D0,1.0D0,1.0D0,1.0D0,1.0D0,1.0D0,1.0D0,1.0D0,1.0D0,     0000035P    429
1.0D0,1.0D0,1.0D0,1.0D0,1.0D0,1.0D0,1.0D0,1.0D0,1.0D0,1.0D0,     0000035P    430
1.0D0,1.0D0,1.0D0,1.0D0,1.0D0,1.0D0,1.0D0,1.0D0,1.0D0,1.0D0,     0000035P    431
1.0D0,1.0D0,1.0D0,1.0D0,1.0D0,1.0D0,1.0D0,1.0D0,1.0D0,1.0D0,     0000035P    432
1.0D0,1.0D0,1.0D0,1.0D0,1.0D0,1.0D0,1.0D0,1.0D0,1.0D0,1.0D0,     0000035P    433
1.0D0,1.0D0,1.0D0,1.0D0,1.0D0,1.0D0,1.0D0,1.0D0,1.0D0,1.0D0,     0000035P    434
1.0D0,1.0D0,1.0D0,1.0D0,1.0D0,1.0D0,1.0D0,1.0D0,1.0D0,1.0D0,     0000035P    435
1.0D0,1.0D0,1.0D0,1.0D0,1.0D0,1.0D0,1.0D0,1.0D0,1.0D0,1.0D0,     0000035P    436
1.0D0,1.0D0,1.0D0,1.0D0,1.0D0,1.0D0,1.0D0,1.0D0,1.0D0,1.0D0,     0000035P    437
1.0D0,1.0D0,1.0D0,1.0D0,1.0D0,1.0D0,1.0D0,1.0D0,1.0D0,1.0D0,     0000035P    438
1.0D0,1.0D0,1.0D0,1.0D0,1.0D0,1.0D0,1.0D0,1.0D0,1.0D0,1.0D0,     0000035P    439
1.0D0,1.0D0,1.0D0,1.0D0,1.0D0,1.0D0,1.0D0,1.0D0,1.0D0,1.0D0,     0000035P    440
1.0D0,1.0D0,1.0D0,1.0D0,1.0D0,1.0D0,1.0D0,1.0D0,1.0D0,1.0D0,     0000035P    441
1.0D0,1.0D0,1.0D0,1.0D0,1.0D0,1.0D0,1.0D0,1.0D0,1.0D0,1.0D0,     0000035P    442
1.0D0,1.0D0,1.0D0,1.0D0,1.0D0,1.0D0,1.0D0,1.0D0,1.0D0,1.0D0,     0000035P    443
1.0D0,1.0D0,1.0D0,1.0D0,1.0D0,1.0D0,1.0D0,1.0D0,1.0D0,1.0D0,     0000035P    444
1.0D0,1.0D0,1.0D0,1.0D0,1.0D0,1.0D0,1.0D0,1.0D0,1.0D0,1.0D0,     0000035P    445
1.0D0,1.0D0,1.0D0,1.0D0,1.0D0,1.0D0,1.0D0,1.0D0,1.0D0,1.0D0,     0000035P    446
1.0D0,1.0D0,1.0D0,1.0D0,1.0D0,1.0D0,1.0D0,1.0D0,1.0D0,1.0D0,     0000035P    447
1.0D0,1.0D0,1.0D0,1.0D0,1.0D0,1.0D0,1.0D0,1.0D0,1.0D0,1.0D0,     0000035P    448
1.0D0,1.0D0,1.0D0,1.0D0,1.0D0,1.0D0,1.0D0,1.0D0,1.0D0,1.0D0,     0000035P    449
1.0D0,1.0D0,1.0D0,1.0D0,1.0D0,1.0D0,1.0D0,1.0D0,1.0D0,1.0D0,     0000035P    450
1.0D0,1.0D0,1.0D0,1.0D0,1.0D0,1.0D0,1.0D0,1.0D0,1.0D0,1.0D0,     0000035P    451
1.0D0,1.0D0,1.0D0,1.0D0,1.0D0,1.0D0,1.0D0,1.0D0,1.0D0,1.0D0,     0000035P    452
1.0D0,1.0D0,1.0D0,1.0D0,1.0D0,1.0D0,1.0D0,1.0D0,1.0D0,1.0D0,     0000035P    453
1.0D0,1.0D0,1.0D0,1.0D0,1.0D0,1.0D0,1.0D0,1.0D0,1.0D0,1.0D0,     0000035P    454
1.0D0,1.0D0,1.0D0,1.0D0,1.0D0,1.0D0,1.0D0,1.0D0,1.0D0,1.0D0,     0000035P    455
1.0D0,1.0D0,1.0D0,1.0D0,1.0D0,1.0D0,1.0D0,1.0D0,1.0D0,1.0D0,     0000035P    456
1.0D0,1.0D0,1.0D0,1.0D0,1.0D0,1.0D0,1.0D0,1.0D0,1.0D0,1.0D0,     0000035P    457
1.0D0,1.0D0,1.0D0,1.0D0,1.0D0,1.0D0,1.0D0,1.0D0,1.0D0,1.0D0,     0000035P    458
1.0D0,1.0D0,1.0D0,1.0D0,1.0D0,1.0D0,1.0D0,1.0D0,1.0D0,1.0D0,     0000035P    459
1.0D0,1.0D0,1.0D0,1.0D0,1.0D0,1.0D0,1.0D0,1.0D0,1.0D0,1.0D0,     0000035P    460
1.0D0,1.0D0,1.0D0,1.0D0,1.0D0,1.0D0,1.0D0,1.0D0,1.0D0,1.0D0,     0000035P    461
1.0D0,1.0D0,1.0D0,1.0D0,1.0D0,1.0D0,1.0D0,1.0D0,1.0D0,1.0D0,     0000035P    462
1.0D0,1.0D0,1.0D0,1.0D0,1.0D0,1.0D0,1.0D0,1.0D0,1.0D0,1.0D0,     0000035P    463
1.0D0,1.0D0,1.0D0,1.0D0,1.0D0,1.0D0,1.0D0,1.0D0,1.0D0,1.0D0,     0000035P    464
1.0D0,1.0D0,1.0D0,1.0D0,1.0D0,1.0D0,1.0D0,1.0D0,1.0D0,1.0D0,     0000035P    465
1.0D0,1.0D0,1.0D0,1.0D0,1.0D0,1.0D0,1.0D0,1.0D0,1.0D0,1.0D0,     0000035P    466
1.0D0,1.0D0,1.0D0,1.0D0,1.0D0,1.0D0,1.0D0,1.0D0,1.0D0,1.0D0,     0000035P    467
1.0D0,1.0D0,1.0D0,1.0D0,1.0D0,1.0D0,1.0D0,1.0D0,1.0D0,1.0D0,     0000035P    468
1.0D0,1.0D0,1.0D0,1.0D0,1.0D0,1.0D0,1.0D0,1.0D0,1.0D0,1.0D0,     0000035P    469
1.0D0,1.0D0,1.0D0,1.0D0,1.0D0,1.0D0,1.0D0,1.0D0,1.0D0,1.0D0,     0000035P    470
1.0D0,1.0D0,1.0D0,1.0D0,1.0D0,1.0D0,1.0D0,1.0D0,1.0D0,1.0D0,     0000035P    471
1.0D0,1.0D0,1.0D0,1.0D0,1.0D0,1.0D0,1.0D0,1.0D0,1.0D0,1.0D0,     0000035P    472
1.0D0,1.0D0,1.0D0,1.0D0,1.0D0,1.0D0,1.0D0,1.0D0,1.0D0,1.0D0,     0000035P    473
1.0D0,1.0D0,1.0D0,1.0D0,1.0D0,1.0D0,1.0D0,1.0D0,1.0D0,1.0D0,     0000035P    474
1.0D0,1.0D0,1.0D0,1.0D0,1.0D0,1.0D0,1.0D0,1.0D0,1.0D0,1.0D0,     0000035P    475
1.0D0,1.0D0,1.0D0,1.0D0,1.0D0,1.0D0,1.0D0,1.0D0,1.0D0,1.0D0,     0000035P    476
1.0D0,1.0D0,1.0D0,1.0D0,1.0D0,1.0D0,1.0D0,1.0D0,1.0D0,1.0D0,     0000035P    477
1.0D0,1.0D0,1.0D0,1.0D0,1.0D0,1.0D0,1.0D0,1.0D0,1.0D0,1.0D0,     0000035P    478
1.0D0,1.0D0,1.0D0,1.0D0,1.0D0,1.0D0,1.0D0,1.0D0,1.0D0,1.0D0,     0000035P    479
1.0D0,1.0D0,1.0D0,1.0D0,1.0D0,1.0D0,1.0D0,1.0D0,1.0D0,1.0D0,     0000035P    480
1.0D0,1.0D0,1.0D0,1.0D0,1.0D0,1.0D0,1.0D0,1.0D0,1.0D0,1.0D0,     0000035P    481
1.0D0,1.0D0,1.0D0,1.0D0,1.0D0,1.0D0,1.0D0,1.0D0,1.0D0,1.0D0,     0000035P    482
1.0D0,1.0D0,1.0D0,1.0D0,1.0D0,1.0D0,1.0D0,1.0D0,1.0D0,1.0D0,     0000035P    483
1.0D0,1.0D0,1.0D0,1.0D0,1.0D0,1.0D0,1.0D0,1.0D0,1.0D0,1.0D0,     0000035P    484
1.0D0,1.0D0,1.0D0,1.0D0,1.0D0,1.0D0,1.0D0,1.0D0,1.0D0,1.0D0,     0000035P    485
1.0D0,1.0D0,1.0D0,1.0D0,1.0D0,1.0D0,1.0D0,1.0D0,1.0D0,1.0D0,     0000035P    486
1.0D0,1.0D0,1.0D0,1.0D0,1.0D0,1.0D0,1.0D0,1.0D0,1.0D0,1.0D0,     0000035P    487
1.0D0,1.0D0,1.0D0,1.0D0,1.0D0,1.0D0,1.0D0,1.0D0,1.0D0,1.0D0,     0000035P    488
1.0D0,1.0D0,1.0D0,1.0D0,1.0D0,1.0D0,1.0D0,1.0D0,1.0D0,1.0D0,     0000035P    489
1.0D0,1.0D0,1.0D0,1.0D0,1.0D0,1.0D0,1.0D0,1.0D0,1.0D0,1.0D0,     0000035P    490
1.0D0,1.0D0,1.0D0,1.0D0,1.0D0,1.0D0,1.0D0,1.0D0,1.0D0,1.0D0,     0000035P    491
1.0D0,1.0D0,1.0D0,1.0D0,1.0D0,1.0D0,1.0D0,1.0D0,1.0D0,1.0D0,     0000035P    492
1.0D0,1.0D0,1.0D0,1.0D0,1.0D0,1.0D0,1.0D0,1.0D0,1.0D0,1.0D0,     0000035P    493
1.0D0,1.0D0,1.0D0,1.0D0,1.0D0,1.0D0,1.0D0,1.0D0,1.0D0,1.0D0,     0000035P    494
1.0D0,1.0D0,1.0D0,1.0D0,1.0D0,1.0D0,1.0D0,1.0D0,1.0D0,1.0D0,     0000035P    495
1.0D0,1.0D0,1.0D0,1.0D0,1.0D0,1.0D0,1.0D0,1.0D0,1.0D0,1.0D0,     0000035P    496
1.0D0,1.0D0,1.0D0,1.0D0,1.0D0,1.0D0,1.0D0,1.0D0,1.0D0,1.0D0,     0000035P    497
1.0D0,1.0D0,1.0D0,1.0D0,1.0D0,1.0D0,1.0D0,1.0D0,1.0D0,1.0D0,     0000035P    498
1.0D0,1.0D0,1.0D0,1.0D0,1.0D0,1.0D0,1.0D0,1.0D0,1.0D0,1.0D0,     0000035P    499
1.0D0,1.0D0,1.0D0,1.0D0,1.0D0,1.0D0,1.0D0,1.0D0,1.0D0,1.0D0,     0000035P    500
1.0D0,1.0D0,1.0D0,1.0D0,1.0D0,1.0D0,1.0D0,1.0D0,1.0D0,1.0D0,     0000035P    501
1.0D0,1.0D0,1.0D0,1.0D0,1.0D0,1.0D0,1.0D0,1.0D0,1.0D0,1.0D0,     0000035P    502
1.0D0,1.0D0,1.0D0,1.0D0,1.0D0,1.0D0,1.0D0,1.0D0,1.0D0,1.0D0,     0000035P    503
1.0D0,1.0D0,1.0D0,1.0D0,1.0D0,1.0D0,1.0D0,1.0D0,1.0D0,1.0D0,     0000035P    504
1.0D0,1.0D0,1.0D0,1.0D0,1.0D0,1.0D0,1.0D0,1.0D0,1.0D0,1.0D0,     0000035P    505
1.0D0,1.0D0,1.0D0,1.0D0,1.0D0,1.0D0,1.0D0,1.0D0,1.0D0,1.0D0,     0000035P    506
1.0D0,1.0D0,1.0D0,1.0D0,1.0D0,1.0D0,1.0D0,1.0D0,1.0D0,1.0D0,     0000035P    507
1.0D0,1.0D0,1.0D0,1.0D0,1.0D0,1.0D0,1.0D0,1.0D0,1.0D0,1.0D0,     0000035P    508
1.0D0,1.0D0,1.0D0,1.0D0,1.0D0,1.0D0,1.0D0,1.0D0,1.0D0,1.0D0,     0000035P    509
1.0D0,1.0D0,1.0D0,1.0D0,1.0D0,1.0D0,1.0D0,1.0D0,1.0D0,1.0D0,     0000035P    510
1.0D0,1.0D0,1.0D0,1.0D0,1.0D0,1.0D0,1.0D0,1.0D0,1.0D0,1.0D0,     0000035P    511
1.0D0,1.0D0,1.0D0,1.0D0,1.0D0,1.0D0,1.0D0,1.0D0,1.0D0,1.0D0,     0000035P    512
1.0D0,1.0D0,1.0D0,1.0D0,1.0D0,1.0D0,1.0D0,1.0D0,1.0D0,1.0D0,     0000035P    513
1.0D0,1.0D0,1.0D0,1.0D0,1.0D0,1.0D0,1.0D0,1.0D0,1.0D0,1.0D0,     0000035P    514
1.0D0,1.0D0,1.0D0,1.0D0,1.0D0,1.0D0,1.0D0,1.0D0,1.0D0,1.0D0,     0000035P    515
1.0D0,1.0D0,1.0D0,1.0D0,1.0D0,1.0D0,1.0D0,1.0D0,1.0D0,1.0D0,     0000035P    516
1.0D0,1.0D0,1.0D0,1.0D0,1.0D0,1.0D0,1.0D0,1.0D0,1.0D0,1.0D0,     0000035P    517
1.0D0,1.0D0,1.0D0,1.0D0,1.0D0,1.0D0,1.0D0,1.0D0,1.0D0,1.0D0,     0000035P    518
1.0D0,1.0D0,1.0D0,1.0D0,1.0D0,1.0D0,1.0D0,1.0D0,1.0D0,1.0D0,     0000035P    519
1.0D0,1.0D0,1.0D0,1.0D0,1.0D0,1.0D0,1.0D0,1.0D0,1.0D0,1.0D0,     0000035P    520
1.0D0,1.0D0,1.0D0,1.0D0,1.0D0,1.0D0,1.0D0,1.0D0,1.0D0,1.0D0,     0000035P    521
1.0D0,1.0D0,1.0D0,1.0D0,1.0D0,1.0D0,1.0D0,1.0D0,1.0D0,1.0D0,     0000035P    522
1.0D0,1.0D0,1.0D0,1.0D0,1.0D0,1.0D0,1.0D0,1.0D0,1.0D0,1.0D0,     0000035P    523
1.0D0,1.0D0,1.0D0,1.0D0,1.0D0,1.0D0,1.0D0,1.0D0,1.0D0,1.0D0,     0000035P    524
1.0D0,1.0D0,1.0D0,1.0D0,1.0D0,1.0D0,1.0D0,1.0D0,1.0D0,1.0D0,     0000035P    525
1.0D0,1.0D0,1.0D0,1.0D0,1.0D0,1.0D0,1.0D0,1.0D0,1.0D0,1.0D0,     0000035P    526
1.0D0,1.0D0,1.0D0,1.0D0,1.0D0,1.0D0,1.0D0,1.0D0,1.0D0,1.0D0,     0000035P    527
1.0D0,1.0D0,1.0D0,1.0D0,1.0D0,1.0D0,1.0D0,1.0D0,1.0D0,1.0D0,     0000035P    528
1.0D0,1.0D0,1.0D0,1.0D0,1.0D0,1.0D0,1.0D0,1.0D0,1.0D0,1.0D0,     0000035P    529
1.0D0,1.0D0,1.0D0,1.0D0,1.0D0,1.0D0,1.0D0,1.0D0,1.0D0,1.0D0,     0000035P    530
1.0D0,1.0D0,1.0D0,1.0D0,1.0D0,1.0D0,1.0D0,1.0D0,1.0D0,1.0D0,     0000035P    531
1.0D0,1.0D0,1.0D0,1.0D0,1.0D0,1.0D0,1.0D0,1.0D0,1.0D0,1.0D0,     0000035P    532
1.0D0,1.0D0,1.0D0,1.0D0,1.0D0,1.0D0,1.0D0,1.0D0,1.0D0,1.0D0,     0000035P    533
1.0D0,1.0D0,1.0D0,1.0D0,1.0D0,1.0D0,1.0D0,1.0D0,1.0D0,1.0D0,     0000035P    534
1.0D0,1.0D0,1.0D0,1.0D0,1.0D0,1.0D0,1.0D0,1.0D0,1.0D0,1.0D0,     0000035P    535
1.0D0,1.0D0,1.0D0,1.0D0,1.0D0,1.0D0,1.0D0,1.0D0,1.0D0,1.0D0,     0000035P    536
1.0D0,1.0D0,1.0D0,1.0D0,1.0D0,1.0D0,1.0D0,1.0D0,1.0D0,1.0D0,     0000035P    537
1.0D0,1.0D0,1.0D0,1.0D0,1.0D0,1.0D0,1.0D0,1.0D0,1.0D0,1.0D0,     0000035P    538
1.0D0,1.0D0,1.0D0,1.0D0,1.0D0,1.0D0,1.0D0,1.0D0,1.0D0,1.0D0,     0000035P    539
1.0D0,1.0D0,1.0D0,1.0D0,1.0D0,1.0D0,1.0D0,1.0D0,1.0D0,1.0D0,     0000035P    540
1.0D0,1.0D0,1.0D0,1.0D0,1.0D0,1.0D0,1.0D0,1.0D0,1.0D0,1.0D0,     0000035P    541
1.0D0,1.0D0,1.0D0,1.0D0,1.0D0,1.0D0,1.0D0,1.0D0,1.0D0,1.0D0,     0000035P    542
1.0D0,1.0D0,1.0D0,1.0D0,1.0D0,1.0D0,1.0D0,1.0D0,1.0D0,1.0D0,     0000035P    543
1.0D0,1.0D0,1.0D0,1.0D0,1.0D0,1.0D0,1.0D0,1.0D0,1.0D0,1.0D0,     0000035P    544
1.0D0,1.0D0,1.0D0,1.0D0,1.0D0,1.0D0,1.0D0,1.0D0,1.0D0,1.0D0,     0000035P    545
1.0D0,1.0D0,1.0D0,1.0D0,1.0D0,1.0D0,1.0D0,1.0D0,1.0D0,1.0D0,     0000035P    546
1.0D0,1.0D0,1.0D0,1.0D0,1.0D0,1.0D0,1.0D0,1.0D0,1.0D0,1.0D0,     0000035P    547
1.0D0,1.0D0,1.0D0,1.0D0,1.0D0,1.0D0,1.0D0,1.0D0,1.0D0,1.0D0,     0000035P    548
1.0D0,1.0D0,1.0D0,1.0D0,1.0D0,1.0D0,1.0D0,1.0D0,1.0D0,1.0D0,     0000035P    549
1.0D0,1.0D0,1.0D0,1.0D0,1.0D0,1.0D0,1.0D0,1.0D0,1.0D0,1.0D0,     0000035P    550
1.0D0,1.0D0,1.0D0,1.0D0,1.0D0,1.0D0,1.0D0,1.0D0,1.0D0,           0000035P    551
8.892873388493927D0,1.2877D-08,-1.696259922499587D0,             0000035P    552
8.876404402331593D0,1.755326214377606D-06,-1.69311856649788D0,   0000035P    553
8.843468862185809D0,0.0003094125344285099D0,                     0000035P    554
-1.686836318417359D0,8.794063596866037D0,0.001684929140178649D0, 0000035P    555
-1.677412573373286D0,8.744658855414018D0,0.003973614904856894D0, 0000035P    556
-1.667988928253708D0,8.695253973592063D0,0.007174889240393763D0, 0000035P    557
-1.658565256359441D0,8.645849129382112D0,0.01128774813356805D0,  0000035P    558
-1.649141591639431D0,8.596444275094058D0,0.01631094422533402D0,  0000035P    559
-1.639717924997084D0,8.547039423506423D0,0.02224294696509585D0,  0000035P    560
-1.630294258869827D0,8.497634571195217D0,0.02908195191428258D0,  0000035P    561
-1.620870592604552D0,8.448229719077887D0,0.0368258713777738D0,   0000035P    562
-1.611446926376258D0,8.398824866908607D0,0.04547235057462219D0,  0000035P    563
-1.602023260138055D0,8.349420014753251D0,0.05501875432373737D0,  0000035P    564
-1.592599593902507D0,8.300015162594164D0,0.06546217413042825D0,  0000035P    565
-1.583175927666249D0,8.250610310436072D0,0.0767994311545494D0,   0000035P    566
-1.573752261430179D0,8.201205458277721D0,0.08902706925137392D0,  0000035P    567
-1.56432859519406D0,8.151800606119437D0,0.1021413678399546D0,    0000035P    568
-1.554904928957954D0,8.102395753961128D0,0.1161383273888075D0,   0000035P    569
-1.545481262721844D0,8.052990901802836D0,0.131013690604815D0,    0000035P    570
-1.536057596485737D0,8.003586049644531D0,0.1467629201919323D0,   0000035P    571
-1.526633930249627D0,7.954181197486236D0,0.1633812246274555D0,   0000035P    572
-1.517210264013519D0,7.904776345327933D0,0.1808635372982453D0,   0000035P    573
-1.507786597777409D0,7.855371493169633D0,0.1992045381795632D0,   0000035P    574
-1.498362931541301D0,7.805966641011335D0,0.2183986359835016D0,   0000035P    575
-1.488939265305192D0,7.756561788853036D0,0.2384399878864302D0,   0000035P    576
-1.479515599069084D0,7.707156936694738D0,0.2593224864707773D0,   0000035P    577
-1.470091932832975D0,7.657752084536434D0,0.2810397742304605D0,   0000035P    578
-1.460668266596865D0,7.608347232378134D0,0.3035852346073805D0,   0000035P    579
-1.451244600360756D0,7.55894238021984D0,0.3269520013400168D0,    0000035P    580
-1.441820934124648D0,7.509537528061537D0,0.3511329540325509D0,   0000035P    581
-1.432397267888539D0,7.46013267590324D0,0.3761207325297784D0,    0000035P    582
-1.422973601652431D0,7.410727823744939D0,0.4019077198483348D0,   0000035P    583
-1.413549935416321D0,7.36132297158664D0,0.4284860660768819D0,    0000035P    584
-1.404126269180213D0,7.31191811942834D0,0.4558476758441358D0,    0000035P    585
-1.394702602944103D0,7.262513267270039D0,0.4839842105465739D0,   0000035P    586
-1.385278936707995D0,7.21310841511174D0,0.5128871039695683D0,    0000035P    587
-1.375855270471886D0,7.163703562953442D0,0.5425475515751524D0,   0000035P    588
-1.366431604235777D0,7.114298710795143D0,0.5729565197298203D0,   0000035P    589
-1.357007937999669D0,7.064893858636844D0,0.6041047435055651D0,   0000035P    590
-1.347584271763559D0,7.015489006478539D0,0.6359827382479177D0,   0000035P    591
-1.338160605527451D0,6.966084154320241D0,0.6685807915027641D0,   0000035P    592
-1.328736939291342D0,6.916679302161941D0,0.7018889777410262D0,   0000035P    593
-1.319313273055233D0,6.867274450003647D0,0.7358971495331311D0,   0000035P    594
-1.309889606819125D0,6.817869597845345D0,0.7705949461264483D0,   0000035P    595
-1.300465940583015D0,6.768464745687044D0,0.8059718039610738D0,   0000035P    596
-1.291042274346906D0,6.719059893528744D0,0.8420169420292554D0,   0000035P    597
-1.281618608110797D0,6.669655041370444D0,0.8787193859219028D0,   0000035P    598
-1.272194941874689D0,6.620250189212143D0,0.9160679522831312D0,   0000035P    599
-1.262771275638581D0,6.570845337053846D0,0.9540512689455705D0,   0000035P    600
-1.253347609402472D0,6.521440484895543D0,0.9926577639345841D0,   0000035P    601
-1.243923943166363D0,6.472035632737247D0,1.03187567731609D0,     0000035P    602
-1.234500276930254D0,6.422630780578948D0,1.071693066801055D0,    0000035P    603
-1.225076610694144D0,6.373225928420645D0,1.112097803479688D0,    0000035P    604
-1.215652944458036D0,6.323821076262346D0,1.15307757728019D0,     0000035P    605
-1.206229278221927D0,6.274416224104048D0,1.194619909399551D0,    0000035P    606
-1.196805611985818D0,6.225011371945747D0,1.236712145121603D0,    0000035P    607
-1.187381945749709D0,6.17560651978745D0,1.279341464114033D0,     0000035P    608
-1.177958279513601D0,6.126201667629152D0,1.322494882422264D0,    0000035P    609
-1.168534613277491D0,6.076796815470848D0,1.36615925219691D0,     0000035P    610
-1.159110947041383D0,6.027391963312552D0,1.410321278790094D0,    0000035P    611
-1.149687280805274D0,5.977987111154254D0,1.45496750664271D0,     0000035P    612
-1.140263614569166D0,5.928582258995951D0,1.500084340639065D0,    0000035P    613
-1.130839948333056D0,5.87917740683765D0,1.545658034801027D0,     0000035P    614
-1.121416282096948D0,5.829772554679357D0,1.591674710156822D0,    0000035P    615
-1.111992615860839D0,5.780367702521049D0,1.638120348571681D0,    0000035P    616
-1.102568949624731D0,5.730962850362753D0,1.68498080555645D0,     0000035P    617
-1.093145283388621D0,5.681557998204455D0,1.732241807202514D0,    0000035P    618
-1.083721617152512D0,5.632153146046153D0,1.779888955633494D0,    0000035P    619
-1.074297950916403D0,5.582748293887856D0,1.827907740263507D0,    0000035P    620
-1.064874284680295D0,5.533343441729553D0,1.87628353531247D0,     0000035P    621
-1.055450618444185D0,5.483938589571257D0,1.925001604486607D0,    0000035P    622
-1.046026952208077D0,5.434533737412956D0,1.974047108741095D0,    0000035P    623
-1.036603285971968D0,5.385128885254657D0,2.023405112549011D0,    0000035P    624
-1.02717961973586D0,5.335724033096358D0,2.07306057506286D0,      0000035P    625
-1.017755953499751D0,5.286319180938057D0,2.122998379199547D0,    0000035P    626
-1.008332287263642D0,5.236914328779756D0,2.173203308138951D0,    0000035P    627
-0.9989086210275334D0,5.187509476621458D0,2.223660074244646D0,   0000035P    628
-0.9894849547914238D0,5.138104624463159D0,2.274353304882463D0,   0000035P    629
-0.9800612885553156D0,5.088699772304858D0,2.325267564225503D0,   0000035P    630
-0.9706376223192065D0,5.039294920146558D0,2.376387340215525D0,   0000035P    631
-0.9612139560830977D0,4.989890067988259D0,2.427697062912395D0,   0000035P    632
-0.951790289846989D0,4.940485215829959D0,2.479181104134892D0,    0000035P    633
-0.9423666236108802D0,4.89108036367166D0,2.530823784548031D0,    0000035P    634
-0.9329429573747711D0,4.841675511513361D0,2.582609369672982D0,   0000035P    635
-0.9235192911386624D0,4.792270659355061D0,2.634522090760035D0,   0000035P    636
-0.9140956249025533D0,4.742865807196759D0,2.686546131286873D0,   0000035P    637
-0.9046719586664445D0,4.69346095503846D0,2.738665648092466D0,    0000035P    638
-0.8952482924303358D0,4.644056102880162D0,2.790864766343256D0,   0000035P    639
-0.885824626194227D0,4.594651250721861D0,2.84312758453451D0,     0000035P    640
-0.8764009599581182D0,4.545246398563561D0,2.895438183518703D0,   0000035P    641
-0.8669772937220094D0,4.495841546405264D0,2.947780633390678D0,   0000035P    642
-0.8575536274859005D0,4.446436694246963D0,3.000138986918584D0,   0000035P    643
-0.8481299612497918D0,4.397031842088666D0,3.052497298934982D0,   0000035P    644
-0.8387062950136828D0,4.347626989930364D0,3.104839621341472D0,   0000035P    645
-0.8292826287775745D0,4.298222137772063D0,3.157150009699117D0,   0000035P    646
-0.8198589625414654D0,4.248817285613767D0,3.209412531862057D0,   0000035P    647
-0.8104352963053567D0,4.199412433455465D0,3.261611268852655D0,   0000035P    648
-0.801011630069247D0,4.150007581297165D0,3.313730320727323D0,    0000035P    649
-0.7915879638331383D0,4.100602729138869D0,3.36575381223805D0,    0000035P    650
-0.7821642975970296D0,4.051197876980566D0,3.417665900320468D0,   0000035P    651
-0.772740631360921D0,4.001793024822266D0,3.469450768480078D0,    0000035P    652
-0.763316965124812D0,3.952388172663968D0,3.521092647759216D0,    0000035P    653
-0.7538932988887034D0,3.902983320505668D0,3.572575804483041D0,   0000035P    654
-0.7444696326525945D0,3.853578468347369D0,3.62388456230861D0,    0000035P    655
-0.7350459664164856D0,3.80417361618907D0,3.675003286282513D0,    0000035P    656
-0.725622300180377D0,3.754768764030771D0,3.725916412561328D0,    0000035P    657
-0.7161986339442676D0,3.705363911872471D0,3.776608429472169D0,   0000035P    658
-0.7067749677081587D0,3.655959059714171D0,3.827063899549994D0,   0000035P    659
-0.6973513014720504D0,3.606554207555871D0,3.877267450327851D0,   0000035P    660
-0.6879276352359415D0,3.557149355397573D0,3.927203795138595D0,   0000035P    661
-0.678503968999833D0,3.507744503239271D0,3.976857719117763D0,    0000035P    662
-0.6690803027637241D0,3.458339651080971D0,4.026214102390342D0,   0000035P    663
-0.659656636527615D0,3.408934798922673D0,4.075257907320859D0,    0000035P    664
-0.6502329702915062D0,3.359529946764372D0,4.123974200326216D0,   0000035P    665
-0.6408093040553973D0,3.310125094606072D0,4.172348137374269D0,   0000035P    666
-0.6313856378192886D0,3.260720242447771D0,4.220364988176709D0,   0000035P    667
-0.6219619715831796D0,3.211315390289474D0,4.268010125918889D0,   0000035P    668
-0.6125383053470707D0,3.161910538131174D0,4.315269038147733D0,   0000035P    669
-0.603114639110962D0,3.112505685972874D0,4.362127329490176D0,    0000035P    670
-0.593690972874853D0,3.063100833814577D0,4.408570729891558D0,    0000035P    671
-0.5842673066387444D0,3.013695981656277D0,4.454585088943589D0,   0000035P    672
-0.5748436404026356D0,2.964291129497976D0,4.500156396334083D0,   0000035P    673
-0.5654199741665265D0,2.914886277339678D0,4.545270765720072D0,   0000035P    674
-0.5559963079304183D0,2.865481425181377D0,4.589914460785623D0,   0000035P    675
-0.546572641694309D0,2.816076573023078D0,4.634073879137427D0,    0000035P    676
-0.5371489754582D0,2.766671720864777D0,4.677735572664659D0,      0000035P    677
-0.5277253092220914D0,2.717266868706479D0,4.720886242203933D0,   0000035P    678
-0.5183016429859828D0,2.667862016548178D0,4.763512744519603D0,   0000035P    679
-0.5088779767498739D0,2.618457164389879D0,4.805602093717648D0,   0000035P    680
-0.4994543105137651D0,2.56905231223158D0,4.847141472609795D0,    0000035P    681
-0.4900306442776563D0,2.519647460073279D0,4.88811822784316D0,    0000035P    682
-0.4806069780415473D0,2.47024260791498D0,4.928519878017559D0,    0000035P    683
-0.4711833118054383D0,2.420837755756681D0,4.968334116086597D0,   0000035P    684
-0.4617596455693296D0,2.37143290359838D0,5.007548815636041D0,    0000035P    685
-0.4523359793332206D0,2.322028051440082D0,5.046152033369223D0,   0000035P    686
-0.4429123130971121D0,2.272623199281781D0,5.084132010887053D0,   0000035P    687
-0.4334886468610032D0,2.223218347123483D0,5.121477177082562D0,   0000035P    688
-0.4240649806248944D0,2.173813494965184D0,5.158176160782689D0,   0000035P    689
-0.4146413143887858D0,2.124408642806884D0,5.194217779786684D0,   0000035P    690
-0.4052176481526768D0,2.075003790648582D0,5.229591060070572D0,   0000035P    691
-0.3957939819165677D0,2.025598938490284D0,5.264285223931021D0,   0000035P    692
-0.3863703156804589D0,1.976194086331985D0,5.298289706205335D0,   0000035P    693
-0.3769466494443502D0,1.926789234173684D0,5.331594149247633D0,   0000035P    694
-0.3675229832082413D0,1.877384382015386D0,5.364188406804123D0,   0000035P    695
-0.3580993169721324D0,1.827979529857085D0,5.396062551535845D0,   0000035P    696
-0.3486756507360236D0,1.778574677698787D0,5.427206877052468D0,   0000035P    697
-0.3392519844999148D0,1.729169825540486D0,5.457611894254277D0,   0000035P    698
-0.329828318263806D0,1.679764973382187D0,5.487268343930421D0,    0000035P    699
-0.3204046520276972D0,1.630360121223886D0,5.516167192024036D0,   0000035P    700
-0.3109809857915885D0,1.580955269065588D0,5.544299635973434D0,   0000035P    701
-0.3015573195554795D0,1.531550416907288D0,5.571657108082218D0,   0000035P    702
-0.2921336533193708D0,1.482145564748989D0,5.598231273697683D0,   0000035P    703
-0.2827099870832618D0,1.432740712590689D0,5.624014041127042D0,   0000035P    704
-0.273286320847153D0,1.383335860432389D0,5.64899755379414D0,     0000035P    705
-0.2638626546110442D0,1.33393100827409D0,5.673174205696388D0,    0000035P    706
-0.2544389883749354D0,1.28452615611579D0,5.696536629420297D0,    0000035P    707
-0.2450153221388265D0,1.235121303957491D0,5.719077710622417D0,   0000035P    708
-0.2355916559027177D0,1.185716451799191D0,5.740790584090021D0,   0000035P    709
-0.2261679896666088D0,1.136311599640892D0,5.761668635017494D0,   0000035P    710
-0.2167443234305001D0,1.086906747482592D0,5.78170550384D0,       0000035P    711
-0.2073206571943914D0,1.037501895324292D0,5.800895089622498D0,   0000035P    712
-0.1978969909582823D0,0.9880970431659925D0,5.819231543670004D0,  0000035P    713
-0.1884733247221735D0,0.9386921910076935D0,5.836709285697496D0,  0000035P    714
-0.1790496584860647D0,0.8892873388493937D0,5.853322987540012D0,  0000035P    715
-0.169625992249956D0,0.8398824866910933D0,5.869067592142445D0,   0000035P    716
-0.160202326013847D0,0.7904776345327949D0,5.883938301890204D0,   0000035P    717
-0.1507786597777385D0,0.7410727823744916D0,5.897930588296719D0,  0000035P    718
-0.1413549935416288D0,0.6916679302162069D0,5.911040188922904D0,  0000035P    719
-0.1319313273055228D0,0.6422630780578518D0,5.923263110011647D0,  0000035P    720
-0.1225076610694035D0,0.592858225899759D0,5.93459563103049D0,    0000035P    721
-0.113083994833334D0,0.5434533737406877D0,5.945034295866383D0,   0000035P    722
-0.1036603285970781D0,0.4940485215852684D0,5.954575931503953D0,  0000035P    723
-0.09423666236151858D0,0.4446436694162187D0,5.96321762411777D0,  0000035P    724
-0.08481299612335927D0,0.39523881729804D0,5.97095674802495D0,    0000035P    725
-0.07538932989490324D0,0.3458339649900073D0,5.977790939782405D0, 0000035P    726
-0.06596566363023369D0,0.2964291133905195D0,5.983718124845421D0, 0000035P    727
-0.05654199750071477D0,0.2470242591467054D0,5.988736490835894D0, 0000035P    728
-0.04711833086680711D0,0.1976194147716521D0,5.99284451381099D0,  0000035P    729
-0.03769466611530379D0,0.1482145335658816D0,5.996040945920145D0, 0000035P    730
-0.02827099433857172D0,0.09880978981421944D0,5.99832478450843D0, 0000035P    731
-0.01884734878035027D0,0.04940453307684133D0,                    0000035P    732
5.999695450046126D0,-0.009423605373315193D0,                     0000035P    733
0.01646897157775941D0,5.999999874886744D0,                       0000035P    734
-0.003141353219787715D0,9.551778241267644D-16,                   0000035P    735
5.999999999999996D0,2.991650543871927D-15,9.053561981112988D0,   0000035P    736
1.2877D-08,9.080959233040669D-06,9.03679541079617D0,             0000035P    737
1.755326214377608D-06,9.064141924992436D-06,9.003264746289336D0, 0000035P    738
0.00030941253442851D0,9.030509792298341D-06,8.95296675910056D0,  0000035P    739
0.001684929140178649D0,8.980059596715352D-06,                    0000035P    740
8.902669305245494D0,0.003973614904856898D0,                      0000035P    741
8.929609936648465D-06,8.852371708484094D0,                       0000035P    742
0.007174889240393766D0,8.879160132363581D-06,                    0000035P    743
8.802074150014329D0,0.01128774813356806D0,8.828710366992013D-06, 0000035P    744
8.75177658128435D0,0.01631094422533403D0,8.778260591295399D-06,  0000035P    745
8.701479015303594D0,0.02224294696509585D0,8.727810818263292D-06, 0000035P    746
8.651181448586179D0,0.02908195191428261D0,8.677361044842635D-06, 0000035P    747
8.600883882066153D0,0.03682587137777381D0,8.626911271421951D-06, 0000035P    748
8.550586315493238D0,0.04547235057462223D0,8.576461497890244D-06, 0000035P    749
8.500288748934493D0,0.05501875432373739D0,8.526011724192031D-06, 0000035P    750
8.449991182371957D0,0.06546217413042832D0,8.475561950715835D-06, 0000035P    751
8.399693615810429D0,0.07679943115454944D0,8.425112177184156D-06, 0000035P    752
8.349396049248634D0,0.08902706925137405D0,8.374662403319382D-06, 0000035P    753
8.29909848268691D0,0.1021413678399546D0,8.32421263017628D-06,    0000035P    754
8.248800916125166D0,0.1161383273888077D0,8.273762856644574D-06,  0000035P    755
8.198503349563429D0,0.1310136906048151D0,8.2233130832794D-06,    0000035P    756
8.148205783001689D0,0.1467629201919324D0,8.172863309581187D-06,  0000035P    757
8.097908216439956D0,0.1633812246274556D0,8.122413536160503D-06,  0000035P    758
8.047610649878212D0,0.1808635372982453D0,8.07196376246229D-06,   0000035P    759
7.997313083316475D0,0.1992045381795634D0,8.021513989152628D-06,  0000035P    760
7.947015516754735D0,0.2183986359835017D0,7.97106421556541D-06,   0000035P    761
7.896717950192995D0,0.2384399878864304D0,7.920614442255775D-06,  0000035P    762
7.846420383631258D0,0.2593224864707774D0,7.870164668391001D-06,  0000035P    763
7.796122817069518D0,0.2810397742304606D0,7.819714894914833D-06,  0000035P    764
7.745825250507779D0,0.3035852346073807D0,7.769265121327615D-06,  0000035P    765
7.695527683946043D0,0.3269520013400173D0,7.71881534790693D-06,   0000035P    766
7.645230117384299D0,0.3511329540325512D0,7.668365574375251D-06,  0000035P    767
7.594932550822562D0,0.3761207325297787D0,7.617915801176611D-06,  0000035P    768
7.544634984260823D0,0.401907719848335D0,7.567466027200842D-06,   0000035P    769
7.494337417699087D0,0.4284860660768825D0,7.517016253835669D-06,  0000035P    770
7.444039851137349D0,0.4558476758441361D0,7.46656648019294D-06,   0000035P    771
7.393742284575608D0,0.4839842105465742D0,7.416116706883305D-06,  0000035P    772
7.34344471801387D0,0.5128871039695685D0,7.365666933240576D-06,   0000035P    773
7.293147151452131D0,0.542547551575153D0,7.315217159653385D-06,   0000035P    774
7.24284958489039D0,0.5729565197298208D0,7.264767386343723D-06,   0000035P    775
7.192552018328653D0,0.6041047435055658D0,7.214317612478976D-06,  0000035P    776
7.142254451766914D0,0.6359827382479176D0,7.163867839280337D-06,  0000035P    777
7.091956885205176D0,0.6685807915027642D0,7.113418065693119D-06,  0000035P    778
7.041659318643436D0,0.7018889777410263D0,7.062968292161439D-06,  0000035P    779
6.991361752081697D0,0.7358971495331315D0,7.012518518629732D-06,  0000035P    780
6.941064185519959D0,0.7705949461264491D0,6.962068744931519D-06,  0000035P    781
6.890766618958219D0,0.8059718039610743D0,6.911618971399813D-06,  0000035P    782
6.840469052396482D0,0.8420169420292561D0,6.861169197868106D-06,  0000035P    783
6.79017148583474D0,0.8787193859219031D0,6.810719424558471D-06,   0000035P    784
6.739873919273005D0,0.9160679522831317D0,6.760269651137786D-06,  0000035P    785
6.689576352711266D0,0.9540512689455716D0,6.709819877717129D-06,  0000035P    786
6.639278786149526D0,0.9926577639345849D0,6.659370104018889D-06,  0000035P    787
6.588981219587785D0,1.03187567731609D0,6.608920330431671D-06,    0000035P    788
6.538683653026048D0,1.071693066801056D0,6.558470556677947D-06,   0000035P    789
6.48838608646431D0,1.112097803479689D0,6.508020783257262D-06,    0000035P    790
6.438088519902572D0,1.15307757728019D0,6.457571009836605D-06,    0000035P    791
6.38779095334083D0,1.194619909399552D0,6.407121236249387D-06,    0000035P    792
6.337493386779092D0,1.236712145121604D0,6.356671462662169D-06,   0000035P    793
6.287195820217353D0,1.279341464114034D0,6.306221689241512D-06,   0000035P    794
6.236898253655614D0,1.322494882422264D0,6.255771915654294D-06,   0000035P    795
6.186600687093878D0,1.366159252196911D0,6.205322142122615D-06,   0000035P    796
6.136303120532135D0,1.410321278790096D0,6.154872368757441D-06,   0000035P    797
6.086005553970397D0,1.45496750664271D0,6.104422595447806D-06,    0000035P    798
6.035707987408659D0,1.500084340639066D0,6.053972821527522D-06,   0000035P    799
5.98541042084692D0,1.545658034801029D0,6.003523048217859D-06,    0000035P    800
5.935112854285182D0,1.591674710156823D0,5.953073274630669D-06,   0000035P    801
5.884815287723443D0,1.638120348571682D0,5.902623501265495D-06,   0000035P    802
5.834517721161704D0,1.684980805556452D0,5.852173727567282D-06,   0000035P    803
5.784220154599965D0,1.732241807202514D0,5.801723953980064D-06,   0000035P    804
5.733922588038226D0,1.779888955633495D0,5.751274180392847D-06,   0000035P    805
5.683625021476488D0,1.82790774026351D0,5.7008244070277D-06,      0000035P    806
5.633327454914746D0,1.876283535312472D0,5.650374633495994D-06,   0000035P    807
5.583029888353011D0,1.925001604486609D0,5.599924859908803D-06,   0000035P    808
5.532732321791271D0,1.974047108741096D0,5.549475086432607D-06,   0000035P    809
5.482434755229531D0,2.023405112549011D0,5.499025312956412D-06,   0000035P    810
5.432137188667795D0,2.073060575062862D0,5.448575539369221D-06,   0000035P    811
5.381839622106053D0,2.122998379199549D0,5.398125765726492D-06,   0000035P    812
5.331542055544316D0,2.173203308138951D0,5.347675992472355D-06,   0000035P    813
5.281244488982576D0,2.223660074244648D0,5.297226218746372D-06,   0000035P    814
5.23094692242084D0,2.274353304882463D0,5.246776445353457D-06,    0000035P    815
5.180649355859099D0,2.325267564225504D0,5.196326671794008D-06,   0000035P    816
5.13035178929736D0,2.376387340215526D0,5.145876898206804D-06,    0000035P    817
5.080054222735621D0,2.427697062912396D0,5.095427124841631D-06,   0000035P    818
5.029756656173882D0,2.479181104134894D0,5.044977351337693D-06,   0000035P    819
4.979459089612143D0,2.530823784548032D0,4.994527577694978D-06,   0000035P    820
4.929161523050406D0,2.582609369672985D0,4.94407780419104D-06,    0000035P    821
4.878863956488664D0,2.634522090760036D0,4.893628030659347D-06,   0000035P    822
4.828566389926928D0,2.686546131286876D0,4.843178257016618D-06,   0000035P    823
4.778268823365189D0,2.738665648092468D0,4.792728483595947D-06,   0000035P    824
4.727971256803449D0,2.790864766343256D0,4.742278710119765D-06,   0000035P    825
4.677673690241711D0,2.843127584534511D0,4.691828936504805D-06,   0000035P    826
4.627376123679972D0,2.895438183518703D0,4.641379163028623D-06,   0000035P    827
4.577078557118232D0,2.947780633390679D0,4.590929389524685D-06,   0000035P    828
4.526780990556494D0,3.000138986918584D0,4.540479615992979D-06,   0000035P    829
4.476483423994756D0,3.052497298934987D0,4.490029842350263D-06,   0000035P    830
4.426185857433017D0,3.104839621341476D0,4.43958006906837D-06,    0000035P    831
4.375888290871278D0,3.157150009699118D0,4.38913029545341D-06,    0000035P    832
4.32559072430954D0,3.209412531862057D0,4.338680522004984D-06,    0000035P    833
4.2752931577478D0,3.261611268852655D0,4.288230748223477D-06,     0000035P    834
4.224995591186062D0,3.313730320727324D0,4.237780974719539D-06,   0000035P    835
4.174698024624323D0,3.365753812238054D0,4.187331201132335D-06,   0000035P    836
4.124400458062584D0,3.417665900320469D0,4.136881427822687D-06,   0000035P    837
4.074102891500846D0,3.469450768480079D0,4.086431654235482D-06,   0000035P    838
4.023805324939107D0,3.521092647759221D0,4.035981880676033D-06,   0000035P    839
3.973507758377368D0,3.572575804483043D0,3.985532107144327D-06,   0000035P    840
3.923210191815627D0,3.623884562308612D0,3.9350823336959D-06,     0000035P    841
3.87291262525389D0,3.675003286282517D0,3.884632560191963D-06,    0000035P    842
3.82261505869215D0,3.725916412561331D0,3.834182786521492D-06,    0000035P    843
3.772317492130411D0,3.77660842947217D0,3.783733012989798D-06,    0000035P    844
3.722019925568675D0,3.827063899549996D0,3.73328323959687D-06,    0000035P    845
3.671722359006934D0,3.877267450327854D0,3.682833466092932D-06,   0000035P    846
3.621424792445195D0,3.927203795138598D0,3.632383692588994D-06,   0000035P    847
3.571127225883457D0,3.976857719117767D0,3.581933919112812D-06,   0000035P    848
3.520829659321717D0,4.026214102390345D0,3.531484145525608D-06,   0000035P    849
3.470532092759978D0,4.075257907320862D0,3.481034371966159D-06,   0000035P    850
3.420234526198239D0,4.123974200326219D0,3.430584598434453D-06,   0000035P    851
3.369936959636502D0,4.17234813737427D0,3.380134824930515D-06,    0000035P    852
3.319639393074762D0,4.220364988176711D0,3.329685051371066D-06,   0000035P    853
3.269341826513025D0,4.268010125918891D0,3.279235277783862D-06,   0000035P    854
3.219044259951286D0,4.315269038147734D0,3.228785504279924D-06,   0000035P    855
3.168746693389545D0,4.362127329490178D0,3.178335730803729D-06,   0000035P    856
3.118449126827807D0,4.408570729891558D0,3.127885957272036D-06,   0000035P    857
3.068151560266067D0,4.454585088943591D0,3.077436183823609D-06,   0000035P    858
3.017853993704329D0,4.500156396334086D0,3.026986410180894D-06,   0000035P    859
2.967556427142591D0,4.545270765720074D0,2.97653663684349D-06,    0000035P    860
2.917258860580852D0,4.589914460785627D0,2.926086863173019D-06,   0000035P    861
2.866961294019113D0,4.63407387913743D0,2.875637089585801D-06,    0000035P    862
2.816663727457374D0,4.67773557266466D0,2.82518731616513D-06,     0000035P    863
2.766366160895635D0,4.720886242203937D0,2.774737542688948D-06,   0000035P    864
2.716068594333896D0,4.763512744519605D0,2.724287769157255D-06,   0000035P    865
2.665771027772157D0,4.805602093717651D0,2.673837995681066D-06,   0000035P    866
2.615473461210419D0,4.847141472609799D0,2.623388222093861D-06,   0000035P    867
2.56517589464868D0,4.888118227843163D0,2.572938448603802D-06,    0000035P    868
2.514878328086941D0,4.928519878017562D0,2.522488675016591D-06,   0000035P    869
2.464580761525202D0,4.9683341160866D0,2.472038901498775D-06,     0000035P    870
2.414283194963463D0,5.007548815636047D0,2.421589127994831D-06,   0000035P    871
2.363985628401725D0,5.046152033369228D0,2.371139354504771D-06,   0000035P    872
2.313688061839986D0,5.084132010887055D0,2.320689580931444D-06,   0000035P    873
2.263390495278247D0,5.121477177082569D0,2.270239807441378D-06,   0000035P    874
2.213092928716508D0,5.158176160782689D0,2.219790033979074D-06,   0000035P    875
2.162795362154768D0,5.194217779786687D0,2.169340260405747D-06,   0000035P    876
2.112497795593031D0,5.229591060070573D0,2.118890486832414D-06,   0000035P    877
2.062200229031291D0,5.264285223931025D0,2.068440713314598D-06,   0000035P    878
2.011902662469553D0,5.298289706205338D0,2.017990939810661D-06,   0000035P    879
1.961605095907814D0,5.331594149247636D0,1.967541166320594D-06,   0000035P    880
1.911307529346074D0,5.364188406804131D0,1.917091392747268D-06,   0000035P    881
1.861009962784336D0,5.396062551535853D0,1.86664161920169D-06,    0000035P    882
1.810712396222597D0,5.427206877052469D0,1.816191845697752D-06,   0000035P    883
1.760414829660859D0,5.45761189425428D0,1.765742072179937D-06,    0000035P    884
1.71011726309912D0,5.487268343930423D0,1.715292298675993D-06,    0000035P    885
1.659819696537381D0,5.516167192024036D0,1.664842525199811D-06,   0000035P    886
1.609522129975642D0,5.544299635973438D0,1.614392751612606D-06,   0000035P    887
1.559224563413903D0,5.571657108082222D0,1.563942978108662D-06,   0000035P    888
1.508926996852165D0,5.598231273697687D0,1.513493204563091D-06,   0000035P    889
1.458629430290426D0,5.624014041127046D0,1.463043431045276D-06,   0000035P    890
1.408331863728686D0,5.648997553794142D0,1.412593657527453D-06,   0000035P    891
1.358034297166948D0,5.673174205696394D0,1.36214388399576D-06,    0000035P    892
1.307736730605209D0,5.696536629420298D0,1.311694110471003D-06,   0000035P    893
1.25743916404347D0,5.719077710622422D0,1.261244336967062D-06,    0000035P    894
1.207141597481731D0,5.740790584090022D0,1.210794563414548D-06,   0000035P    895
1.156844030919993D0,5.761668635017496D0,1.160344789903672D-06,   0000035P    896
1.106546464358254D0,5.781705503840003D0,1.109895016420548D-06,   0000035P    897
1.056248897796515D0,5.8008950896225D0,1.059445242854157D-06,     0000035P    898
1.005951331234776D0,5.819231543670004D0,1.008995469336341D-06,   0000035P    899
0.955653764673037D0,5.836709285697498D0,9.585456957977056D-07,   0000035P    900
0.9053561981112983D0,5.853322987540017D0,9.080959223076424D-07,  0000035P    901
0.8550586315495592D0,5.869067592142446D0,8.576461487620681D-07,  0000035P    902
0.8047610649878216D0,5.88393830189021D0,8.071963752581305D-07,   0000035P    903
0.7544634984260789D0,5.897930588296722D0,7.567466017125562D-07,  0000035P    904
0.7041659318643548D0,5.91104018892291D0,7.062968282155541D-07,   0000035P    905
0.6538683653025598D0,5.923263110011652D0,6.558470546907981D-07,  0000035P    906
0.6035707987410314D0,5.934595631030493D0,6.053972811591015D-07,  0000035P    907
0.5532732321785069D0,5.945034295866389D0,5.549475076482233D-07,  0000035P    908
0.5029756656197005D0,5.954575931503963D0,5.044977341095896D-07,  0000035P    909
0.4526780990470171D0,5.963217624117773D0,4.540479605952403D-07,  0000035P    910
0.4023805325261241D0,5.970956748024957D0,4.035981871086482D-07,  0000035P    911
0.3520829658119464D0,5.977790939782406D0,3.531484134173571D-07,  0000035P    912
0.301785399819117D0,5.983718124845427D0,3.026986404737326D-07,   0000035P    913
0.2514878311341796D0,5.988736490835898D0,2.522488648274099D-07,  0000035P    914
0.2011902724963255D0,5.992844513810991D0,2.017990992476866D-07,  0000035P    915
0.1508926763622463D0,5.996040945920144D0,1.5134929606176D-07,    0000035P    916
0.1005952201659842D0,5.998324784508434D0,1.008996332392495D-07,  0000035P    917
0.05029724171467896D0,5.999695450046127D0,5.0449446578821D-08,   0000035P    918
0.01676655546871223D0,5.999999874886746D0,1.681729212586273D-08, 0000035P    919
-6.807409601608269D-16,6.000000000000002D0,                      0000035P    920
-1.114227646183394D-15,8.892878687054123D0,1.2877D-08,           0000035P    921
1.69622359866266D0,8.876409691079228D0,1.755326214377606D-06,    0000035P    922
1.693082309930185D0,8.843474131309755D0,0.00030941253442851D0,   0000035P    923
1.686800196378195D0,8.794068836553288D0,0.001684929140178648D0,  0000035P    924
1.677376653134904D0,8.744664065664891D0,0.003973614904856896D0,  0000035P    925
1.667953209813967D0,8.695259154406474D0,0.007174889240393764D0,  0000035P    926
1.658529739718917D0,8.645854280760085D0,0.01128774813356805D0,   0000035P    927
1.649106276797968D0,8.596449397035585D0,0.01631094422533403D0,   0000035P    928
1.639682811954724D0,8.547044516011505D0,0.02224294696509585D0,   0000035P    929
1.630259347626559D0,8.49763963426385D0,0.02908195191428259D0,    0000035P    930
1.620835883160378D0,8.44823475271008D0,0.03682587137777379D0,    0000035P    931
1.611412418731178D0,8.398829871104352D0,0.0454723505746222D0,    0000035P    932
1.601988954292069D0,8.349424989512549D0,0.05501875432373738D0,   0000035P    933
1.592565489855615D0,8.300020107917018D0,0.06546217413042828D0,   0000035P    934
1.583142025418451D0,8.250615226322479D0,0.07679943115454942D0,   0000035P    935
1.573718560981475D0,8.201210344727684D0,0.08902706925137396D0,   0000035P    936
1.564295096544451D0,8.151805463132948D0,0.1021413678399546D0,    0000035P    937
1.554871632107439D0,8.1024005815382D0,0.1161383273888076D0,      0000035P    938
1.545448167670423D0,8.052995699943459D0,0.131013690604815D0,     0000035P    939
1.536024703233409D0,8.003590818348709D0,0.1467629201919324D0,    0000035P    940
1.526601238796393D0,7.954185936753969D0,0.1633812246274556D0,    0000035P    941
1.517177774359379D0,7.904781055159222D0,0.1808635372982453D0,    0000035P    942
1.507754309922364D0,7.855376173564475D0,0.1992045381795633D0,    0000035P    943
1.498330845485349D0,7.805971291969732D0,0.2183986359835017D0,    0000035P    944
1.488907381048334D0,7.756566410374987D0,0.2384399878864303D0,    0000035P    945
1.479483916611319D0,7.707161528780244D0,0.2593224864707773D0,    0000035P    946
1.470060452174306D0,7.657756647185493D0,0.2810397742304605D0,    0000035P    947
1.46063698773729D0,7.60835176559075D0,0.3035852346073806D0,      0000035P    948
1.451213523300276D0,7.558946883996006D0,0.3269520013400171D0,    0000035P    949
1.441790058863261D0,7.50954200240126D0,0.3511329540325511D0,     0000035P    950
1.432366594426246D0,7.460137120806516D0,0.3761207325297786D0,    0000035P    951
1.422943129989231D0,7.41073223921177D0,0.401907719848335D0,      0000035P    952
1.413519665552216D0,7.361327357617025D0,0.4284860660768821D0,    0000035P    953
1.404096201115202D0,7.31192247602228D0,0.4558476758441359D0,     0000035P    954
1.394672736678187D0,7.262517594427536D0,0.4839842105465739D0,    0000035P    955
1.385249272241172D0,7.213112712832787D0,0.5128871039695684D0,    0000035P    956
1.375825807804157D0,7.163707831238045D0,0.5425475515751527D0,    0000035P    957
1.366402343367143D0,7.1143029496433D0,0.5729565197298204D0,      0000035P    958
1.356978878930128D0,7.064898068048555D0,0.6041047435055654D0,    0000035P    959
1.347555414493113D0,7.01549318645381D0,0.6359827382479176D0,     0000035P    960
1.338131950056098D0,6.966088304859063D0,0.6685807915027641D0,    0000035P    961
1.328708485619083D0,6.91668342326432D0,0.7018889777410262D0,     0000035P    962
1.319285021182069D0,6.867278541669577D0,0.7358971495331312D0,    0000035P    963
1.309861556745054D0,6.817873660074829D0,0.7705949461264486D0,    0000035P    964
1.300438092308039D0,6.768468778480083D0,0.8059718039610739D0,    0000035P    965
1.291014627871024D0,6.719063896885338D0,0.8420169420292558D0,    0000035P    966
1.28159116343401D0,6.669659015290595D0,0.8787193859219031D0,     0000035P    967
1.272167698996995D0,6.62025413369585D0,0.9160679522831313D0,     0000035P    968
1.26274423455998D0,6.570849252101104D0,0.9540512689455711D0,     0000035P    969
1.253320770122965D0,6.521444370506359D0,0.9926577639345847D0,    0000035P    970
1.243897305685951D0,6.472039488911614D0,1.03187567731609D0,      0000035P    971
1.234473841248936D0,6.422634607316868D0,1.071693066801056D0,     0000035P    972
1.225050376811921D0,6.373229725722124D0,1.112097803479689D0,     0000035P    973
1.215626912374906D0,6.323824844127379D0,1.15307757728019D0,      0000035P    974
1.206203447937892D0,6.274419962532632D0,1.194619909399551D0,     0000035P    975
1.196779983500877D0,6.225015080937888D0,1.236712145121604D0,     0000035P    976
1.187356519063862D0,6.175610199343143D0,1.279341464114033D0,     0000035P    977
1.177933054626847D0,6.126205317748396D0,1.322494882422264D0,     0000035P    978
1.168509590189832D0,6.076800436153653D0,1.36615925219691D0,      0000035P    979
1.159086125752818D0,6.027395554558907D0,1.410321278790095D0,     0000035P    980
1.149662661315803D0,5.977990672964162D0,1.45496750664271D0,      0000035P    981
1.140239196878788D0,5.928585791369418D0,1.500084340639065D0,     0000035P    982
1.130815732441773D0,5.879180909774671D0,1.545658034801028D0,     0000035P    983
1.121392268004759D0,5.829776028179928D0,1.591674710156823D0,     0000035P    984
1.111968803567744D0,5.78037114658518D0,1.638120348571682D0,      0000035P    985
1.102545339130729D0,5.730966264990437D0,1.684980805556451D0,     0000035P    986
1.093121874693714D0,5.68156138339569D0,1.732241807202513D0,      0000035P    987
1.0836984102567D0,5.632156501800946D0,1.779888955633494D0,       0000035P    988
1.074274945819685D0,5.582751620206202D0,1.827907740263508D0,     0000035P    989
1.06485148138267D0,5.533346738611455D0,1.876283535312471D0,      0000035P    990
1.055428016945655D0,5.483941857016712D0,1.925001604486609D0,     0000035P    991
1.046004552508641D0,5.434536975421965D0,1.974047108741096D0,     0000035P    992
1.036581088071626D0,5.385132093827221D0,2.023405112549011D0,     0000035P    993
1.027157623634611D0,5.335727212232476D0,2.07306057506286D0,      0000035P    994
1.017734159197597D0,5.28632233063773D0,2.122998379199548D0,      0000035P    995
1.008310694760582D0,5.236917449042985D0,2.173203308138952D0,     0000035P    996
0.9988872303235666D0,5.187512567448239D0,2.223660074244646D0,    0000035P    997
0.9894637658865519D0,5.138107685853496D0,2.274353304882463D0,    0000035P    998
0.9800403014495372D0,5.088702804258751D0,2.325267564225503D0,    0000035P    999
0.9706168370125223D0,5.039297922664004D0,2.376387340215526D0,    0000035P   1000
0.9611933725755079D0,4.98989304106926D0,2.427697062912396D0,     0000035P   1001
0.9517699081384926D0,4.940488159474514D0,2.479181104134893D0,    0000035P   1002
0.9423464437014778D0,4.89108327787977D0,2.530823784548031D0,     0000035P   1003
0.9329229792644632D0,4.841678396285025D0,2.582609369672984D0,    0000035P   1004
0.9234995148274485D0,4.792273514690277D0,2.634522090760036D0,    0000035P   1005
0.9140760503904335D0,4.742868633095534D0,2.686546131286874D0,    0000035P   1006
0.9046525859534192D0,4.693463751500788D0,2.738665648092467D0,    0000035P   1007
0.8952291215164042D0,4.644058869906044D0,2.790864766343256D0,    0000035P   1008
0.8858056570793893D0,4.5946539883113D0,2.84312758453451D0,       0000035P   1009
0.8763821926423749D0,4.545249106716551D0,2.895438183518703D0,    0000035P   1010
0.8669587282053599D0,4.495844225121808D0,2.947780633390678D0,    0000035P   1011
0.857535263768345D0,4.446439343527063D0,3.000138986918584D0,     0000035P   1012
0.8481117993313304D0,4.39703446193232D0,3.052497298934985D0,     0000035P   1013
0.8386883348943159D0,4.347629580337571D0,3.104839621341474D0,    0000035P   1014
0.8292648704573008D0,4.298224698742827D0,3.157150009699117D0,    0000035P   1015
0.8198414060202861D0,4.248819817148084D0,3.209412531862057D0,    0000035P   1016
0.8104179415832712D0,4.199414935553337D0,3.261611268852655D0,    0000035P   1017
0.8009944771462566D0,4.150010053958591D0,3.313730320727324D0,    0000035P   1018
0.7915710127092419D0,4.100605172363848D0,3.365753812238053D0,    0000035P   1019
0.7821475482722274D0,4.051200290769101D0,3.417665900320468D0,    0000035P   1020
0.7727240838352121D0,4.001795409174357D0,3.469450768480078D0,    0000035P   1021
0.7633006193981974D0,3.952390527579613D0,3.521092647759218D0,    0000035P   1022
0.753877154961183D0,3.902985645984867D0,3.572575804483043D0,     0000035P   1023
0.7444536905241682D0,3.853580764390121D0,3.62388456230861D0,     0000035P   1024
0.7350302260871531D0,3.804175882795378D0,3.675003286282515D0,    0000035P   1025
0.7256067616501385D0,3.754771001200631D0,3.725916412561329D0,    0000035P   1026
0.7161832972131238D0,3.705366119605886D0,3.776608429472169D0,    0000035P   1027
0.706759832776109D0,3.655961238011141D0,3.827063899549994D0,     0000035P   1028
0.6973363683390942D0,3.606556356416395D0,3.877267450327852D0,    0000035P   1029
0.6879129039020793D0,3.557151474821651D0,3.927203795138596D0,    0000035P   1030
0.6784894394650648D0,3.507746593226905D0,3.976857719117764D0,    0000035P   1031
0.6690659750280498D0,3.458341711632161D0,4.026214102390344D0,    0000035P   1032
0.659642510591035D0,3.408936830037415D0,4.07525790732086D0,      0000035P   1033
0.6502190461540204D0,3.35953194844267D0,4.123974200326218D0,     0000035P   1034
0.6407955817170056D0,3.310127066847925D0,4.172348137374269D0,    0000035P   1035
0.6313721172799909D0,3.260722185253179D0,4.220364988176709D0,    0000035P   1036
0.621948652842976D0,3.211317303658435D0,4.268010125918889D0,     0000035P   1037
0.6125251884059614D0,3.161912422063691D0,4.315269038147734D0,    0000035P   1038
0.6031017239689467D0,3.112507540468944D0,4.362127329490178D0,    0000035P   1039
0.5936782595319315D0,3.0631026588742D0,4.408570729891558D0,      0000035P   1040
0.5842547950949171D0,3.013697777279455D0,4.45458508894359D0,     0000035P   1041
0.574831330657902D0,2.964292895684709D0,4.500156396334083D0,     0000035P   1042
0.5654078662208875D0,2.914888014089965D0,4.545270765720074D0,    0000035P   1043
0.5559844017838727D0,2.865483132495219D0,4.589914460785626D0,    0000035P   1044
0.546560937346858D0,2.816078250900474D0,4.634073879137429D0,     0000035P   1045
0.5371374729098433D0,2.766673369305728D0,4.67773557266466D0,     0000035P   1046
0.5277140084728283D0,2.717268487710984D0,4.720886242203934D0,    0000035P   1047
0.5182905440358137D0,2.667863606116238D0,4.763512744519603D0,    0000035P   1048
0.5088670795987988D0,2.618458724521493D0,4.80560209371765D0,     0000035P   1049
0.4994436151617839D0,2.569053842926749D0,4.847141472609796D0,    0000035P   1050
0.4900201507247695D0,2.519648961332003D0,4.888118227843161D0,    0000035P   1051
0.4805966862877544D0,2.470244079737258D0,4.928519878017561D0,    0000035P   1052
0.4711732218507397D0,2.420839198142514D0,4.968334116086599D0,    0000035P   1053
0.4617497574137251D0,2.371434316547767D0,5.007548815636043D0,    0000035P   1054
0.4523262929767101D0,2.322029434953023D0,5.046152033369226D0,    0000035P   1055
0.4429028285396955D0,2.272624553358277D0,5.084132010887053D0,    0000035P   1056
0.4334793641026808D0,2.223219671763532D0,5.121477177082565D0,    0000035P   1057
0.4240558996656659D0,2.173814790168788D0,5.158176160782688D0,    0000035P   1058
0.4146324352286511D0,2.124409908574043D0,5.194217779786686D0,    0000035P   1059
0.4052089707916364D0,2.075005026979297D0,5.229591060070574D0,    0000035P   1060
0.3957855063546216D0,2.025600145384552D0,5.264285223931022D0,    0000035P   1061
0.3863620419176068D0,1.976195263789808D0,5.298289706205336D0,    0000035P   1062
0.3769385774805921D0,1.926790382195062D0,5.331594149247634D0,    0000035P   1063
0.3675151130435772D0,1.877385500600317D0,5.364188406804128D0,    0000035P   1064
0.3580916486065626D0,1.827980619005572D0,5.396062551535851D0,    0000035P   1065
0.3486681841695479D0,1.778575737410826D0,5.427206877052468D0,    0000035P   1066
0.3392447197325331D0,1.729170855816081D0,5.457611894254277D0,    0000035P   1067
0.3298212552955183D0,1.679765974221336D0,5.487268343930421D0,    0000035P   1068
0.3203977908585035D0,1.630361092626591D0,5.516167192024034D0,    0000035P   1069
0.3109743264214886D0,1.580956211031846D0,5.544299635973438D0,    0000035P   1070
0.301550861984474D0,1.531551329437101D0,5.57165710808222D0,      0000035P   1071
0.2921273975474592D0,1.482146447842355D0,5.598231273697684D0,    0000035P   1072
0.2827039331104444D0,1.43274156624761D0,5.624014041127044D0,     0000035P   1073
0.2732804686734297D0,1.383336684652865D0,5.648997553794141D0,    0000035P   1074
0.2638570042364149D0,1.33393180305812D0,5.67317420569639D0,      0000035P   1075
0.2544335397994002D0,1.284526921463375D0,5.696536629420298D0,    0000035P   1076
0.2450100753623854D0,1.23512203986863D0,5.71907771062242D0,      0000035P   1077
0.2355866109253706D0,1.185717158273885D0,5.740790584090021D0,    0000035P   1078
0.2261631464883559D0,1.13631227667914D0,5.761668635017494D0,     0000035P   1079
0.2167396820513411D0,1.086907395084395D0,5.781705503840001D0,    0000035P   1080
0.2073162176143263D0,1.037502513489649D0,5.8008950896225D0,      0000035P   1081
0.1978927531773115D0,0.9880976318949042D0,5.819231543670003D0,   0000035P   1082
0.1884692887402968D0,0.9386927503001593D0,5.836709285697497D0,   0000035P   1083
0.1790458243032821D0,0.8892878687054142D0,5.853322987540014D0,   0000035P   1084
0.1696223598662673D0,0.8398829871106686D0,5.869067592142446D0,   0000035P   1085
0.1601988954292525D0,0.7904781055159247D0,5.883938301890207D0,   0000035P   1086
0.1507754309922379D0,0.7410732239211754D0,5.89793058829672D0,    0000035P   1087
0.1413519665552224D0,0.691668342326445D0,5.911040188922907D0,    0000035P   1088
0.1319285021182104D0,0.6422634607316448D0,5.92326311001165D0,    0000035P   1089
0.1225050376811851D0,0.5928585791371063D0,5.934595631030491D0,   0000035P   1090
0.1130815732442097D0,0.5434536975415896D0,5.945034295866387D0,   0000035P   1091
0.1036581088070478D0,0.4940488159497248D0,5.95457593150396D0,    0000035P   1092
0.09423464437058243D0,0.4446439343442294D0,5.963217624117772D0,  0000035P   1093
0.08481117993151716D0,0.3952390527896053D0,5.970956748024954D0,  0000035P   1094
0.07538771550215503D0,0.3458341710451266D0,5.977790939782405D0,  0000035P   1095
0.06596425103658023D0,0.2964292900091939D0,5.983718124845423D0,  0000035P   1096
0.05654078670615305D0,0.2470244063289329D0,5.988736490835897D0,  0000035P   1097
0.04711732187134794D0,0.1976195325174389D0,5.99284451381099D0,   0000035P   1098
0.03769385891890691D0,0.1482146218752055D0,5.996040945920143D0,  0000035P   1099
0.02827038894138757D0,0.09880984868716229D0,5.998324784508433D0, 0000035P   1100
0.01884694518181737D0,0.04940456251309757D0,5.999695450046127D0, 0000035P   1101
0.009423403575528906D0,0.01646898139031838D0,                    0000035P   1102
5.999999874886744D0,0.003141285950619221D0,                      0000035P   1103
1.767786016516547D-15,6.0D0,1.465260040861653D-15,               0000035P   1104
8.234063510626346D0,1.2877D-08,3.969673249676815D0,              0000035P   1105
8.218814594770677D0,1.755326214377607D-06,3.96232168950477D0,    0000035P   1106
8.18831901505534D0,0.00030941253442851D0,3.947619654856492D0,    0000035P   1107
8.142573835220812D0,0.001684929140178649D0,3.925565730150126D0,  0000035P   1108
8.096829140444394D0,0.003973614904856897D0,3.903512039292115D0,  0000035P   1109
8.051084315697047D0,0.007174889240393763D0,3.881458285774627D0,  0000035P   1110
8.005339525775304D0,0.01128774813356805D0,3.859404549046697D0,   0000035P   1111
7.959594726522069D0,0.01631094422533403D0,3.837350807820016D0,   0000035P   1112
7.913849929769205D0,0.02224294696509585D0,3.815297067798773D0,   0000035P   1113
7.868105132346364D0,0.02908195191428261D0,3.793243327454532D0,   0000035P   1114
7.822360335103043D0,0.03682587137777381D0,3.771189587196841D0,   0000035P   1115
7.776615537811622D0,0.04547235057462222D0,3.749135846915958D0,   0000035P   1116
7.730870740533084D0,0.05501875432373739D0,3.727082106641288D0,   0000035P   1117
7.685125943251102D0,0.06546217413042829D0,3.705028366364955D0,   0000035P   1118
7.639381145970038D0,0.07679943115454944D0,3.682974626089065D0,   0000035P   1119
7.59363634868873D0,0.08902706925137402D0,3.660920885813058D0,    0000035P   1120
7.547891551407485D0,0.1021413678399546D0,3.638867145537083D0,    0000035P   1121
7.502146754126223D0,0.1161383273888076D0,3.616813405261097D0,    0000035P   1122
7.456401956844968D0,0.1310136906048151D0,3.594759664985118D0,    0000035P   1123
7.410657159563708D0,0.1467629201919324D0,3.572705924709133D0,    0000035P   1124
7.364912362282454D0,0.1633812246274556D0,3.550652184433153D0,    0000035P   1125
7.319167565001195D0,0.1808635372982453D0,3.52859844415717D0,     0000035P   1126
7.273422767719938D0,0.1992045381795633D0,3.506544703881187D0,    0000035P   1127
7.227677970438681D0,0.2183986359835017D0,3.484490963605205D0,    0000035P   1128
7.181933173157422D0,0.2384399878864303D0,3.462437223329223D0,    0000035P   1129
7.136188375876166D0,0.2593224864707774D0,3.440383483053241D0,    0000035P   1130
7.09044357859491D0,0.2810397742304607D0,3.418329742777258D0,     0000035P   1131
7.044698781313651D0,0.3035852346073807D0,3.396276002501275D0,    0000035P   1132
6.998953984032394D0,0.3269520013400172D0,3.374222262225294D0,    0000035P   1133
6.953209186751133D0,0.3511329540325512D0,3.35216852194931D0,     0000035P   1134
6.907464389469879D0,0.3761207325297787D0,3.330114781673329D0,    0000035P   1135
6.861719592188617D0,0.4019077198483349D0,3.308061041397346D0,    0000035P   1136
6.815974794907366D0,0.4284860660768823D0,3.286007301121364D0,    0000035P   1137
6.770229997626108D0,0.4558476758441359D0,3.263953560845382D0,    0000035P   1138
6.724485200344848D0,0.4839842105465741D0,3.241899820569399D0,    0000035P   1139
6.678740403063591D0,0.5128871039695685D0,3.219846080293417D0,    0000035P   1140
6.632995605782333D0,0.5425475515751529D0,3.197792340017435D0,    0000035P   1141
6.587250808501077D0,0.5729565197298207D0,3.175738599741453D0,    0000035P   1142
6.541506011219819D0,0.6041047435055658D0,3.15368485946547D0,     0000035P   1143
6.495761213938561D0,0.6359827382479175D0,3.131631119189487D0,    0000035P   1144
6.450016416657303D0,0.6685807915027643D0,3.109577378913505D0,    0000035P   1145
6.404271619376046D0,0.7018889777410263D0,3.087523638637524D0,    0000035P   1146
6.358526822094787D0,0.7358971495331316D0,3.065469898361541D0,    0000035P   1147
6.312782024813531D0,0.770594946126449D0,3.043416158085559D0,     0000035P   1148
6.267037227532274D0,0.805971803961074D0,3.021362417809576D0,     0000035P   1149
6.221292430251017D0,0.8420169420292559D0,2.999308677533594D0,    0000035P   1150
6.175547632969757D0,0.8787193859219032D0,2.977254937257612D0,    0000035P   1151
6.129802835688501D0,0.9160679522831315D0,2.95520119698163D0,     0000035P   1152
6.084058038407244D0,0.9540512689455715D0,2.933147456705648D0,    0000035P   1153
6.038313241125987D0,0.9926577639345848D0,2.911093716429665D0,    0000035P   1154
5.992568443844728D0,1.03187567731609D0,2.889039976153682D0,      0000035P   1155
5.946823646563472D0,1.071693066801056D0,2.866986235877699D0,     0000035P   1156
5.901078849282212D0,1.112097803479689D0,2.844932495601718D0,     0000035P   1157
5.855334052000957D0,1.15307757728019D0,2.822878755325736D0,      0000035P   1158
5.809589254719699D0,1.194619909399552D0,2.800825015049753D0,     0000035P   1159
5.763844457438442D0,1.236712145121604D0,2.778771274773771D0,     0000035P   1160
5.718099660157185D0,1.279341464114034D0,2.756717534497789D0,     0000035P   1161
5.672354862875926D0,1.322494882422265D0,2.734663794221806D0,     0000035P   1162
5.626610065594671D0,1.366159252196911D0,2.712610053945824D0,     0000035P   1163
5.58086526831341D0,1.410321278790096D0,2.690556313669841D0,      0000035P   1164
5.535120471032154D0,1.45496750664271D0,2.668502573393859D0,      0000035P   1165
5.489375673750899D0,1.500084340639066D0,2.646448833117878D0,     0000035P   1166
5.44363087646964D0,1.545658034801029D0,2.624395092841894D0,      0000035P   1167
5.397886079188384D0,1.591674710156823D0,2.602341352565912D0,     0000035P   1168
5.352141281907124D0,1.638120348571682D0,2.580287612289929D0,     0000035P   1169
5.306396484625865D0,1.684980805556452D0,2.558233872013947D0,     0000035P   1170
5.260651687344609D0,1.732241807202514D0,2.536180131737965D0,     0000035P   1171
5.214906890063353D0,1.779888955633495D0,2.514126391461983D0,     0000035P   1172
5.169162092782095D0,1.827907740263509D0,2.492072651186D0,        0000035P   1173
5.123417295500835D0,1.876283535312471D0,2.470018910910018D0,     0000035P   1174
5.077672498219579D0,1.925001604486608D0,2.447965170634036D0,     0000035P   1175
5.031927700938321D0,1.974047108741095D0,2.425911430358054D0,     0000035P   1176
4.986182903657065D0,2.023405112549011D0,2.403857690082071D0,     0000035P   1177
4.940438106375809D0,2.073060575062861D0,2.381803949806089D0,     0000035P   1178
4.894693309094549D0,2.122998379199548D0,2.359750209530105D0,     0000035P   1179
4.848948511813292D0,2.173203308138951D0,2.337696469254124D0,     0000035P   1180
4.803203714532034D0,2.223660074244647D0,2.315642728978142D0,     0000035P   1181
4.757458917250778D0,2.274353304882463D0,2.29358898870216D0,      0000035P   1182
4.71171411996952D0,2.325267564225504D0,2.271535248426177D0,      0000035P   1183
4.665969322688263D0,2.376387340215526D0,2.249481508150194D0,     0000035P   1184
4.620224525407005D0,2.427697062912396D0,2.227427767874212D0,     0000035P   1185
4.574479728125747D0,2.479181104134894D0,2.205374027598231D0,     0000035P   1186
4.52873493084449D0,2.530823784548031D0,2.183320287322248D0,      0000035P   1187
4.482990133563233D0,2.582609369672984D0,2.161266547046266D0,     0000035P   1188
4.437245336281974D0,2.634522090760036D0,2.139212806770283D0,     0000035P   1189
4.391500539000719D0,2.686546131286875D0,2.117159066494301D0,     0000035P   1190
4.345755741719461D0,2.738665648092467D0,2.095105326218318D0,     0000035P   1191
4.300010944438203D0,2.790864766343256D0,2.073051585942336D0,     0000035P   1192
4.254266147156945D0,2.843127584534511D0,2.050997845666354D0,     0000035P   1193
4.208521349875689D0,2.895438183518704D0,2.028944105390371D0,     0000035P   1194
4.16277655259443D0,2.947780633390678D0,2.006890365114389D0,      0000035P   1195
4.117031755313174D0,3.000138986918585D0,1.984836624838406D0,     0000035P   1196
4.071286958031916D0,3.052497298934985D0,1.962782884562425D0,     0000035P   1197
4.025542160750659D0,3.104839621341476D0,1.940729144286442D0,     0000035P   1198
3.9797973634694D0,3.157150009699117D0,1.918675404010459D0,       0000035P   1199
3.934052566188143D0,3.209412531862058D0,1.896621663734479D0,     0000035P   1200
3.888307768906887D0,3.261611268852656D0,1.874567923458495D0,     0000035P   1201
3.842562971625629D0,3.313730320727323D0,1.852514183182513D0,     0000035P   1202
3.796818174344372D0,3.365753812238053D0,1.830460442906531D0,     0000035P   1203
3.751073377063114D0,3.417665900320469D0,1.808406702630548D0,     0000035P   1204
3.705328579781855D0,3.469450768480079D0,1.786352962354566D0,     0000035P   1205
3.659583782500598D0,3.52109264775922D0,1.764299222078584D0,      0000035P   1206
3.613838985219342D0,3.572575804483044D0,1.742245481802601D0,     0000035P   1207
3.568094187938083D0,3.623884562308612D0,1.720191741526619D0,     0000035P   1208
3.522349390656826D0,3.675003286282516D0,1.698138001250637D0,     0000035P   1209
3.47660459337557D0,3.725916412561331D0,1.676084260974654D0,      0000035P   1210
3.430859796094311D0,3.77660842947217D0,1.654030520698672D0,      0000035P   1211
3.385114998813056D0,3.827063899549995D0,1.63197678042269D0,      0000035P   1212
3.339370201531796D0,3.877267450327854D0,1.609923040146707D0,     0000035P   1213
3.293625404250538D0,3.927203795138596D0,1.587869299870725D0,     0000035P   1214
3.247880606969283D0,3.976857719117766D0,1.565815559594743D0,     0000035P   1215
3.202135809688024D0,4.026214102390344D0,1.543761819318761D0,     0000035P   1216
3.156391012406767D0,4.075257907320861D0,1.521708079042778D0,     0000035P   1217
3.110646215125509D0,4.123974200326217D0,1.499654338766796D0,     0000035P   1218
3.064901417844253D0,4.17234813737427D0,1.477600598490814D0,      0000035P   1219
3.019156620562994D0,4.220364988176711D0,1.455546858214831D0,     0000035P   1220
2.973411823281738D0,4.268010125918891D0,1.433493117938849D0,     0000035P   1221
2.92766702600048D0,4.315269038147735D0,1.411439377662866D0,      0000035P   1222
2.881922228719222D0,4.362127329490178D0,1.389385637386884D0,     0000035P   1223
2.836177431437965D0,4.408570729891558D0,1.367331897110902D0,     0000035P   1224
2.790432634156706D0,4.454585088943592D0,1.34527815683492D0,      0000035P   1225
2.744687836875449D0,4.500156396334084D0,1.323224416558937D0,     0000035P   1226
2.698943039594193D0,4.545270765720073D0,1.301170676282955D0,     0000035P   1227
2.653198242312934D0,4.589914460785626D0,1.279116936006972D0,     0000035P   1228
2.607453445031677D0,4.634073879137429D0,1.25706319573099D0,      0000035P   1229
2.56170864775042D0,4.67773557266466D0,1.235009455455008D0,       0000035P   1230
2.515963850469163D0,4.720886242203936D0,1.212955715179026D0,     0000035P   1231
2.470219053187905D0,4.763512744519605D0,1.190901974903043D0,     0000035P   1232
2.424474255906647D0,4.80560209371765D0,1.168848234627061D0,      0000035P   1233
2.37872945862539D0,4.847141472609798D0,1.146794494351079D0,      0000035P   1234
2.332984661344133D0,4.888118227843162D0,1.124740754075096D0,     0000035P   1235
2.287239864062875D0,4.928519878017562D0,1.102687013799114D0,     0000035P   1236
2.241495066781619D0,4.9683341160866D0,1.080633273523132D0,       0000035P   1237
2.195750269500359D0,5.007548815636045D0,1.058579533247149D0,     0000035P   1238
2.150005472219103D0,5.046152033369226D0,1.036525792971167D0,     0000035P   1239
2.104260674937844D0,5.084132010887054D0,1.014472052695184D0,     0000035P   1240
2.058515877656588D0,5.121477177082568D0,0.9924183124192022D0,    0000035P   1241
2.012771080375331D0,5.158176160782689D0,0.9703645721432203D0,    0000035P   1242
1.967026283094072D0,5.194217779786686D0,0.9483108318672372D0,    0000035P   1243
1.921281485812816D0,5.229591060070573D0,0.9262570915912554D0,    0000035P   1244
1.875536688531558D0,5.264285223931025D0,0.9042033513152727D0,    0000035P   1245
1.829791891250301D0,5.298289706205338D0,0.8821496110392907D0,    0000035P   1246
1.784047093969043D0,5.331594149247636D0,0.8600958707633081D0,    0000035P   1247
1.738302296687786D0,5.364188406804129D0,0.8380421304873259D0,    0000035P   1248
1.692557499406528D0,5.396062551535851D0,0.8159883902113433D0,    0000035P   1249
1.64681270212527D0,5.427206877052469D0,0.7939346499353612D0,     0000035P   1250
1.601067904844013D0,5.457611894254279D0,0.7718809096593792D0,    0000035P   1251
1.555323107562756D0,5.487268343930423D0,0.7498271693833964D0,    0000035P   1252
1.509578310281498D0,5.516167192024037D0,0.7277734291074146D0,    0000035P   1253
1.463833513000241D0,5.544299635973438D0,0.7057196888314321D0,    0000035P   1254
1.418088715718983D0,5.571657108082222D0,0.6836659485554496D0,    0000035P   1255
1.372343918437726D0,5.598231273697686D0,0.6616122082794673D0,    0000035P   1256
1.326599121156469D0,5.624014041127046D0,0.639558468003485D0,     0000035P   1257
1.280854323875211D0,5.648997553794142D0,0.6175047277275025D0,    0000035P   1258
1.235109526593954D0,5.673174205696392D0,0.5954509874515204D0,    0000035P   1259
1.189364729312696D0,5.696536629420298D0,0.573397247175538D0,     0000035P   1260
1.143619932031439D0,5.719077710622421D0,0.5513435068995559D0,    0000035P   1261
1.097875134750181D0,5.740790584090023D0,0.5292897666235733D0,    0000035P   1262
1.052130337468924D0,5.761668635017495D0,0.5072360263475909D0,    0000035P   1263
1.006385540187666D0,5.781705503840004D0,0.4851822860716086D0,    0000035P   1264
0.9606407429064087D0,5.8008950896225D0,0.4631285457956264D0,     0000035P   1265
0.9148959456251513D0,5.819231543670003D0,0.441074805519644D0,    0000035P   1266
0.8691511483438935D0,5.836709285697497D0,0.4190210652436617D0,   0000035P   1267
0.8234063510626365D0,5.853322987540016D0,0.3969673249676794D0,   0000035P   1268
0.7776615537813787D0,5.869067592142446D0,0.3749135846916968D0,   0000035P   1269
0.7319167565001223D0,5.883938301890209D0,0.3528598444157151D0,   0000035P   1270
0.6861719592188614D0,5.897930588296723D0,0.3308061041397311D0,   0000035P   1271
0.6404271619376175D0,5.911040188922909D0,0.3087523638637553D0,   0000035P   1272
0.5946823646563085D0,5.923263110011653D0,0.2866986235877483D0,   0000035P   1273
0.5489375673752428D0,5.934595631030494D0,0.2646448833118583D0,   0000035P   1274
0.5031927700932708D0,5.945034295866389D0,0.2425911430355315D0,   0000035P   1275
0.4574479728146802D0,5.954575931503961D0,0.2205374027608349D0,   0000035P   1276
0.4117031755234689D0,5.963217624117772D0,0.1984836624800538D0,   0000035P   1277
0.3659583782793601D0,5.970956748024956D0,0.176429922221981D0,    0000035P   1278
0.3202135808594621D0,5.977790939782408D0,0.1543761818791594D0,   0000035P   1279
0.2744687840956182D0,5.983718124845425D0,0.1323224418526242D0,   0000035P   1280
0.2287239848833472D0,5.988736490835897D0,0.1102687006456929D0,   0000035P   1281
0.1829791948087306D0,5.992844513810992D0,0.08821496384405946D0,  0000035P   1282
0.1372343706319231D0,5.996040945920146D0,0.06616121060163045D0,  0000035P   1283
0.09148967372622466D0,5.998324784508434D0,0.04410751871708583D0, 0000035P   1284
0.04574450183828135D0,5.999695450046128D0,0.0220535978417994D0,  0000035P   1285
0.01524890235156597D0,5.999999874886747D0,                       0000035P   1286
0.007351553661663643D0,2.276498564300542D-15,6.0D0,              0000035P   1287
-2.461127361501183D-15,6.54343050915505D0,1.2877D-08,            0000035P   1288
6.543294156102232D0,6.531312528632705D0,1.755326214377607D-06,   0000035P   1289
6.531176428096304D0,6.507078357200074D0,0.00030941253442851D0,   0000035P   1290
6.506942761659218D0,6.470725661475814D0,0.001684929140178648D0,  0000035P   1291
6.470590823458251D0,6.434373351216641D0,0.003973614904856896D0,  0000035P   1292
6.434239270714344D0,6.398020937672415D0,0.007174889240393767D0,  0000035P   1293
6.397887614687534D0,6.361668551803331D0,0.01128774813356805D0,   0000035P   1294
6.361535986335285D0,6.325316158518718D0,0.01631094422533403D0,   0000035P   1295
6.325184350567667D0,6.28896376722109D0,0.02224294696509584D0,    0000035P   1296
6.28883271678699D0,6.252611375391049D0,0.02908195191428259D0,    0000035P   1297
6.25248108247391D0,6.216258983703668D0,0.0368258713777738D0,     0000035P   1298
6.216129448303491D0,6.179906591978063D0,0.04547235057462221D0,   0000035P   1299
6.179777814094841D0,6.143554200262699D0,0.05501875432373738D0,   0000035P   1300
6.143426179896441D0,6.107201808544591D0,0.06546217413042831D0,   0000035P   1301
6.107074545695292D0,6.070849416827216D0,0.07679943115454943D0,   0000035P   1302
6.07072291149488D0,6.03449702510965D0,0.08902706925137399D0,     0000035P   1303
6.034371277294271D0,5.998144633392132D0,0.1021413678399546D0,    0000035P   1304
5.998019643093715D0,5.961792241674597D0,0.1161383273888076D0,    0000035P   1305
5.961668008893144D0,5.925439849957074D0,0.131013690604815D0,     0000035P   1306
5.925316374692578D0,5.889087458239543D0,0.1467629201919324D0,    0000035P   1307
5.888964740492005D0,5.852735066522017D0,0.1633812246274556D0,    0000035P   1308
5.85261310629144D0,5.816382674804488D0,0.1808635372982453D0,     0000035P   1309
5.816261472090872D0,5.780030283086961D0,0.1992045381795633D0,    0000035P   1310
5.779909837890305D0,5.743677891369432D0,0.2183986359835017D0,    0000035P   1311
5.743558203689738D0,5.707325499651905D0,0.2384399878864303D0,    0000035P   1312
5.707206569489167D0,5.670973107934377D0,0.2593224864707773D0,    0000035P   1313
5.670854935288602D0,5.634620716216847D0,0.2810397742304605D0,    0000035P   1314
5.634503301088032D0,5.598268324499319D0,0.3035852346073806D0,    0000035P   1315
5.598151666887463D0,5.561915932781795D0,0.3269520013400172D0,    0000035P   1316
5.561800032686897D0,5.525563541064264D0,0.3511329540325511D0,    0000035P   1317
5.525448398486329D0,5.489211149346737D0,0.3761207325297785D0,    0000035P   1318
5.489096764285759D0,5.452858757629208D0,0.401907719848335D0,     0000035P   1319
5.452745130085192D0,5.416506365911681D0,0.4284860660768822D0,    0000035P   1320
5.416393495884626D0,5.380153974194152D0,0.455847675844136D0,     0000035P   1321
5.380041861684056D0,5.343801582476623D0,0.4839842105465739D0,    0000035P   1322
5.343690227483489D0,5.307449190759097D0,0.5128871039695684D0,    0000035P   1323
5.307338593282922D0,5.271096799041568D0,0.5425475515751527D0,    0000035P   1324
5.270986959082353D0,5.234744407324039D0,0.5729565197298205D0,    0000035P   1325
5.234635324881785D0,5.198392015606513D0,0.6041047435055655D0,    0000035P   1326
5.198283690681219D0,5.162039623888982D0,0.6359827382479176D0,    0000035P   1327
5.161932056480648D0,5.125687232171455D0,0.6685807915027641D0,    0000035P   1328
5.125580422280081D0,5.089334840453929D0,0.7018889777410264D0,    0000035P   1329
5.089228788079513D0,5.052982448736399D0,0.7358971495331312D0,    0000035P   1330
5.052877153878944D0,5.016630057018872D0,0.7705949461264487D0,    0000035P   1331
5.016525519678377D0,4.980277665301343D0,0.8059718039610742D0,    0000035P   1332
4.98017388547781D0,4.943925273583814D0,0.8420169420292559D0,     0000035P   1333
4.943822251277241D0,4.907572881866286D0,0.8787193859219032D0,    0000035P   1334
4.907470617076672D0,4.87122049014876D0,0.9160679522831315D0,     0000035P   1335
4.871118982876106D0,4.834868098431231D0,0.9540512689455712D0,    0000035P   1336
4.834767348675539D0,4.798515706713703D0,0.9926577639345846D0,    0000035P   1337
4.79841571447497D0,4.762163314996175D0,1.03187567731609D0,       0000035P   1338
4.762064080274402D0,4.725810923278646D0,1.071693066801056D0,     0000035P   1339
4.725712446073834D0,4.689458531561121D0,1.112097803479688D0,     0000035P   1340
4.689360811873266D0,4.653106139843591D0,1.15307757728019D0,      0000035P   1341
4.653009177672698D0,4.616753748126063D0,1.194619909399552D0,     0000035P   1342
4.616657543472127D0,4.580401356408534D0,1.236712145121604D0,     0000035P   1343
4.58030590927156D0,4.544048964691006D0,1.279341464114033D0,      0000035P   1344
4.543954275070995D0,4.50769657297348D0,1.322494882422264D0,      0000035P   1345
4.507602640870426D0,4.471344181255951D0,1.36615925219691D0,      0000035P   1346
4.471251006669857D0,4.434991789538422D0,1.410321278790095D0,     0000035P   1347
4.43489937246929D0,4.398639397820894D0,1.45496750664271D0,       0000035P   1348
4.398547738268722D0,4.362287006103365D0,1.500084340639066D0,     0000035P   1349
4.362196104068154D0,4.325934614385837D0,1.545658034801028D0,     0000035P   1350
4.325844469867585D0,4.289582222668311D0,1.591674710156823D0,     0000035P   1351
4.289492835667019D0,4.25322983095078D0,1.638120348571682D0,      0000035P   1352
4.253141201466448D0,4.216877439233254D0,1.684980805556451D0,     0000035P   1353
4.216789567265882D0,4.180525047515726D0,1.732241807202514D0,     0000035P   1354
4.180437933065313D0,4.144172655798197D0,1.779888955633495D0,     0000035P   1355
4.144086298864746D0,4.107820264080671D0,1.827907740263508D0,     0000035P   1356
4.10773466466418D0,4.07146787236314D0,1.876283535312471D0,       0000035P   1357
4.071383030463609D0,4.035115480645614D0,1.925001604486609D0,     0000035P   1358
4.035031396263042D0,3.998763088928086D0,1.974047108741096D0,     0000035P   1359
3.998679762062474D0,3.962410697210558D0,2.023405112549011D0,     0000035P   1360
3.962328127861907D0,3.926058305493029D0,2.073060575062861D0,     0000035P   1361
3.925976493661339D0,3.889705913775501D0,2.122998379199548D0,     0000035P   1362
3.889624859460771D0,3.853353522057974D0,2.173203308138951D0,     0000035P   1363
3.853273225260203D0,3.817001130340444D0,2.223660074244647D0,     0000035P   1364
3.816921591059634D0,3.780648738622917D0,2.274353304882463D0,     0000035P   1365
3.780569956859068D0,3.744296346905389D0,2.325267564225503D0,     0000035P   1366
3.7442183226585D0,3.70794395518786D0,2.376387340215526D0,        0000035P   1367
3.707866688457931D0,3.671591563470332D0,2.427697062912396D0,     0000035P   1368
3.671515054257363D0,3.635239171752805D0,2.479181104134893D0,     0000035P   1369
3.635163420056795D0,3.598886780035276D0,2.530823784548031D0,     0000035P   1370
3.598811785856227D0,3.562534388317749D0,2.582609369672984D0,     0000035P   1371
3.562460151655659D0,3.52618199660022D0,2.634522090760036D0,      0000035P   1372
3.52610851745509D0,3.489829604882693D0,2.686546131286875D0,      0000035P   1373
3.489756883254523D0,3.453477213165165D0,2.738665648092468D0,     0000035P   1374
3.453405249053955D0,3.417124821447636D0,2.790864766343256D0,     0000035P   1375
3.417053614853387D0,3.380772429730108D0,2.84312758453451D0,      0000035P   1376
3.380701980652819D0,3.34442003801258D0,2.895438183518703D0,      0000035P   1377
3.344350346452252D0,3.308067646295052D0,2.947780633390678D0,     0000035P   1378
3.307998712251683D0,3.271715254577523D0,3.000138986918584D0,     0000035P   1379
3.271647078051115D0,3.235362862859998D0,3.052497298934985D0,     0000035P   1380
3.235295443850548D0,3.199010471142468D0,3.104839621341475D0,     0000035P   1381
3.198943809649979D0,3.162658079424939D0,3.157150009699118D0,     0000035P   1382
3.162592175449411D0,3.126305687707412D0,3.209412531862057D0,     0000035P   1383
3.126240541248843D0,3.089953295989883D0,3.261611268852655D0,     0000035P   1384
3.089888907048276D0,3.053600904272356D0,3.313730320727324D0,     0000035P   1385
3.053537272847707D0,3.017248512554828D0,3.365753812238054D0,     0000035P   1386
3.01718563864714D0,2.980896120837298D0,3.417665900320468D0,      0000035P   1387
2.980834004446571D0,2.944543729119772D0,3.469450768480079D0,     0000035P   1388
2.944482370246004D0,2.908191337402244D0,3.521092647759219D0,     0000035P   1389
2.908130736045437D0,2.871838945684715D0,3.572575804483043D0,     0000035P   1390
2.871779101844868D0,2.835486553967188D0,3.623884562308611D0,     0000035P   1391
2.8354274676443D0,2.79913416224966D0,3.675003286282515D0,        0000035P   1392
2.799075833443733D0,2.76278177053213D0,3.725916412561329D0,      0000035P   1393
2.762724199243165D0,2.726429378814603D0,3.776608429472169D0,     0000035P   1394
2.726372565042596D0,2.690076987097076D0,3.827063899549995D0,     0000035P   1395
2.690020930842028D0,2.653724595379547D0,3.877267450327854D0,     0000035P   1396
2.653669296641461D0,2.617372203662018D0,3.927203795138597D0,     0000035P   1397
2.617317662440893D0,2.58101981194449D0,3.976857719117765D0,      0000035P   1398
2.580966028240324D0,2.544667420226963D0,4.026214102390345D0,     0000035P   1399
2.544614394039756D0,2.508315028509435D0,4.075257907320861D0,     0000035P   1400
2.508262759839189D0,2.471962636791906D0,4.123974200326217D0,     0000035P   1401
2.47191112563862D0,2.435610245074379D0,4.172348137374269D0,      0000035P   1402
2.435559491438053D0,2.39925785335685D0,4.220364988176711D0,      0000035P   1403
2.399207857237484D0,2.362905461639322D0,4.26801012591889D0,      0000035P   1404
2.362856223036917D0,2.326553069921794D0,4.315269038147735D0,     0000035P   1405
2.326504588836349D0,2.290200678204266D0,4.362127329490177D0,     0000035P   1406
2.290152954635781D0,2.253848286486739D0,4.408570729891559D0,     0000035P   1407
2.253801320435213D0,2.21749589476921D0,4.45458508894359D0,       0000035P   1408
2.217449686234644D0,2.181143503051682D0,4.500156396334084D0,     0000035P   1409
2.181098052034077D0,2.144791111334155D0,4.545270765720073D0,     0000035P   1410
2.144746417833509D0,2.108438719616625D0,4.589914460785625D0,     0000035P   1411
2.108394783632941D0,2.072086327899098D0,4.634073879137429D0,     0000035P   1412
2.072043149432374D0,2.035733936181569D0,4.677735572664661D0,     0000035P   1413
2.035691515231805D0,1.999381544464042D0,4.720886242203935D0,     0000035P   1414
1.999339881031238D0,1.963029152746513D0,4.763512744519604D0,     0000035P   1415
1.962988246830669D0,1.926676761028985D0,4.805602093717649D0,     0000035P   1416
1.926636612630101D0,1.890324369311458D0,4.847141472609797D0,     0000035P   1417
1.890284978429534D0,1.85397197759393D0,4.888118227843161D0,      0000035P   1418
1.853933344228965D0,1.817619585876402D0,4.928519878017561D0,     0000035P   1419
1.817581710028397D0,1.781267194158873D0,4.968334116086599D0,     0000035P   1420
1.78123007582783D0,1.744914802441345D0,5.007548815636044D0,      0000035P   1421
1.744878441627261D0,1.708562410723818D0,5.046152033369226D0,     0000035P   1422
1.708526807426694D0,1.672210019006289D0,5.084132010887053D0,     0000035P   1423
1.672175173226125D0,1.635857627288761D0,5.121477177082565D0,     0000035P   1424
1.635823539025557D0,1.599505235571233D0,5.158176160782688D0,     0000035P   1425
1.59947190482499D0,1.563152843853705D0,5.194217779786687D0,      0000035P   1426
1.563120270624422D0,1.526800452136177D0,5.229591060070573D0,     0000035P   1427
1.526768636423854D0,1.490448060418648D0,5.264285223931022D0,     0000035P   1428
1.490417002223286D0,1.454095668701121D0,5.298289706205337D0,     0000035P   1429
1.454065368022718D0,1.417743276983592D0,5.331594149247634D0,     0000035P   1430
1.41771373382215D0,1.381390885266065D0,5.364188406804129D0,      0000035P   1431
1.381362099621582D0,1.345038493548536D0,5.396062551535851D0,     0000035P   1432
1.345010465421014D0,1.308686101831009D0,5.427206877052467D0,     0000035P   1433
1.308658831220446D0,1.272333710113481D0,5.457611894254278D0,     0000035P   1434
1.272307197019878D0,1.235981318395952D0,5.487268343930423D0,     0000035P   1435
1.23595556281931D0,1.199628926678424D0,5.516167192024036D0,      0000035P   1436
1.199603928618742D0,1.163276534960896D0,5.544299635973436D0,     0000035P   1437
1.163252294418175D0,1.126924143243368D0,5.571657108082221D0,     0000035P   1438
1.126900660217606D0,1.09057175152584D0,5.598231273697684D0,      0000035P   1439
1.090549026017038D0,1.054219359808312D0,5.624014041127045D0,     0000035P   1440
1.054197391816471D0,1.017866968090784D0,5.648997553794141D0,     0000035P   1441
1.017845757615903D0,0.9815145763732558D0,5.673174205696391D0,    0000035P   1442
0.9814941234153349D0,0.9451621846557275D0,5.696536629420298D0,   0000035P   1443
0.9451424892147667D0,0.9088097929381999D0,5.719077710622419D0,   0000035P   1444
0.9087908550141987D0,0.8724574012206718D0,5.740790584090022D0,   0000035P   1445
0.8724392208136305D0,0.8361050095031436D0,5.761668635017496D0,   0000035P   1446
0.8360875866130629D0,0.7997526177856157D0,5.781705503840001D0,   0000035P   1447
0.7997359524124951D0,0.7634002260680876D0,5.8008950896225D0,     0000035P   1448
0.7633843182119269D0,0.7270478343505593D0,5.819231543670004D0,   0000035P   1449
0.727032684011359D0,0.6906954426330314D0,5.836709285697498D0,    0000035P   1450
0.690681049810791D0,0.6543430509155034D0,5.853322987540015D0,    0000035P   1451
0.6543294156102233D0,0.6179906591979749D0,5.869067592142445D0,   0000035P   1452
0.617977781409655D0,0.5816382674804478D0,5.88393830189021D0,     0000035P   1453
0.5816261472090879D0,0.5452858757629167D0,5.89793058829672D0,    0000035P   1454
0.5452745130085169D0,0.5089334840453996D0,5.911040188922907D0,   0000035P   1455
0.5089228788079599D0,0.4725810923278307D0,5.92326311001165D0,    0000035P   1456
0.4725712446073512D0,0.4362287006104549D0,5.934595631030492D0,   0000035P   1457
0.4362196104069355D0,0.399876308892359D0,5.945034295866387D0,    0000035P   1458
0.3998679762057996D0,0.3635239171769504D0,5.954575931503962D0,   0000035P   1459
0.3635163420073511D0,0.3271715254515122D0,5.963217624117773D0,   0000035P   1460
0.3271647077988731D0,0.2908191337635053D0,5.970956748024955D0,   0000035P   1461
0.2908130736278258D0,0.2544667419358025D0,5.977790939782406D0,   0000035P   1462
0.2544614393170855D0,0.2181143506294518D0,5.983718124845423D0,   0000035P   1463
0.2181098055276863D0,0.1817619573773893D0,5.988736490835898D0,   0000035P   1464
0.1817581697926159D0,0.1454095713868215D0,5.992844513810992D0,   0000035P   1465
0.1454065413188888D0,0.109057158295987D0,5.996040945920144D0,    0000035P   1466
0.1090548857454598D0,0.07270484634472425D0,5.998324784508432D0,  0000035P   1467
0.07270333130949505D0,0.0363521569354412D0,5.999695450046127D0,  0000035P   1468
0.03635139942337547D0,0.01211796979092552D0,5.999999874886745D0, 0000035P   1469
0.01211771727473239D0,-1.932238666623889D-15,                    0000035P   1470
6.000000000000001D0,2.064703549635298D-17,3.486860405978413D0,   0000035P   1471
1.2877D-08,8.550883074098378D0,3.480402981784077D0,              0000035P   1472
1.755326214377607D-06,8.535047430333874D0,3.467489087043098D0,   0000035P   1473
0.00030941253442851D0,8.503378481450236D0,3.448117478344242D0,   0000035P   1474
0.001684929140178648D0,8.455873178210362D0,3.428746075051855D0,  0000035P   1475
0.003973614904856896D0,8.408368378692035D0,3.409374616720974D0,  0000035P   1476
0.007174889240393764D0,8.360863444201929D0,3.390003173137611D0,  0000035P   1477
0.01128774813356805D0,8.313358545877405D0,3.370631725602662D0,   0000035P   1478
0.01631094422533403D0,8.265853637862337D0,3.351260279126539D0,   0000035P   1479
0.02224294696509585D0,8.218348732443848D0,3.331888832366702D0,   0000035P   1480
0.0290819519142826D0,8.170843826329602D0,3.312517385682888D0,    0000035P   1481
0.0368258713777738D0,8.123338920401785D0,3.293145938978702D0,    0000035P   1482
0.0454723505746222D0,8.075834014424018D0,3.273774492279975D0,    0000035P   1483
0.05501875432373738D0,8.02832910845963D0,3.254403045579788D0,    0000035P   1484
0.06546217413042829D0,7.980824202491664D0,3.23503159887999D0,    0000035P   1485
0.07679943115454943D0,7.93331929652465D0,3.215660152180088D0,    0000035P   1486
0.08902706925137401D0,7.885814390557385D0,3.196288705480213D0,   0000035P   1487
0.1021413678399546D0,7.838309484590184D0,3.176917258780332D0,    0000035P   1488
0.1161383273888076D0,7.790804578622963D0,3.157545812080452D0,    0000035P   1489
0.1310136906048151D0,7.743299672655757D0,3.138174365380571D0,    0000035P   1490
0.1467629201919324D0,7.69579476668854D0,3.118802918680693D0,     0000035P   1491
0.1633812246274556D0,7.648289860721332D0,3.099431471980812D0,    0000035P   1492
0.1808635372982453D0,7.600784954754114D0,3.080060025280932D0,    0000035P   1493
0.1992045381795633D0,7.553280048786901D0,3.060688578581052D0,    0000035P   1494
0.2183986359835017D0,7.505775142819689D0,3.041317131881172D0,    0000035P   1495
0.2384399878864303D0,7.458270236852476D0,3.021945685181292D0,    0000035P   1496
0.2593224864707773D0,7.410765330885262D0,3.002574238481412D0,    0000035P   1497
0.2810397742304606D0,7.363260424918049D0,2.983202791781531D0,    0000035P   1498
0.3035852346073806D0,7.315755518950836D0,2.963831345081652D0,    0000035P   1499
0.3269520013400171D0,7.268250612983627D0,2.944459898381771D0,    0000035P   1500
0.3511329540325511D0,7.220745707016408D0,2.925088451681892D0,    0000035P   1501
0.3761207325297785D0,7.173240801049198D0,2.905717004982011D0,    0000035P   1502
0.4019077198483347D0,7.125735895081982D0,2.886345558282131D0,    0000035P   1503
0.4284860660768823D0,7.07823098911477D0,2.866974111582251D0,     0000035P   1504
0.4558476758441361D0,7.030726083147559D0,2.847602664882372D0,    0000035P   1505
0.483984210546574D0,6.983221177180343D0,2.828231218182491D0,     0000035P   1506
0.5128871039695683D0,6.935716271213127D0,2.808859771482611D0,    0000035P   1507
0.5425475515751528D0,6.888211365245916D0,2.789488324782731D0,    0000035P   1508
0.5729565197298205D0,6.840706459278705D0,2.770116878082851D0,    0000035P   1509
0.6041047435055656D0,6.79320155331149D0,2.750745431382971D0,     0000035P   1510
0.6359827382479176D0,6.745696647344277D0,2.73137398468309D0,     0000035P   1511
0.668580791502764D0,6.698191741377063D0,2.71200253798321D0,      0000035P   1512
0.7018889777410261D0,6.650686835409854D0,2.692631091283331D0,    0000035P   1513
0.7358971495331314D0,6.60318192944264D0,2.67325964458345D0,      0000035P   1514
0.7705949461264486D0,6.555677023475424D0,2.65388819788357D0,     0000035P   1515
0.8059718039610742D0,6.50817211750821D0,2.63451675118369D0,      0000035P   1516
0.8420169420292558D0,6.460667211540999D0,2.61514530448381D0,     0000035P   1517
0.8787193859219031D0,6.413162305573785D0,2.59577385778393D0,     0000035P   1518
0.9160679522831312D0,6.365657399606572D0,2.57640241108405D0,     0000035P   1519
0.9540512689455709D0,6.318152493639359D0,2.55703096438417D0,     0000035P   1520
0.9926577639345845D0,6.270647587672145D0,2.537659517684289D0,    0000035P   1521
1.03187567731609D0,6.223142681704929D0,2.518288070984411D0,      0000035P   1522
1.071693066801056D0,6.175637775737718D0,2.498916624284529D0,     0000035P   1523
1.112097803479689D0,6.128132869770506D0,2.47954517758465D0,      0000035P   1524
1.15307757728019D0,6.080627963803293D0,2.460173730884768D0,      0000035P   1525
1.194619909399551D0,6.033123057836079D0,2.440802284184889D0,     0000035P   1526
1.236712145121604D0,5.985618151868866D0,2.42143083748501D0,      0000035P   1527
1.279341464114033D0,5.938113245901652D0,2.40205939078513D0,      0000035P   1528
1.322494882422264D0,5.890608339934439D0,2.38268794408525D0,      0000035P   1529
1.36615925219691D0,5.843103433967227D0,2.363316497385368D0,      0000035P   1530
1.410321278790095D0,5.795598528000014D0,2.343945050685489D0,     0000035P   1531
1.45496750664271D0,5.748093622032799D0,2.32457360398561D0,       0000035P   1532
1.500084340639066D0,5.700588716065586D0,2.305202157285729D0,     0000035P   1533
1.545658034801028D0,5.653083810098374D0,2.28583071058585D0,      0000035P   1534
1.591674710156823D0,5.605578904131159D0,2.266459263885968D0,     0000035P   1535
1.638120348571682D0,5.558073998163947D0,2.247087817186089D0,     0000035P   1536
1.684980805556451D0,5.510569092196733D0,2.227716370486208D0,     0000035P   1537
1.732241807202514D0,5.463064186229522D0,2.208344923786328D0,     0000035P   1538
1.779888955633495D0,5.415559280262308D0,2.188973477086449D0,     0000035P   1539
1.827907740263508D0,5.368054374295094D0,2.169602030386567D0,     0000035P   1540
1.876283535312471D0,5.320549468327879D0,2.150230583686688D0,     0000035P   1541
1.925001604486608D0,5.273044562360668D0,2.130859136986808D0,     0000035P   1542
1.974047108741095D0,5.225539656393455D0,2.111487690286928D0,     0000035P   1543
2.02340511254901D0,5.17803475042624D0,2.092116243587048D0,       0000035P   1544
2.073060575062861D0,5.130529844459029D0,2.072744796887168D0,     0000035P   1545
2.122998379199547D0,5.083024938491814D0,2.053373350187288D0,     0000035P   1546
2.173203308138951D0,5.0355200325246D0,2.034001903487408D0,       0000035P   1547
2.223660074244646D0,4.988015126557388D0,2.014630456787529D0,     0000035P   1548
2.274353304882463D0,4.940510220590174D0,1.995259010087648D0,     0000035P   1549
2.325267564225503D0,4.893005314622962D0,1.975887563387768D0,     0000035P   1550
2.376387340215525D0,4.845500408655748D0,1.956516116687887D0,     0000035P   1551
2.427697062912395D0,4.797995502688535D0,1.937144669988008D0,     0000035P   1552
2.479181104134893D0,4.750490596721321D0,1.917773223288128D0,     0000035P   1553
2.530823784548031D0,4.702985690754108D0,1.898401776588248D0,     0000035P   1554
2.582609369672984D0,4.655480784786897D0,1.879030329888366D0,     0000035P   1555
2.634522090760036D0,4.60797587881968D0,1.859658883188487D0,      0000035P   1556
2.686546131286875D0,4.56047097285247D0,1.840287436488606D0,      0000035P   1557
2.738665648092467D0,4.512966066885255D0,1.820915989788727D0,     0000035P   1558
2.790864766343256D0,4.465461160918043D0,1.801544543088847D0,     0000035P   1559
2.84312758453451D0,4.41795625495083D0,1.782173096388967D0,       0000035P   1560
2.895438183518704D0,4.370451348983614D0,1.762801649689087D0,     0000035P   1561
2.947780633390678D0,4.322946443016402D0,1.743430202989207D0,     0000035P   1562
3.000138986918585D0,4.27544153704919D0,1.724058756289327D0,      0000035P   1563
3.052497298934985D0,4.227936631081977D0,1.704687309589447D0,     0000035P   1564
3.104839621341474D0,4.180431725114765D0,1.685315862889567D0,     0000035P   1565
3.157150009699116D0,4.132926819147549D0,1.665944416189686D0,     0000035P   1566
3.209412531862058D0,4.085421913180339D0,1.646572969489806D0,     0000035P   1567
3.261611268852656D0,4.037917007213123D0,1.627201522789926D0,     0000035P   1568
3.313730320727323D0,3.99041210124591D0,1.607830076090047D0,      0000035P   1569
3.365753812238053D0,3.942907195278699D0,1.588458629390166D0,     0000035P   1570
3.417665900320468D0,3.895402289311483D0,1.569087182690286D0,     0000035P   1571
3.469450768480078D0,3.847897383344269D0,1.549715735990406D0,     0000035P   1572
3.521092647759219D0,3.800392477377057D0,1.530344289290526D0,     0000035P   1573
3.572575804483043D0,3.752887571409844D0,1.510972842590646D0,     0000035P   1574
3.623884562308611D0,3.70538266544263D0,1.491601395890766D0,      0000035P   1575
3.675003286282516D0,3.657877759475419D0,1.472229949190886D0,     0000035P   1576
3.72591641256133D0,3.610372853508204D0,1.452858502491005D0,      0000035P   1577
3.776608429472169D0,3.56286794754099D0,1.433487055791126D0,      0000035P   1578
3.827063899549995D0,3.515363041573779D0,1.414115609091245D0,     0000035P   1579
3.877267450327852D0,3.467858135606563D0,1.394744162391365D0,     0000035P   1580
3.927203795138596D0,3.420353229639352D0,1.375372715691486D0,     0000035P   1581
3.976857719117766D0,3.372848323672138D0,1.356001268991605D0,     0000035P   1582
4.026214102390343D0,3.325343417704925D0,1.336629822291725D0,     0000035P   1583
4.075257907320862D0,3.277838511737711D0,1.317258375591845D0,     0000035P   1584
4.123974200326217D0,3.230333605770499D0,1.297886928891965D0,     0000035P   1585
4.172348137374268D0,3.182828699803285D0,1.278515482192084D0,     0000035P   1586
4.22036498817671D0,3.135323793836071D0,1.259144035492205D0,      0000035P   1587
4.268010125918891D0,3.087818887868859D0,1.239772588792325D0,     0000035P   1588
4.315269038147734D0,3.040313981901646D0,1.220401142092444D0,     0000035P   1589
4.362127329490178D0,2.992809075934432D0,1.201029695392565D0,     0000035P   1590
4.408570729891557D0,2.945304169967219D0,1.181658248692684D0,     0000035P   1591
4.454585088943589D0,2.897799264000006D0,1.162286801992804D0,     0000035P   1592
4.500156396334084D0,2.850294358032792D0,1.142915355292925D0,     0000035P   1593
4.545270765720072D0,2.802789452065579D0,1.123543908593044D0,     0000035P   1594
4.589914460785626D0,2.755284546098366D0,1.104172461893164D0,     0000035P   1595
4.634073879137429D0,2.707779640131153D0,1.084801015193284D0,     0000035P   1596
4.67773557266466D0,2.660274734163939D0,1.065429568493404D0,      0000035P   1597
4.720886242203935D0,2.612769828196726D0,1.046058121793524D0,     0000035P   1598
4.763512744519603D0,2.565264922229513D0,1.026686675093644D0,     0000035P   1599
4.805602093717651D0,2.5177600162623D0,1.007315228393764D0,       0000035P   1600
4.847141472609797D0,2.470255110295087D0,0.9879437816938834D0,    0000035P   1601
4.888118227843162D0,2.422750204327874D0,0.9685723349940035D0,    0000035P   1602
4.928519878017561D0,2.37524529836066D0,0.949200888294124D0,      0000035P   1603
4.968334116086599D0,2.327740392393447D0,0.9298294415942433D0,    0000035P   1604
5.007548815636044D0,2.280235486426233D0,0.9104579948943634D0,    0000035P   1605
5.046152033369226D0,2.232730580459021D0,0.8910865481944833D0,    0000035P   1606
5.084132010887053D0,2.185225674491807D0,0.8717151014946032D0,    0000035P   1607
5.121477177082566D0,2.137720768524594D0,0.8523436547947235D0,    0000035P   1608
5.158176160782687D0,2.090215862557383D0,0.8329722080948426D0,    0000035P   1609
5.194217779786685D0,2.042710956590168D0,0.813600761394963D0,     0000035P   1610
5.229591060070573D0,1.995206050622955D0,0.7942293146950831D0,    0000035P   1611
5.264285223931023D0,1.947701144655741D0,0.774857867995203D0,     0000035P   1612
5.298289706205336D0,1.900196238688528D0,0.7554864212953228D0,    0000035P   1613
5.331594149247635D0,1.852691332721314D0,0.7361149745954428D0,    0000035P   1614
5.364188406804129D0,1.805186426754102D0,0.7167435278955625D0,    0000035P   1615
5.396062551535851D0,1.757681520786888D0,0.6973720811956825D0,    0000035P   1616
5.427206877052468D0,1.710176614819675D0,0.6780006344958025D0,    0000035P   1617
5.457611894254277D0,1.662671708852462D0,0.6586291877959224D0,    0000035P   1618
5.487268343930421D0,1.615166802885249D0,0.6392577410960423D0,    0000035P   1619
5.516167192024034D0,1.567661896918035D0,0.6198862943961623D0,    0000035P   1620
5.544299635973435D0,1.520156990950822D0,0.6005148476962822D0,    0000035P   1621
5.57165710808222D0,1.472652084983609D0,0.5811434009964022D0,     0000035P   1622
5.598231273697686D0,1.425147179016395D0,0.5617719542965221D0,    0000035P   1623
5.624014041127046D0,1.377642273049183D0,0.5424005075966418D0,    0000035P   1624
5.648997553794141D0,1.330137367081969D0,0.523029060896762D0,     0000035P   1625
5.673174205696391D0,1.282632461114756D0,0.5036576141968818D0,    0000035P   1626
5.696536629420298D0,1.235127555147543D0,0.4842861674970019D0,    0000035P   1627
5.719077710622421D0,1.18762264918033D0,0.4649147207971216D0,     0000035P   1628
5.740790584090022D0,1.140117743213116D0,0.4455432740972417D0,    0000035P   1629
5.761668635017493D0,1.092612837245903D0,0.4261718273973614D0,    0000035P   1630
5.781705503840003D0,1.04510793127869D0,0.4068003806974814D0,     0000035P   1631
5.800895089622498D0,0.9976030253114768D0,0.3874289339976013D0,   0000035P   1632
5.819231543670003D0,0.9500981193442633D0,0.3680574872977213D0,   0000035P   1633
5.836709285697498D0,0.9025932133770505D0,0.3486860405978413D0,   0000035P   1634
5.853322987540014D0,0.8550883074098373D0,0.329314593897961D0,    0000035P   1635
5.869067592142446D0,0.8075834014426235D0,0.3099431471980814D0,   0000035P   1636
5.883938301890208D0,0.7600784954754113D0,0.2905717004981998D0,   0000035P   1637
5.897930588296723D0,0.7125735895081941D0,0.2712002537983254D0,   0000035P   1638
5.911040188922908D0,0.6650686835409954D0,0.2518288070984238D0,   0000035P   1639
5.923263110011652D0,0.6175637775737289D0,0.2324573603986247D0,   0000035P   1640
5.934595631030491D0,0.5700588716067144D0,0.213085913698442D0,    0000035P   1641
5.945034295866388D0,0.5225539656387593D0,0.1937144669996913D0,   0000035P   1642
5.95457593150396D0,0.4750490596743157D0,0.1743430202955961D0,    0000035P   1643
5.963217624117772D0,0.4275441536967656D0,0.1549715736114473D0,   0000035P   1644
5.970956748024955D0,0.3800392477681304D0,0.1356001268528574D0,   0000035P   1645
5.977790939782405D0,0.332534341656942D0,0.1162286803720853D0,    0000035P   1646
5.983718124845425D0,0.2850294362270508D0,0.09685723285448319D0,  0000035P   1647
5.988736490835896D0,0.2375245282545249D0,0.07748578920638317D0,  0000035P   1648
5.992844513810989D0,0.1900196297712403D0,0.05811433111710489D0,  0000035P   1649
5.996040945920143D0,0.1425146958736252D0,0.03874292692303762D0,  0000035P   1650
5.998324784508433D0,0.09500989414409085D0,0.01937132158930452D0, 0000035P   1651
5.999695450046126D0,0.04750459915656396D0,                       0000035P   1652
0.006457418475783967D0,5.999999874886744D0,                      0000035P   1653
0.01583562974080556D0,-1.775665099895701D-16,6.0D0,              0000035P   1654
-1.047127580743079D-15,-2.855903504107117D-05,1.2877D-08,        0000035P   1655
9.215557575735673D0,-2.850614568446907D-05,                      0000035P   1656
1.755326214377606D-06,9.198491000787094D0,                       0000035P   1657
-2.840037478170707D-05,0.0003094125344285099D0,                  0000035P   1658
9.164360371322134D0,-2.824171214898353D-05,                      0000035P   1659
0.001684929140178648D0,9.113162401081389D0,                      0000035P   1660
-2.808305119881454D-05,0.003973614904856895D0,                   0000035P   1661
9.061964973717302D0,-2.792438979784865D-05,                      0000035P   1662
0.007174889240393763D0,9.010767400889861D0,                      0000035P   1663
-2.776572851787798D-05,0.01128774813356805D0,                    0000035P   1664
8.959569867039201D0,-2.760706720501539D-05,                      0000035P   1665
0.01631094422533402D0,8.908372322744748D0,                       0000035P   1666
-2.744840590125153D-05,0.02224294696509584D0,8.8571747812487D0,  0000035P   1667
-2.728974459466279D-05,0.02908195191428259D0,                    0000035P   1668
8.805977239002822D0,-2.713108328970462D-05,                      0000035P   1669
0.03682587137777379D0,8.754779696957861D0,                       0000035P   1670
-2.697242198329385D-05,0.0454723505746222D0,8.703582154859062D0, 0000035P   1671
-2.681376067748892D-05,0.05501875432373737D0,                    0000035P   1672
8.652384612774691D0,-2.665509937203029D-05,                      0000035P   1673
0.06546217413042826D0,8.601187070686455D0,                       0000035P   1674
-2.649643806601178D-05,0.07679943115454942D0,                    0000035P   1675
8.549989528599252D0,-2.63377767601405D-05,0.08902706925137396D0, 0000035P   1676
8.498791986511774D0,-2.617911545465705D-05,0.1021413678399546D0, 0000035P   1677
8.44759444442437D0,-2.60204541488801D-05,0.1161383273888076D0,   0000035P   1678
8.396396902336944D0,-2.586179284217236D-05,0.131013690604815D0,  0000035P   1679
8.345199360249527D0,-2.570313153707065D-05,0.1467629201919323D0, 0000035P   1680
8.294001818162103D0,-2.554447023149449D-05,0.1633812246274556D0, 0000035P   1681
8.242804276074686D0,-2.538580892537227D-05,0.1808635372982452D0, 0000035P   1682
8.191606733987264D0,-2.522714761980517D-05,0.1992045381795633D0, 0000035P   1683
8.140409191899844D0,-2.506848631367385D-05,0.2183986359835017D0, 0000035P   1684
8.089211649812425D0,-2.490982500834098D-05,0.2384399878864303D0, 0000035P   1685
8.038014107725001D0,-2.475116370254273D-05,0.2593224864707773D0, 0000035P   1686
7.986816565637582D0,-2.45925023967597D-05,0.2810397742304605D0,  0000035P   1687
7.93561902355016D0,-2.44338410907394D-05,0.3035852346073806D0,   0000035P   1688
7.884421481462739D0,-2.427517978472214D-05,0.3269520013400171D0, 0000035P   1689
7.833223939375322D0,-2.411651847916116D-05,0.3511329540325511D0, 0000035P   1690
7.782026397287899D0,-2.395785717359406D-05,0.3761207325297786D0, 0000035P   1691
7.730828855200479D0,-2.379919586735475D-05,0.4019077198483349D0, 0000035P   1692
7.67963131311306D0,-2.364053456178466D-05,0.4284860660768822D0,  0000035P   1693
7.628433771025641D0,-2.348187325588145D-05,0.4558476758441358D0, 0000035P   1694
7.577236228938221D0,-2.33232119505455D-05,0.4839842105465739D0,  0000035P   1695
7.526038686850798D0,-2.316455064453133D-05,0.5128871039695683D0, 0000035P   1696
7.474841144763379D0,-2.300588933896422D-05,0.5425475515751528D0, 0000035P   1697
7.423643602675958D0,-2.284722803306101D-05,0.5729565197298204D0, 0000035P   1698
7.372446060588536D0,-2.268856672715179D-05,0.6041047435055654D0, 0000035P   1699
7.321248518501119D0,-2.252990542148277D-05,0.6359827382479175D0, 0000035P   1700
7.270050976413694D0,-2.237124411545943D-05,0.6685807915027641D0, 0000035P   1701
7.218853434326274D0,-2.22125828097844D-05,0.7018889777410262D0,  0000035P   1702
7.167655892238855D0,-2.205392150410324D-05,0.7358971495331314D0, 0000035P   1703
7.116458350151436D0,-2.189526019809204D-05,0.7705949461264486D0, 0000035P   1704
7.065260808064015D0,-2.173659889229991D-05,0.8059718039610737D0, 0000035P   1705
7.014063265976595D0,-2.157793758662179D-05,0.8420169420292557D0, 0000035P   1706
6.962865723889175D0,-2.141927628094366D-05,0.878719385921903D0,  0000035P   1707
6.911668181801755D0,-2.126061497526559D-05,0.9160679522831313D0, 0000035P   1708
6.860470639714333D0,-2.110195366902628D-05,0.9540512689455709D0, 0000035P   1709
6.809273097626914D0,-2.094329236334815D-05,0.9926577639345846D0, 0000035P   1710
6.758075555539494D0,-2.078463105779021D-05,1.03187567731609D0,   0000035P   1711
6.706878013452072D0,-2.062596975209994D-05,1.071693066801055D0,  0000035P   1712
6.655680471364653D0,-2.046730844597772D-05,1.112097803479688D0,  0000035P   1713
6.604482929277231D0,-2.030864714029965D-05,1.15307757728019D0,   0000035P   1714
6.553285387189813D0,-2.01499858345105D-05,1.194619909399551D0,   0000035P   1715
6.502087845102389D0,-1.999132452860426D-05,1.236712145121604D0,  0000035P   1716
6.450890303014971D0,-1.983266322292315D-05,1.279341464114033D0,  0000035P   1717
6.399692760927551D0,-1.967400191724806D-05,1.322494882422264D0,  0000035P   1718
6.348495218840129D0,-1.95153406115669D-05,1.36615925219691D0,    0000035P   1719
6.29729767675271D0,-1.935667930567285D-05,1.410321278790095D0,   0000035P   1720
6.246100134665287D0,-1.919801799999169D-05,1.45496750664271D0,   0000035P   1721
6.194902592577868D0,-1.903935669419956D-05,1.500084340639065D0,  0000035P   1722
6.143705050490448D0,-1.888069538829635D-05,1.545658034801028D0,  0000035P   1723
6.092507508403027D0,-1.872203408272621D-05,1.591674710156822D0,  0000035P   1724
6.041309966315609D0,-1.8563372776604D-05,1.638120348571682D0,    0000035P   1725
5.990112424228187D0,-1.840471147081187D-05,1.684980805556451D0,  0000035P   1726
5.938914882140765D0,-1.824605016513374D-05,1.732241807202513D0,  0000035P   1727
5.887717340053344D0,-1.808738885923362D-05,1.779888955633494D0,  0000035P   1728
5.836519797965925D0,-1.792872755366045D-05,1.827907740263509D0,  0000035P   1729
5.785322255878506D0,-1.777006624765533D-05,1.876283535312471D0,  0000035P   1730
5.734124713791084D0,-1.761140494174908D-05,1.925001604486608D0,  0000035P   1731
5.682927171703665D0,-1.745274363607101D-05,1.974047108741095D0,  0000035P   1732
5.631729629616245D0,-1.729408233050391D-05,2.023405112549011D0,  0000035P   1733
5.580532087528825D0,-1.713542102471178D-05,2.073060575062861D0,  0000035P   1734
5.529334545441404D0,-1.697675971880857D-05,2.122998379199548D0,  0000035P   1735
5.478137003353981D0,-1.681809841301942D-05,2.173203308138951D0,  0000035P   1736
5.426939461266561D0,-1.665943710723033D-05,2.223660074244647D0,  0000035P   1737
5.375741919179141D0,-1.650077580154613D-05,2.274353304882463D0,  0000035P   1738
5.324544377091723D0,-1.634211449564596D-05,2.325267564225503D0,  0000035P   1739
5.273346835004301D0,-1.618345318991389D-05,2.376387340215525D0,  0000035P   1740
5.22214929291688D0,-1.602479188417874D-05,2.427697062912395D0,   0000035P   1741
5.170951750829461D0,-1.586613057838655D-05,2.479181104134893D0,  0000035P   1742
5.11975420874204D0,-1.570746927270997D-05,2.530823784548031D0,   0000035P   1743
5.06855666665462D0,-1.554880796685927D-05,2.582609369672983D0,   0000035P   1744
5.0173591245672D0,-1.539014666090968D-05,2.634522090760036D0,    0000035P   1745
4.966161582479777D0,-1.523148535511143D-05,2.686546131286874D0,  0000035P   1746
4.914964040392358D0,-1.507282404915425D-05,2.738665648092467D0,  0000035P   1747
4.863766498304938D0,-1.491416274381529D-05,2.790864766343256D0,  0000035P   1748
4.812568956217517D0,-1.475550143779803D-05,2.84312758453451D0,   0000035P   1749
4.761371414130096D0,-1.459684013211841D-05,2.895438183518703D0,  0000035P   1750
4.710173872042677D0,-1.443817882627529D-05,2.947780633390677D0,  0000035P   1751
4.658976329955256D0,-1.427951752048007D-05,3.000138986918584D0,  0000035P   1752
4.607778787867837D0,-1.412085621474646D-05,3.052497298934985D0,  0000035P   1753
4.556581245780416D0,-1.396219490895428D-05,3.104839621341474D0,  0000035P   1754
4.505383703692996D0,-1.380353360322522D-05,3.157150009699116D0,  0000035P   1755
4.454186161605574D0,-1.364487229726198D-05,3.209412531862056D0,  0000035P   1756
4.402988619518154D0,-1.34862109915854D-05,3.261611268852654D0,   0000035P   1757
4.351791077430733D0,-1.332754968573922D-05,3.313730320727323D0,  0000035P   1758
4.300593535343314D0,-1.316888837994402D-05,3.365753812238052D0,  0000035P   1759
4.249395993255893D0,-1.301022707427351D-05,3.417665900320467D0,  0000035P   1760
4.198198451168473D0,-1.285156576847981D-05,3.469450768480078D0,  0000035P   1761
4.147000909081053D0,-1.269290446268917D-05,3.52109264775922D0,   0000035P   1762
4.095803366993634D0,-1.25342431568415D-05,3.572575804483043D0,   0000035P   1763
4.044605824906212D0,-1.237558185099684D-05,3.62388456230861D0,   0000035P   1764
3.993408282818791D0,-1.221692054520317D-05,3.675003286282514D0,  0000035P   1765
3.942210740731371D0,-1.205825923946956D-05,3.725916412561329D0,  0000035P   1766
3.89101319864395D0,-1.189959793373898D-05,3.776608429472169D0,   0000035P   1767
3.83981565655653D0,-1.17409366278297D-05,3.827063899549994D0,    0000035P   1768
3.788618114469111D0,-1.15822753220421D-05,3.877267450327852D0,   0000035P   1769
3.73742057238169D0,-1.142361401619592D-05,3.927203795138595D0,   0000035P   1770
3.686223030294268D0,-1.126495271074442D-05,3.976857719117765D0,  0000035P   1771
3.635025488206848D0,-1.110629140478421D-05,4.026214102390343D0,  0000035P   1772
3.583827946119427D0,-1.094763009899355D-05,4.07525790732086D0,   0000035P   1773
3.532630404032008D0,-1.078896879325994D-05,4.123974200326217D0,  0000035P   1774
3.481432861944588D0,-1.063030748735372D-05,4.172348137374268D0,  0000035P   1775
3.430235319857167D0,-1.047164618156612D-05,4.220364988176709D0,  0000035P   1776
3.379037777769745D0,-1.031298487594047D-05,4.268010125918888D0,  0000035P   1777
3.327840235682328D0,-1.015432357004184D-05,4.315269038147733D0,  0000035P   1778
3.276642693594906D0,-9.995662264195688D-06,4.362127329490177D0,  0000035P   1779
3.225445151507485D0,-9.837000958344956D-06,4.408570729891558D0,  0000035P   1780
3.174247609420066D0,-9.67833965267141D-06,4.45458508894359D0,    0000035P   1781
3.123050067332644D0,-9.519678346822224D-06,4.500156396334083D0,  0000035P   1782
3.071852525245225D0,-9.361017041141062D-06,4.545270765720072D0,  0000035P   1783
3.020654983157805D0,-9.202355735297947D-06,4.589914460785625D0,  0000035P   1784
2.969457441070383D0,-9.043694429507307D-06,4.634073879137429D0,  0000035P   1785
2.918259898982963D0,-8.885033123829181D-06,4.677735572664659D0,  0000035P   1786
2.867062356895542D0,-8.726371817924483D-06,4.720886242203934D0,  0000035P   1787
2.815864814808123D0,-8.567710512247901D-06,4.763512744519603D0,  0000035P   1788
2.764667272720702D0,-8.409049206457235D-06,4.805602093717649D0,  0000035P   1789
2.713469730633281D0,-8.250387900552537D-06,4.847141472609796D0,  0000035P   1790
2.662272188545861D0,-8.091726594736419D-06,4.888118227843161D0,  0000035P   1791
2.61107464645844D0,-7.933065288972762D-06,4.92851987801756D0,    0000035P   1792
2.55987710437102D0,-7.774403983264617D-06,4.968334116086598D0,   0000035P   1793
2.5086795622836D0,-7.615742677533283D-06,5.007548815636044D0,    0000035P   1794
2.457482020196179D0,-7.457081371713356D-06,5.046152033369224D0,  0000035P   1795
2.40628447810876D0,-7.298420065951218D-06,5.084132010887053D0,   0000035P   1796
2.355086936021338D0,-7.139758760048024D-06,5.121477177082565D0,  0000035P   1797
2.303889393933918D0,-6.981097454366889D-06,5.158176160782687D0,  0000035P   1798
2.252691851846498D0,-6.822436148354191D-06,5.194217779786685D0,  0000035P   1799
2.201494309759077D0,-6.66377484279015D-06,5.229591060070571D0,   0000035P   1800
2.150296767671657D0,-6.505113537055008D-06,5.264285223931023D0,  0000035P   1801
2.099099225584237D0,-6.34645223117957D-06,5.298289706205337D0,   0000035P   1802
2.047901683496817D0,-6.18779092550223D-06,5.331594149247634D0,   0000035P   1803
1.996704141409396D0,-6.029129619626033D-06,5.364188406804128D0,  0000035P   1804
1.945506599321976D0,-5.870468313779869D-06,5.396062551535851D0,  0000035P   1805
1.894309057234556D0,-5.711807008045499D-06,5.427206877052467D0,  0000035P   1806
1.843111515147135D0,-5.553145702283361D-06,5.457611894254277D0,  0000035P   1807
1.791913973059714D0,-5.394484396492708D-06,5.487268343930422D0,  0000035P   1808
1.740716430972294D0,-5.235823090758338D-06,5.516167192024035D0,  0000035P   1809
1.689518888884874D0,-5.0771617848829D-06,5.544299635973437D0,    0000035P   1810
1.638321346797454D0,-4.918500479093006D-06,5.57165710808222D0,   0000035P   1811
1.587123804710032D0,-4.759839173387151D-06,5.598231273697684D0,  0000035P   1812
1.535926262622612D0,-4.601177867567983D-06,5.624014041127044D0,  0000035P   1813
1.484728720535192D0,-4.442516561778103D-06,5.64899755379414D0,   0000035P   1814
1.433531178447771D0,-4.283855255985932D-06,5.67317420569639D0,   0000035P   1815
1.382333636360351D0,-4.125193950223793D-06,5.696536629420296D0,  0000035P   1816
1.331136094272931D0,-3.966532644405012D-06,5.719077710622418D0,  0000035P   1817
1.27993855218551D0,-3.807871338615504D-06,5.740790584090021D0,   0000035P   1818
1.22874101009809D0,-3.649210032895005D-06,5.761668635017494D0,   0000035P   1819
1.17754346801067D0,-3.490548727033825D-06,5.781705503840001D0,   0000035P   1820
1.126345925923249D0,-3.331887421272072D-06,5.800895089622498D0,  0000035P   1821
1.075148383835829D0,-3.17322611550994D-06,5.819231543670002D0,   0000035P   1822
1.023950841748408D0,-3.014564809690393D-06,5.836709285697496D0,  0000035P   1823
0.9727532996609879D0,-2.855903503927882D-06,5.853322987540013D0, 0000035P   1824
0.9215557575735676D0,-2.697242198124496D-06,5.869067592142446D0, 0000035P   1825
0.8703582154861469D0,-2.538580892302672D-06,5.883938301890207D0, 0000035P   1826
0.8191606733987277D0,-2.379919586593192D-06,5.89793058829672D0,  0000035P   1827
0.7679631313113032D0,-2.221258280748762D-06,5.911040188922907D0, 0000035P   1828
0.716765589223898D0,-2.06259697501032D-06,5.92326311001165D0,    0000035P   1829
0.6655680471364203D0,-1.903935669205501D-06,5.934595631030492D0, 0000035P   1830
0.6143705050492141D0,-1.745274363418755D-06,5.945034295866384D0, 0000035P   1831
0.5631729629609941D0,-1.586613057619354D-06,5.95457593150396D0,  0000035P   1832
0.5119754208765587D0,-1.427951751804682D-06,5.963217624117771D0, 0000035P   1833
0.4607778787779979D0,-1.269290446154142D-06,5.970956748024955D0, 0000035P   1834
0.4095803367321542D0,-1.110629139897431D-06,5.977790939782405D0, 0000035P   1835
0.3583827944895673D0,-9.519678358919925D-07,5.983718124845423D0, 0000035P   1836
0.3071852529812357D0,-7.933065234094046D-07,5.988736490835896D0, 0000035P   1837
0.2559877087326264D0,-6.346452426262524D-07,5.992844513810992D0, 0000035P   1838
0.204790174710873D0,-4.759838435512178D-07,5.996040945920143D0,  0000035P   1839
0.1535926025219737D0,-3.173228859104107D-07,5.998324784508431D0, 0000035P   1840
0.102395172774802D0,-1.586602808354847D-07,5.999695450046126D0,  0000035P   1841
0.05119721142786566D0,-5.288930964765031D-08,                    0000035P   1842
5.999999874886745D0,0.01706655983479539D0,2.347423460298729D-16, 0000035P   1843
6.0D0,4.293090529274796D-16,-3.48674139992819D0,1.2877D-08,      0000035P   1844
8.550884347353302D0,-3.480284196124823D0,1.755326214377606D-06,  0000035P   1845
8.535048701230817D0,-3.467370742133238D0,0.00030941253442851D0,  0000035P   1846
8.503379747631565D0,-3.447999794584634D0,0.001684929140178649D0, 0000035P   1847
8.455874437317998D0,-3.428629052435489D0,0.003973614904856896D0, 0000035P   1848
8.408369630726048D0,-3.409258255249728D0,0.007174889240393766D0, 0000035P   1849
8.360864689162298D0,-3.389887472810981D0,0.01128774813356805D0,  0000035P   1850
8.313359783764135D0,-3.370516686420785D0,0.01631094422533403D0,  0000035P   1851
8.265854868675431D0,-3.351145901089376D0,0.02224294696509585D0,  0000035P   1852
8.218349956183301D0,-3.331775115474267D0,0.02908195191428261D0,  0000035P   1853
8.170845042995421D0,-3.312404329935174D0,0.03682587137777381D0,  0000035P   1854
8.123340129993967D0,-3.293033544375713D0,0.04547235057462221D0,  0000035P   1855
8.075835216942556D0,-3.27366275882171D0,0.05501875432373738D0,   0000035P   1856
8.028330303904529D0,-3.254291973266245D0,0.06546217413042832D0,  0000035P   1857
7.980825390862925D0,-3.234921187711171D0,0.07679943115454946D0,  0000035P   1858
7.933320477822274D0,-3.215550402155993D0,0.08902706925137402D0,  0000035P   1859
7.885815564781372D0,-3.196179616600841D0,0.1021413678399547D0,   0000035P   1860
7.838310651740532D0,-3.176808831045682D0,0.1161383273888076D0,   0000035P   1861
7.790805738699675D0,-3.15743804549053D0,0.1310136906048151D0,    0000035P   1862
7.743300825658827D0,-3.13806725993537D0,0.1467629201919324D0,    0000035P   1863
7.695795912617972D0,-3.118696474380214D0,0.1633812246274556D0,   0000035P   1864
7.648290999577125D0,-3.099325688825057D0,0.1808635372982453D0,   0000035P   1865
7.600786086536272D0,-3.079954903269901D0,0.1992045381795634D0,   0000035P   1866
7.553281173495416D0,-3.060584117714745D0,0.2183986359835017D0,   0000035P   1867
7.505776260454567D0,-3.041213332159586D0,0.2384399878864304D0,   0000035P   1868
7.458271347413715D0,-3.021842546604431D0,0.2593224864707774D0,   0000035P   1869
7.410766434372865D0,-3.002471761049273D0,0.2810397742304606D0,   0000035P   1870
7.363261521332013D0,-2.983100975494118D0,0.3035852346073806D0,   0000035P   1871
7.31575660829116D0,-2.963730189938962D0,0.3269520013400172D0,    0000035P   1872
7.268251695250311D0,-2.944359404383804D0,0.3511329540325512D0,   0000035P   1873
7.220746782209455D0,-2.924988618828647D0,0.3761207325297785D0,   0000035P   1874
7.173241869168609D0,-2.905617833273491D0,0.4019077198483349D0,   0000035P   1875
7.125736956127752D0,-2.886247047718335D0,0.4284860660768823D0,   0000035P   1876
7.078232043086901D0,-2.866876262163179D0,0.4558476758441362D0,   0000035P   1877
7.03072713004605D0,-2.847505476608021D0,0.4839842105465742D0,    0000035P   1878
6.9832222170052D0,-2.828134691052864D0,0.5128871039695685D0,     0000035P   1879
6.935717303964347D0,-2.808763905497707D0,0.5425475515751528D0,   0000035P   1880
6.888212390923496D0,-2.789393119942551D0,0.5729565197298208D0,   0000035P   1881
6.840707477882645D0,-2.770022334387396D0,0.6041047435055656D0,   0000035P   1882
6.793202564841794D0,-2.750651548832237D0,0.6359827382479177D0,   0000035P   1883
6.745697651800941D0,-2.731280763277082D0,0.6685807915027641D0,   0000035P   1884
6.69819273876009D0,-2.711909977721925D0,0.7018889777410263D0,    0000035P   1885
6.650687825719237D0,-2.692539192166769D0,0.7358971495331314D0,   0000035P   1886
6.603182912678385D0,-2.673168406611612D0,0.770594946126449D0,    0000035P   1887
6.555677999637534D0,-2.653797621056456D0,0.8059718039610744D0,   0000035P   1888
6.508173086596682D0,-2.634426835501299D0,0.8420169420292558D0,   0000035P   1889
6.460668173555829D0,-2.615056049946142D0,0.8787193859219034D0,   0000035P   1890
6.413163260514977D0,-2.595685264390985D0,0.9160679522831317D0,   0000035P   1891
6.365658347474128D0,-2.576314478835829D0,0.9540512689455712D0,   0000035P   1892
6.318153434433276D0,-2.556943693280672D0,0.9926577639345847D0,   0000035P   1893
6.270648521392423D0,-2.537572907725514D0,1.03187567731609D0,     0000035P   1894
6.22314360835157D0,-2.518202122170359D0,1.071693066801056D0,     0000035P   1895
6.175638695310719D0,-2.498831336615202D0,1.112097803479689D0,    0000035P   1896
6.128133782269869D0,-2.479460551060046D0,1.15307757728019D0,     0000035P   1897
6.080628869229017D0,-2.460089765504889D0,1.194619909399552D0,    0000035P   1898
6.033123956188163D0,-2.440718979949733D0,1.236712145121604D0,    0000035P   1899
5.985619043147311D0,-2.421348194394577D0,1.279341464114034D0,    0000035P   1900
5.938114130106462D0,-2.401977408839419D0,1.322494882422264D0,    0000035P   1901
5.89060921706561D0,-2.382606623284263D0,1.36615925219691D0,      0000035P   1902
5.843104304024759D0,-2.363235837729105D0,1.410321278790095D0,    0000035P   1903
5.795599390983905D0,-2.343865052173949D0,1.45496750664271D0,     0000035P   1904
5.748094477943055D0,-2.324494266618792D0,1.500084340639066D0,    0000035P   1905
5.700589564902203D0,-2.305123481063636D0,1.545658034801029D0,    0000035P   1906
5.653084651861351D0,-2.28575269550848D0,1.591674710156823D0,     0000035P   1907
5.6055797388205D0,-2.266381909953323D0,1.638120348571682D0,      0000035P   1908
5.558074825779646D0,-2.247011124398167D0,1.684980805556451D0,    0000035P   1909
5.510569912738795D0,-2.22764033884301D0,1.732241807202514D0,     0000035P   1910
5.463064999697946D0,-2.208269553287853D0,1.779888955633495D0,    0000035P   1911
5.415560086657091D0,-2.188898767732697D0,1.827907740263509D0,    0000035P   1912
5.368055173616243D0,-2.169527982177539D0,1.876283535312471D0,    0000035P   1913
5.320550260575388D0,-2.150157196622383D0,1.925001604486609D0,    0000035P   1914
5.273045347534539D0,-2.130786411067227D0,1.974047108741096D0,    0000035P   1915
5.225540434493685D0,-2.11141562551207D0,2.023405112549011D0,     0000035P   1916
5.178035521452833D0,-2.092044839956913D0,2.073060575062861D0,    0000035P   1917
5.130530608411983D0,-2.072674054401757D0,2.122998379199547D0,    0000035P   1918
5.083025695371132D0,-2.0533032688466D0,2.173203308138951D0,      0000035P   1919
5.03552078233028D0,-2.033932483291443D0,2.223660074244647D0,     0000035P   1920
4.988015869289427D0,-2.014561697736288D0,2.274353304882463D0,    0000035P   1921
4.940510956248576D0,-1.995190912181131D0,2.325267564225503D0,    0000035P   1922
4.893006043207724D0,-1.975820126625974D0,2.376387340215526D0,    0000035P   1923
4.845501130166872D0,-1.956449341070817D0,2.427697062912396D0,    0000035P   1924
4.79799621712602D0,-1.937078555515661D0,2.479181104134894D0,     0000035P   1925
4.750491304085168D0,-1.917707769960504D0,2.530823784548031D0,    0000035P   1926
4.702986391044317D0,-1.898336984405348D0,2.582609369672984D0,    0000035P   1927
4.655481478003467D0,-1.87896619885019D0,2.634522090760036D0,     0000035P   1928
4.607976564962613D0,-1.859595413295035D0,2.686546131286875D0,    0000035P   1929
4.560471651921763D0,-1.840224627739878D0,2.738665648092467D0,    0000035P   1930
4.512966738880909D0,-1.82085384218472D0,2.790864766343256D0,     0000035P   1931
4.465461825840059D0,-1.801483056629564D0,2.84312758453451D0,     0000035P   1932
4.417956912799207D0,-1.782112271074408D0,2.895438183518704D0,    0000035P   1933
4.370451999758354D0,-1.762741485519251D0,2.947780633390678D0,    0000035P   1934
4.322947086717504D0,-1.743370699964095D0,3.000138986918585D0,    0000035P   1935
4.275442173676651D0,-1.723999914408938D0,3.052497298934986D0,    0000035P   1936
4.227937260635801D0,-1.704629128853782D0,3.104839621341475D0,    0000035P   1937
4.180432347594948D0,-1.685258343298624D0,3.157150009699118D0,    0000035P   1938
4.132927434554096D0,-1.665887557743468D0,3.209412531862058D0,    0000035P   1939
4.085422521513246D0,-1.646516772188311D0,3.261611268852656D0,    0000035P   1940
4.037917608472394D0,-1.627145986633155D0,3.313730320727324D0,    0000035P   1941
3.990412695431541D0,-1.607775201077999D0,3.365753812238054D0,    0000035P   1942
3.942907782390692D0,-1.588404415522841D0,3.417665900320468D0,    0000035P   1943
3.895402869349837D0,-1.569033629967685D0,3.469450768480079D0,    0000035P   1944
3.847897956308986D0,-1.549662844412528D0,3.52109264775922D0,     0000035P   1945
3.800393043268135D0,-1.530292058857372D0,3.572575804483044D0,    0000035P   1946
3.752888130227283D0,-1.510921273302215D0,3.623884562308611D0,    0000035P   1947
3.705383217186431D0,-1.491550487747059D0,3.675003286282516D0,    0000035P   1948
3.657878304145581D0,-1.472179702191902D0,3.725916412561328D0,    0000035P   1949
3.610373391104728D0,-1.452808916636745D0,3.77660842947217D0,     0000035P   1950
3.562868478063876D0,-1.433438131081589D0,3.827063899549996D0,    0000035P   1951
3.515363565023026D0,-1.414067345526432D0,3.877267450327854D0,    0000035P   1952
3.467858651982172D0,-1.394696559971276D0,3.927203795138596D0,    0000035P   1953
3.420353738941322D0,-1.375325774416118D0,3.976857719117766D0,    0000035P   1954
3.372848825900471D0,-1.355954988860962D0,4.026214102390345D0,    0000035P   1955
3.325343912859618D0,-1.336584203305806D0,4.075257907320863D0,    0000035P   1956
3.277838999818766D0,-1.317213417750649D0,4.123974200326217D0,    0000035P   1957
3.230334086777914D0,-1.297842632195493D0,4.17234813737427D0,     0000035P   1958
3.182829173737063D0,-1.278471846640336D0,4.22036498817671D0,     0000035P   1959
3.135324260696211D0,-1.259101061085179D0,4.268010125918891D0,    0000035P   1960
3.08781934765536D0,-1.239730275530022D0,4.315269038147735D0,     0000035P   1961
3.040314434614508D0,-1.220359489974866D0,4.362127329490178D0,    0000035P   1962
2.992809521573655D0,-1.20098870441971D0,4.408570729891558D0,     0000035P   1963
2.945304608532804D0,-1.181617918864552D0,4.454585088943591D0,    0000035P   1964
2.897799695491953D0,-1.162247133309396D0,4.500156396334086D0,    0000035P   1965
2.8502947824511D0,-1.14287634775424D0,4.545270765720074D0,       0000035P   1966
2.80278986941025D0,-1.123505562199083D0,4.589914460785628D0,     0000035P   1967
2.755284956369397D0,-1.104134776643926D0,4.634073879137429D0,    0000035P   1968
2.707780043328546D0,-1.084763991088769D0,4.67773557266466D0,     0000035P   1969
2.660275130287694D0,-1.065393205533613D0,4.720886242203935D0,    0000035P   1970
2.612770217246843D0,-1.046022419978456D0,4.763512744519605D0,    0000035P   1971
2.565265304205991D0,-1.0266516344233D0,4.80560209371765D0,       0000035P   1972
2.517760391165139D0,-1.007280848868144D0,4.847141472609799D0,    0000035P   1973
2.470255478124288D0,-0.9879100633129866D0,4.888118227843163D0,   0000035P   1974
2.422750565083436D0,-0.9685392777578301D0,4.928519878017561D0,   0000035P   1975
2.375245652042584D0,-0.9491684922026736D0,4.9683341160866D0,     0000035P   1976
2.327740739001733D0,-0.9297977066475165D0,5.007548815636044D0,   0000035P   1977
2.28023582596088D0,-0.9104269210923601D0,5.046152033369228D0,    0000035P   1978
2.232730912920029D0,-0.8910561355372034D0,5.084132010887053D0,   0000035P   1979
2.185225999879177D0,-0.8716853499820471D0,5.121477177082567D0,   0000035P   1980
2.137721086838325D0,-0.8523145644268907D0,5.158176160782688D0,   0000035P   1981
2.090216173797475D0,-0.8329437788717341D0,5.194217779786687D0,   0000035P   1982
2.042711260756622D0,-0.8135729933165768D0,5.229591060070574D0,   0000035P   1983
1.99520634771577D0,-0.7942022077614203D0,5.264285223931023D0,    0000035P   1984
1.947701434674919D0,-0.7748314222062639D0,5.298289706205336D0,   0000035P   1985
1.900196521634068D0,-0.755460636651107D0,5.331594149247635D0,    0000035P   1986
1.852691608593214D0,-0.7360898510959507D0,5.364188406804129D0,   0000035P   1987
1.805186695552364D0,-0.7167190655407941D0,5.396062551535852D0,   0000035P   1988
1.757681782511511D0,-0.6973482799856374D0,5.427206877052468D0,   0000035P   1989
1.710176869470661D0,-0.6779774944304807D0,5.457611894254279D0,   0000035P   1990
1.662671956429809D0,-0.6586067088753241D0,5.487268343930423D0,   0000035P   1991
1.615167043388957D0,-0.6392359233201674D0,5.516167192024036D0,   0000035P   1992
1.567662130348105D0,-0.6198651377650111D0,5.544299635973437D0,   0000035P   1993
1.520157217307254D0,-0.6004943522098544D0,5.571657108082222D0,   0000035P   1994
1.472652304266402D0,-0.5811235666546976D0,5.598231273697685D0,   0000035P   1995
1.42514739122555D0,-0.5617527810995411D0,5.624014041127047D0,    0000035P   1996
1.377642478184698D0,-0.5423819955443844D0,5.648997553794143D0,   0000035P   1997
1.330137565143847D0,-0.523011209989228D0,5.673174205696392D0,    0000035P   1998
1.282632652102995D0,-0.5036404244340713D0,5.696536629420299D0,   0000035P   1999
1.235127739062143D0,-0.4842696388789148D0,5.71907771062242D0,    0000035P   2000
1.187622826021292D0,-0.464898853323758D0,5.740790584090023D0,    0000035P   2001
1.14011791298044D0,-0.4455280677686013D0,5.761668635017497D0,    0000035P   2002
1.092612999939588D0,-0.4261572822134449D0,5.781705503840003D0,   0000035P   2003
1.045108086898737D0,-0.4067864966582881D0,5.800895089622499D0,   0000035P   2004
0.9976031738578847D0,-0.3874157111031314D0,5.819231543670004D0,  0000035P   2005
0.9500982608170331D0,-0.368044925547975D0,5.836709285697497D0,   0000035P   2006
0.9025933477761816D0,-0.3486741399928184D0,5.853322987540016D0,  0000035P   2007
0.8550884347353301D0,-0.3293033544376616D0,5.869067592142446D0,  0000035P   2008
0.8075835216944778D0,-0.3099325688825055D0,5.88393830189021D0,   0000035P   2009
0.7600786086536273D0,-0.2905617833273472D0,5.897930588296722D0,  0000035P   2010
0.7125736956127717D0,-0.2711909977721965D0,5.911040188922908D0,  0000035P   2011
0.6650687825719344D0,-0.2518202122170181D0,5.923263110011651D0,  0000035P   2012
0.6175638695310293D0,-0.2324494266619426D0,5.934595631030491D0,  0000035P   2013
0.5700589564903765D0,-0.2130786411064834D0,5.945034295866387D0,  0000035P   2014
0.5225540434487828D0,-0.1937078555524562D0,5.954575931503961D0,  0000035P   2015
0.4750491304107005D0,-0.1743370699930846D0,5.963217624117773D0,  0000035P   2016
0.4275442173595122D0,-0.1549662844536587D0,5.970956748024955D0,  0000035P   2017
0.3800393043572383D0,-0.1355954988397942D0,5.977790939782406D0,  0000035P   2018
0.3325343911724115D0,-0.1162247135037381D0,5.983718124845425D0,  0000035P   2019
0.285029478668882D0,-0.09685392713088742D0,5.988736490835898D0,  0000035P   2020
0.2375245636227173D0,-0.07748314462740667D0,5.992844513810991D0, 0000035P   2021
0.1900196580657954D0,-0.05811234768324058D0,5.996040945920145D0, 0000035P   2022
0.1425147170945376D0,-0.03874160463244605D0,5.998324784508434D0, 0000035P   2023
0.09500990829138033D0,-0.01937066044885058D0,                    0000035P   2024
5.999695450046127D0,0.04750460623015706D0,                       0000035P   2025
-0.006457198085008409D0,5.999999874886745D0,                     0000035P   2026
0.0158356320987838D0,6.614217248499887D-16,6.000000000000001D0,  0000035P   2027
-7.418115288619192D-16,-6.543417485482884D0,1.2877D-08,          0000035P   2028
6.543467068642793D0,-6.531299529079479D0,1.755326214377606D-06,  0000035P   2029
6.531349020414807D0,-6.507065405881163D0,                        0000035P   2030
0.0003094125344285099D0,6.50711471358089D0,-6.470712782511242D0, 0000035P   2031
0.001684929140178649D0,6.470761814746667D0,-6.434360544605643D0, 0000035P   2032
0.003973614904856896D0,6.434409301379684D0,-6.398008203415193D0, 0000035P   2033
0.007174889240393763D0,6.398056684727068D0,-6.361655889899834D0, 0000035P   2034
0.01128774813356805D0,6.361704095749754D0,-6.325303568968955D0,  0000035P   2035
0.01631094422533403D0,6.325351499356865D0,-6.288951250025063D0,  0000035P   2036
0.02224294696509584D0,6.288998904950977D0,-6.252598930548757D0,  0000035P   2037
0.0290819519142826D0,6.252646310012668D0,-6.216246611215112D0,   0000035P   2038
0.0368258713777738D0,6.216293715217022D0,-6.179894291843239D0,   0000035P   2039
0.04547235057462221D0,6.179941120383152D0,-6.143541972481609D0,  0000035P   2040
0.05501875432373737D0,6.143588525559523D0,-6.107189653117236D0,  0000035P   2041
0.06546217413042829D0,6.107235930733153D0,-6.070837333753596D0,  0000035P   2042
0.07679943115454942D0,6.070883335907512D0,-6.034485014389763D0,  0000035P   2043
0.08902706925137396D0,6.034530741081679D0,-5.998132695025979D0,  0000035P   2044
0.1021413678399546D0,5.998178146255894D0,-5.961780375662179D0,   0000035P   2045
0.1161383273888076D0,5.961825551430097D0,-5.925428056298387D0,   0000035P   2046
0.131013690604815D0,5.925472956604308D0,-5.889075736934593D0,    0000035P   2047
0.1467629201919324D0,5.88912036177851D0,-5.852723417570802D0,    0000035P   2048
0.1633812246274556D0,5.852767766952722D0,-5.816371098207005D0,   0000035P   2049
0.1808635372982453D0,5.816415172126926D0,-5.780018778843213D0,   0000035P   2050
0.1992045381795632D0,5.780062577301133D0,-5.743666459479418D0,   0000035P   2051
0.2183986359835017D0,5.743709982475342D0,-5.707314140115626D0,   0000035P   2052
0.2384399878864303D0,5.707357387649545D0,-5.670961820751831D0,   0000035P   2053
0.2593224864707773D0,5.671004792823753D0,-5.634609501388039D0,   0000035P   2054
0.2810397742304606D0,5.634652197997959D0,-5.598257182024242D0,   0000035P   2055
0.3035852346073806D0,5.598299603172166D0,-5.561904862660452D0,   0000035P   2056
0.3269520013400171D0,5.561947008346374D0,-5.525552543296656D0,   0000035P   2057
0.3511329540325511D0,5.52559441352058D0,-5.489200223932864D0,    0000035P   2058
0.3761207325297786D0,5.489241818694786D0,-5.452847904569067D0,   0000035P   2059
0.401907719848335D0,5.452889223868994D0,-5.416495585205277D0,    0000035P   2060
0.4284860660768823D0,5.416536629043201D0,-5.380143265841483D0,   0000035P   2061
0.4558476758441359D0,5.380184034217408D0,-5.343790946477689D0,   0000035P   2062
0.4839842105465739D0,5.343831439391613D0,-5.307438627113894D0,   0000035P   2063
0.5128871039695683D0,5.307478844565821D0,-5.271086307750101D0,   0000035P   2064
0.5425475515751529D0,5.271126249740028D0,-5.234733988386307D0,   0000035P   2065
0.5729565197298205D0,5.234773654914234D0,-5.198381669022512D0,   0000035P   2066
0.6041047435055654D0,5.198421060088442D0,-5.162029349658718D0,   0000035P   2067
0.6359827382479176D0,5.162068465262647D0,-5.125677030294923D0,   0000035P   2068
0.6685807915027642D0,5.125715870436854D0,-5.089324710931132D0,   0000035P   2069
0.7018889777410263D0,5.089363275611062D0,-5.052972391567337D0,   0000035P   2070
0.7358971495331314D0,5.053010680785269D0,-5.016620072203543D0,   0000035P   2071
0.7705949461264486D0,5.016658085959474D0,-4.980267752839748D0,   0000035P   2072
0.805971803961074D0,4.980305491133681D0,-4.943915433475956D0,    0000035P   2073
0.8420169420292557D0,4.943952896307888D0,-4.907563114112161D0,   0000035P   2074
0.8787193859219032D0,4.907600301482094D0,-4.871210794748369D0,   0000035P   2075
0.9160679522831313D0,4.871247706656302D0,-4.834858475384574D0,   0000035P   2076
0.9540512689455712D0,4.834895111830509D0,-4.79850615602078D0,    0000035P   2077
0.9926577639345845D0,4.798542517004715D0,-4.762153836656987D0,   0000035P   2078
1.03187567731609D0,4.762189922178921D0,-4.725801517293193D0,     0000035P   2079
1.071693066801055D0,4.725837327353129D0,-4.689449197929399D0,    0000035P   2080
1.112097803479689D0,4.689484732527335D0,-4.653096878565605D0,    0000035P   2081
1.15307757728019D0,4.653132137701542D0,-4.61674455920181D0,      0000035P   2082
1.194619909399552D0,4.616779542875749D0,-4.580392239838017D0,    0000035P   2083
1.236712145121604D0,4.580426948049955D0,-4.544039920474224D0,    0000035P   2084
1.279341464114033D0,4.544074353224162D0,-4.507687601110431D0,    0000035P   2085
1.322494882422264D0,4.507721758398367D0,-4.471335281746637D0,    0000035P   2086
1.36615925219691D0,4.471369163572575D0,-4.434982962382843D0,     0000035P   2087
1.410321278790095D0,4.435016568746781D0,-4.398630643019048D0,    0000035P   2088
1.45496750664271D0,4.398663973920987D0,-4.362278323655255D0,     0000035P   2089
1.500084340639065D0,4.362311379095197D0,-4.32592600429146D0,     0000035P   2090
1.545658034801028D0,4.325958784269401D0,-4.289573684927668D0,    0000035P   2091
1.591674710156823D0,4.289606189443609D0,-4.253221365563872D0,    0000035P   2092
1.638120348571682D0,4.253253594617815D0,-4.216869046200078D0,    0000035P   2093
1.684980805556451D0,4.216900999792022D0,-4.180516726836285D0,    0000035P   2094
1.732241807202513D0,4.180548404966228D0,-4.144164407472491D0,    0000035P   2095
1.779888955633495D0,4.144195810140435D0,-4.107812088108699D0,    0000035P   2096
1.827907740263509D0,4.107843215314643D0,-4.071459768744903D0,    0000035P   2097
1.876283535312471D0,4.071490620488848D0,-4.035107449381111D0,    0000035P   2098
1.925001604486608D0,4.035138025663056D0,-3.998755130017316D0,    0000035P   2099
1.974047108741095D0,3.998785430837262D0,-3.962402810653523D0,    0000035P   2100
2.023405112549011D0,3.962432836011469D0,-3.92605049128973D0,     0000035P   2101
2.07306057506286D0,3.926080241185677D0,-3.889698171925935D0,     0000035P   2102
2.122998379199548D0,3.889727646359882D0,-3.853345852562141D0,    0000035P   2103
2.173203308138951D0,3.853375051534089D0,-3.816993533198348D0,    0000035P   2104
2.223660074244647D0,3.817022456708295D0,-3.780641213834554D0,    0000035P   2105
2.274353304882463D0,3.780669861882502D0,-3.744288894470761D0,    0000035P   2106
2.325267564225503D0,3.744317267056709D0,-3.707936575106966D0,    0000035P   2107
2.376387340215525D0,3.707964672230915D0,-3.67158425574317D0,     0000035P   2108
2.427697062912395D0,3.671612077405122D0,-3.635231936379378D0,    0000035P   2109
2.479181104134893D0,3.635259482579329D0,-3.598879617015584D0,    0000035P   2110
2.530823784548031D0,3.598906887753536D0,-3.562527297651791D0,    0000035P   2111
2.582609369672984D0,3.562554292927743D0,-3.526174978287996D0,    0000035P   2112
2.634522090760036D0,3.526201698101948D0,-3.489822658924203D0,    0000035P   2113
2.686546131286875D0,3.489849103276157D0,-3.453470339560409D0,    0000035P   2114
2.738665648092468D0,3.453496508450363D0,-3.417118020196615D0,    0000035P   2115
2.790864766343256D0,3.417143913624569D0,-3.380765700832821D0,    0000035P   2116
2.84312758453451D0,3.380791318798776D0,-3.344413381469026D0,     0000035P   2117
2.895438183518703D0,3.344438723972983D0,-3.308061062105234D0,    0000035P   2118
2.947780633390678D0,3.30808612914719D0,-3.27170874274144D0,      0000035P   2119
3.000138986918584D0,3.271733534321397D0,-3.235356423377648D0,    0000035P   2120
3.052497298934986D0,3.235380939495604D0,-3.199004104013852D0,    0000035P   2121
3.104839621341475D0,3.19902834466981D0,-3.162651784650058D0,     0000035P   2122
3.157150009699117D0,3.162675749844017D0,-3.126299465286265D0,    0000035P   2123
3.209412531862057D0,3.126323155018224D0,-3.089947145922471D0,    0000035P   2124
3.261611268852654D0,3.08997056019243D0,-3.053594826558678D0,     0000035P   2125
3.313730320727323D0,3.053617965366636D0,-3.017242507194885D0,    0000035P   2126
3.365753812238054D0,3.017265370540844D0,-2.980890187831089D0,    0000035P   2127
3.417665900320468D0,2.98091277571505D0,-2.944537868467296D0,     0000035P   2128
3.469450768480078D0,2.944560180889257D0,-2.908185549103503D0,    0000035P   2129
3.52109264775922D0,2.908207586063464D0,-2.871833229739708D0,     0000035P   2130
3.572575804483042D0,2.871854991237671D0,-2.835480910375915D0,    0000035P   2131
3.623884562308612D0,2.835502396411877D0,-2.799128591012121D0,    0000035P   2132
3.675003286282515D0,2.799149801586084D0,-2.762776271648327D0,    0000035P   2133
3.725916412561329D0,2.76279720676029D0,-2.726423952284534D0,     0000035P   2134
3.776608429472169D0,2.726444611934497D0,-2.69007163292074D0,     0000035P   2135
3.827063899549994D0,2.690092017108705D0,-2.653719313556945D0,    0000035P   2136
3.877267450327853D0,2.65373942228291D0,-2.617366994193151D0,     0000035P   2137
3.927203795138595D0,2.617386827457118D0,-2.581014674829358D0,    0000035P   2138
3.976857719117765D0,2.581034232631324D0,-2.544662355465564D0,    0000035P   2139
4.026214102390343D0,2.544681637805531D0,-2.50831003610177D0,     0000035P   2140
4.075257907320861D0,2.508329042979738D0,-2.471957716737977D0,    0000035P   2141
4.123974200326217D0,2.471976448153944D0,-2.435605397374183D0,    0000035P   2142
4.172348137374269D0,2.435623853328151D0,-2.399253078010387D0,    0000035P   2143
4.22036498817671D0,2.399271258502358D0,-2.362900758646596D0,     0000035P   2144
4.26801012591889D0,2.362918663676565D0,-2.326548439282802D0,     0000035P   2145
4.315269038147733D0,2.326566068850772D0,-2.290196119919007D0,    0000035P   2146
4.362127329490178D0,2.290213474024978D0,-2.253843800555213D0,    0000035P   2147
4.408570729891558D0,2.253860879199185D0,-2.21749148119142D0,     0000035P   2148
4.45458508894359D0,2.217508284373391D0,-2.181139161827626D0,     0000035P   2149
4.500156396334083D0,2.181155689547598D0,-2.144786842463832D0,    0000035P   2150
4.545270765720072D0,2.144803094721806D0,-2.108434523100038D0,    0000035P   2151
4.589914460785625D0,2.108450499896011D0,-2.072082203736245D0,    0000035P   2152
4.634073879137429D0,2.072097905070219D0,-2.035729884372451D0,    0000035P   2153
4.677735572664659D0,2.035745310244424D0,-1.999377565008657D0,    0000035P   2154
4.720886242203936D0,1.999392715418632D0,-1.963025245644863D0,    0000035P   2155
4.763512744519604D0,1.963040120592838D0,-1.926672926281069D0,    0000035P   2156
4.80560209371765D0,1.926687525767045D0,-1.890320606917276D0,     0000035P   2157
4.847141472609796D0,1.890334930941252D0,-1.853968287553481D0,    0000035P   2158
4.888118227843161D0,1.853982336115458D0,-1.817615968189687D0,    0000035P   2159
4.928519878017561D0,1.817629741289665D0,-1.781263648825894D0,    0000035P   2160
4.968334116086599D0,1.781277146463873D0,-1.7449113294621D0,      0000035P   2161
5.007548815636044D0,1.744924551638078D0,-1.708559010098307D0,    0000035P   2162
5.046152033369225D0,1.708571956812286D0,-1.672206690734512D0,    0000035P   2163
5.084132010887054D0,1.672219361986492D0,-1.635854371370719D0,    0000035P   2164
5.121477177082565D0,1.635866767160699D0,-1.599502052006925D0,    0000035P   2165
5.158176160782686D0,1.599514172334906D0,-1.56314973264313D0,     0000035P   2166
5.194217779786686D0,1.563161577509112D0,-1.526797413279337D0,    0000035P   2167
5.229591060070573D0,1.526808982683319D0,-1.490445093915543D0,    0000035P   2168
5.264285223931023D0,1.490456387857525D0,-1.45409277455175D0,     0000035P   2169
5.298289706205337D0,1.454103793031732D0,-1.417740455187956D0,    0000035P   2170
5.331594149247635D0,1.417751198205939D0,-1.381388135824162D0,    0000035P   2171
5.364188406804129D0,1.381398603380146D0,-1.345035816460368D0,    0000035P   2172
5.396062551535851D0,1.345046008554353D0,-1.308683497096575D0,    0000035P   2173
5.427206877052467D0,1.308693413728559D0,-1.272331177732781D0,    0000035P   2174
5.457611894254277D0,1.272340818902766D0,-1.235978858368987D0,    0000035P   2175
5.487268343930422D0,1.235988224076973D0,-1.199626539005193D0,    0000035P   2176
5.516167192024035D0,1.19963562925118D0,-1.163274219641399D0,     0000035P   2177
5.544299635973436D0,1.163283034425386D0,-1.126921900277605D0,    0000035P   2178
5.57165710808222D0,1.126930439599593D0,-1.090569580913812D0,     0000035P   2179
5.598231273697684D0,1.0905778447738D0,-1.054217261550018D0,      0000035P   2180
5.624014041127044D0,1.054225249948007D0,-1.017864942186224D0,    0000035P   2181
5.648997553794139D0,1.017872655122213D0,-0.9815126228224301D0,   0000035P   2182
5.67317420569639D0,0.9815200602964197D0,-0.9451603034586362D0,   0000035P   2183
5.696536629420297D0,0.9451674654706262D0,-0.9088079840948425D0,  0000035P   2184
5.71907771062242D0,0.9088148706448331D0,-0.8724556647310485D0,   0000035P   2185
5.740790584090022D0,0.8724622758190397D0,-0.836103345367255D0,   0000035P   2186
5.761668635017494D0,0.8361096809932467D0,-0.799751026003461D0,   0000035P   2187
5.781705503840001D0,0.7997570861674531D0,-0.7633987066396674D0,  0000035P   2188
5.800895089622499D0,0.7634044913416599D0,-0.7270463872758733D0,  0000035P   2189
5.819231543670003D0,0.7270518965158666D0,-0.6906940679120797D0,  0000035P   2190
5.836709285697497D0,0.6906993016900734D0,-0.654341748548286D0,   0000035P   2191
5.853322987540014D0,0.6543467068642801D0,-0.6179894291844919D0,  0000035P   2192
5.869067592142446D0,0.6179941120384865D0,-0.5816371098206987D0,  0000035P   2193
5.883938301890208D0,0.5816415172126941D0,-0.545284790456902D0,   0000035P   2194
5.89793058829672D0,0.545288922386898D0,-0.5089324710931191D0,    0000035P   2195
5.911040188922907D0,0.5089363275611155D0,-0.4725801517292846D0,  0000035P   2196
5.92326311001165D0,0.4725837327352815D0,-0.4362278323656429D0,   0000035P   2197
5.934595631030493D0,0.4362311379096403D0,-0.3998755130012814D0,  0000035P   2198
5.945034295866386D0,0.3998785430832793D0,-0.3635231936396069D0,  0000035P   2199
5.95457593150396D0,0.3635259482596054D0,-0.3271708742679029D0,   0000035P   2200
5.963217624117772D0,0.3271733534259019D0,-0.2908185549336304D0,  0000035P   2201
5.970956748024955D0,0.2908207586296301D0,-0.254466235459662D0,   0000035P   2202
5.977790939782406D0,0.2544681636936614D0,-0.2181139165070448D0,  0000035P   2203
5.983718124845424D0,0.2181155692790478D0,-0.1817615956087196D0,  0000035P   2204
5.988736490835896D0,0.1817629729187115D0,-0.1454092819718746D0,  0000035P   2205
5.992844513810991D0,0.1454103838199104D0,-0.1090569412348169D0,  0000035P   2206
5.996040945920143D0,0.1090577676206913D0,-0.07270470163712971D0, 0000035P   2207
5.998324784508432D0,0.07270525256160905D0,                       0000035P   2208
-0.03635208458217341D0,5.999695450046127D0,                      0000035P   2209
0.03635236004239752D0,-0.01211794567200639D0,                    0000035P   2210
5.999999874886746D0,0.01211803749650996D0,2.766418132265829D-15, 0000035P   2211
6.0D0,9.452051669274321D-16,-8.550850500613901D0,1.2877D-08,     0000035P   2212
3.486850741586501D0,-8.535014917173237D0,1.755326214377607D-06,  0000035P   2213
3.480393335289947D0,-8.503346088928366D0,0.00030941253442851D0,  0000035P   2214
3.467479476341897D0,-8.455840966653812D0,0.001684929140178649D0, 0000035P   2215
3.448107921334556D0,-8.408336348098878D0,0.003973614904856896D0, 0000035P   2216
3.428736571733116D0,-8.360831594572687D0,0.007174889240393765D0, 0000035P   2217
3.409365167093333D0,-8.313326877211932D0,0.01128774813356805D0,  0000035P   2218
3.389993777201028D0,-8.265822150160677D0,0.01631094422533403D0,  0000035P   2219
3.370622383357147D0,-8.218317425705987D0,0.02224294696509585D0,  0000035P   2220
3.351250990572089D0,-8.170812700555546D0,0.0290819519142826D0,   0000035P   2221
3.33187959750332D0,-8.123307975591533D0,0.0368258713777738D0,    0000035P   2222
3.312508204510571D0,-8.075803250577565D0,0.04547235057462221D0,  0000035P   2223
3.293136811497452D0,-8.028298525576982D0,0.05501875432373739D0,  0000035P   2224
3.273765418489791D0,-7.980793800572817D0,0.06546217413042831D0,  0000035P   2225
3.254394025480669D0,-7.933289075569605D0,0.07679943115454946D0,  0000035P   2226
3.235022632471938D0,-7.885784350566144D0,0.08902706925137402D0,  0000035P   2227
3.215651239463102D0,-7.838279625562746D0,0.1021413678399546D0,   0000035P   2228
3.196279846454294D0,-7.790774900559331D0,0.1161383273888076D0,   0000035P   2229
3.176908453445478D0,-7.743270175555924D0,0.1310136906048151D0,   0000035P   2230
3.157537060436666D0,-7.69576545055251D0,0.1467629201919324D0,    0000035P   2231
3.138165667427851D0,-7.648260725549103D0,0.1633812246274556D0,   0000035P   2232
3.118794274419037D0,-7.600756000545691D0,0.1808635372982453D0,   0000035P   2233
3.099422881410223D0,-7.553251275542278D0,0.1992045381795634D0,   0000035P   2234
3.080051488401409D0,-7.505746550538871D0,0.2183986359835017D0,   0000035P   2235
3.060680095392595D0,-7.458241825535459D0,0.2384399878864303D0,   0000035P   2236
3.041308702383782D0,-7.41073710053205D0,0.2593224864707774D0,    0000035P   2237
3.021937309374969D0,-7.363232375528638D0,0.2810397742304606D0,   0000035P   2238
3.002565916366154D0,-7.315727650525225D0,0.3035852346073807D0,   0000035P   2239
2.983194523357339D0,-7.26822292552182D0,0.3269520013400172D0,    0000035P   2240
2.963823130348527D0,-7.220718200518403D0,0.3511329540325512D0,   0000035P   2241
2.944451737339711D0,-7.173213475514999D0,0.3761207325297787D0,   0000035P   2242
2.925080344330899D0,-7.125708750511586D0,0.4019077198483349D0,   0000035P   2243
2.905708951322084D0,-7.078204025508176D0,0.4284860660768824D0,   0000035P   2244
2.88633755831327D0,-7.030699300504764D0,0.4558476758441361D0,    0000035P   2245
2.866966165304457D0,-6.983194575501353D0,0.4839842105465741D0,   0000035P   2246
2.847594772295643D0,-6.935689850497944D0,0.5128871039695685D0,   0000035P   2247
2.828223379286829D0,-6.888185125494534D0,0.5425475515751528D0,   0000035P   2248
2.808851986278015D0,-6.84068040049112D0,0.5729565197298207D0,    0000035P   2249
2.789480593269201D0,-6.793175675487714D0,0.6041047435055656D0,   0000035P   2250
2.770109200260387D0,-6.745670950484299D0,0.635982738247918D0,    0000035P   2251
2.750737807251573D0,-6.698166225480891D0,0.6685807915027641D0,   0000035P   2252
2.731366414242759D0,-6.650661500477479D0,0.7018889777410264D0,   0000035P   2253
2.711995021233945D0,-6.60315677547407D0,0.7358971495331316D0,    0000035P   2254
2.692623628225131D0,-6.55565205047066D0,0.7705949461264489D0,    0000035P   2255
2.673252235216317D0,-6.508147325467249D0,0.8059718039610742D0,   0000035P   2256
2.653880842207503D0,-6.460642600463838D0,0.8420169420292559D0,   0000035P   2257
2.63450944919869D0,-6.413137875460428D0,0.8787193859219034D0,    0000035P   2258
2.615138056189875D0,-6.365633150457017D0,0.9160679522831317D0,   0000035P   2259
2.595766663181062D0,-6.318128425453606D0,0.9540512689455712D0,   0000035P   2260
2.576395270172248D0,-6.270623700450198D0,0.9926577639345848D0,   0000035P   2261
2.557023877163434D0,-6.223118975446785D0,1.03187567731609D0,     0000035P   2262
2.53765248415462D0,-6.175614250443374D0,1.071693066801056D0,     0000035P   2263
2.518281091145806D0,-6.128109525439965D0,1.112097803479689D0,    0000035P   2264
2.498909698136992D0,-6.080604800436554D0,1.15307757728019D0,     0000035P   2265
2.479538305128179D0,-6.033100075433143D0,1.194619909399552D0,    0000035P   2266
2.460166912119365D0,-5.985595350429733D0,1.236712145121604D0,    0000035P   2267
2.440795519110551D0,-5.938090625426322D0,1.279341464114033D0,    0000035P   2268
2.421424126101737D0,-5.890585900422911D0,1.322494882422264D0,    0000035P   2269
2.402052733092923D0,-5.843081175419502D0,1.366159252196911D0,    0000035P   2270
2.382681340084109D0,-5.79557645041609D0,1.410321278790095D0,     0000035P   2271
2.363309947075295D0,-5.748071725412681D0,1.45496750664271D0,     0000035P   2272
2.343938554066481D0,-5.700567000409269D0,1.500084340639066D0,    0000035P   2273
2.324567161057667D0,-5.653062275405858D0,1.545658034801029D0,    0000035P   2274
2.305195768048853D0,-5.60555755040245D0,1.591674710156823D0,     0000035P   2275
2.28582437504004D0,-5.558052825399037D0,1.638120348571682D0,     0000035P   2276
2.266452982031225D0,-5.510548100395628D0,1.684980805556451D0,    0000035P   2277
2.247081589022411D0,-5.463043375392216D0,1.732241807202515D0,    0000035P   2278
2.227710196013597D0,-5.415538650388806D0,1.779888955633495D0,    0000035P   2279
2.208338803004784D0,-5.368033925385395D0,1.827907740263509D0,    0000035P   2280
2.18896740999597D0,-5.320529200381984D0,1.876283535312472D0,     0000035P   2281
2.169596016987155D0,-5.273024475378575D0,1.925001604486609D0,    0000035P   2282
2.150224623978343D0,-5.225519750375164D0,1.974047108741096D0,    0000035P   2283
2.130853230969529D0,-5.178015025371753D0,2.023405112549011D0,    0000035P   2284
2.111481837960714D0,-5.130510300368343D0,2.073060575062862D0,    0000035P   2285
2.092110444951901D0,-5.083005575364933D0,2.122998379199547D0,    0000035P   2286
2.072739051943087D0,-5.035500850361522D0,2.173203308138952D0,    0000035P   2287
2.053367658934273D0,-4.98799612535811D0,2.223660074244647D0,     0000035P   2288
2.03399626592546D0,-4.940491400354703D0,2.274353304882463D0,     0000035P   2289
2.014624872916646D0,-4.89298667535129D0,2.325267564225504D0,     0000035P   2290
1.995253479907832D0,-4.845481950347879D0,2.376387340215527D0,    0000035P   2291
1.975882086899018D0,-4.797977225344471D0,2.427697062912396D0,    0000035P   2292
1.956510693890203D0,-4.750472500341058D0,2.479181104134894D0,    0000035P   2293
1.93713930088139D0,-4.702967775337648D0,2.530823784548031D0,     0000035P   2294
1.917767907872576D0,-4.655463050334239D0,2.582609369672984D0,    0000035P   2295
1.898396514863762D0,-4.607958325330825D0,2.634522090760036D0,    0000035P   2296
1.879025121854948D0,-4.560453600327416D0,2.686546131286875D0,    0000035P   2297
1.859653728846135D0,-4.512948875324005D0,2.738665648092467D0,    0000035P   2298
1.84028233583732D0,-4.465444150320595D0,2.790864766343256D0,     0000035P   2299
1.820910942828507D0,-4.417939425317186D0,2.843127584534511D0,    0000035P   2300
1.801539549819692D0,-4.370434700313775D0,2.895438183518704D0,    0000035P   2301
1.782168156810879D0,-4.322929975310362D0,2.947780633390678D0,    0000035P   2302
1.762796763802065D0,-4.275425250306952D0,3.000138986918585D0,    0000035P   2303
1.74342537079325D0,-4.227920525303543D0,3.052497298934985D0,     0000035P   2304
1.724053977784437D0,-4.180415800300132D0,3.104839621341476D0,    0000035P   2305
1.704682584775623D0,-4.132911075296723D0,3.157150009699117D0,    0000035P   2306
1.685311191766809D0,-4.085406350293312D0,3.209412531862058D0,    0000035P   2307
1.665939798757996D0,-4.037901625289901D0,3.261611268852656D0,    0000035P   2308
1.646568405749181D0,-3.99039690028649D0,3.313730320727324D0,     0000035P   2309
1.627197012740368D0,-3.942892175283079D0,3.365753812238053D0,    0000035P   2310
1.607825619731554D0,-3.895387450279668D0,3.417665900320469D0,    0000035P   2311
1.588454226722739D0,-3.847882725276258D0,3.469450768480078D0,    0000035P   2312
1.569082833713926D0,-3.800378000272848D0,3.52109264775922D0,     0000035P   2313
1.549711440705112D0,-3.752873275269437D0,3.572575804483044D0,    0000035P   2314
1.530340047696298D0,-3.705368550266027D0,3.623884562308611D0,    0000035P   2315
1.510968654687484D0,-3.657863825262617D0,3.675003286282516D0,    0000035P   2316
1.491597261678671D0,-3.610359100259205D0,3.72591641256133D0,     0000035P   2317
1.472225868669856D0,-3.562854375255794D0,3.77660842947217D0,     0000035P   2318
1.452854475661042D0,-3.515349650252385D0,3.827063899549995D0,    0000035P   2319
1.433483082652229D0,-3.467844925248974D0,3.877267450327854D0,    0000035P   2320
1.414111689643415D0,-3.420340200245563D0,3.927203795138597D0,    0000035P   2321
1.3947402966346D0,-3.372835475242153D0,3.976857719117765D0,      0000035P   2322
1.375368903625787D0,-3.325330750238742D0,4.026214102390345D0,    0000035P   2323
1.355997510616973D0,-3.277826025235332D0,4.075257907320862D0,    0000035P   2324
1.336626117608159D0,-3.230321300231921D0,4.123974200326219D0,    0000035P   2325
1.317254724599345D0,-3.182816575228511D0,4.172348137374269D0,    0000035P   2326
1.297883331590531D0,-3.1353118502251D0,4.22036498817671D0,       0000035P   2327
1.278511938581717D0,-3.08780712522169D0,4.268010125918891D0,     0000035P   2328
1.259140545572903D0,-3.04030240021828D0,4.315269038147735D0,     0000035P   2329
1.23976915256409D0,-2.992797675214868D0,4.362127329490178D0,     0000035P   2330
1.220397759555275D0,-2.94529295021146D0,4.408570729891559D0,     0000035P   2331
1.201026366546462D0,-2.897788225208048D0,4.454585088943589D0,    0000035P   2332
1.181654973537648D0,-2.850283500204637D0,4.500156396334085D0,    0000035P   2333
1.162283580528834D0,-2.802778775201228D0,4.545270765720074D0,    0000035P   2334
1.14291218752002D0,-2.755274050197816D0,4.589914460785626D0,     0000035P   2335
1.123540794511206D0,-2.707769325194406D0,4.63407387913743D0,     0000035P   2336
1.104169401502392D0,-2.660264600190994D0,4.67773557266466D0,     0000035P   2337
1.084798008493578D0,-2.612759875187585D0,4.720886242203935D0,    0000035P   2338
1.065426615484765D0,-2.565255150184174D0,4.763512744519605D0,    0000035P   2339
1.04605522247595D0,-2.517750425180763D0,4.80560209371765D0,      0000035P   2340
1.026683829467137D0,-2.470245700177353D0,4.847141472609798D0,    0000035P   2341
1.007312436458323D0,-2.422740975173942D0,4.888118227843163D0,    0000035P   2342
0.9879410434495091D0,-2.375236250170532D0,4.928519878017561D0,   0000035P   2343
0.968569650440695D0,-2.327731525167121D0,4.9683341160866D0,      0000035P   2344
0.9491982574318811D0,-2.28022680016371D0,5.007548815636045D0,    0000035P   2345
0.929826864423067D0,-2.232722075160301D0,5.046152033369227D0,    0000035P   2346
0.9104554714142533D0,-2.185217350156889D0,5.084132010887053D0,   0000035P   2347
0.8910840784054392D0,-2.137712625153479D0,5.121477177082568D0,   0000035P   2348
0.8717126853966255D0,-2.090207900150069D0,5.15817616078269D0,    0000035P   2349
0.852341292387812D0,-2.042703175146658D0,5.194217779786687D0,    0000035P   2350
0.8329698993789978D0,-1.995198450143248D0,5.229591060070574D0,   0000035P   2351
0.8135985063701841D0,-1.947693725139837D0,5.264285223931024D0,   0000035P   2352
0.7942271133613698D0,-1.900189000136427D0,5.298289706205338D0,   0000035P   2353
0.7748557203525562D0,-1.852684275133015D0,5.331594149247636D0,   0000035P   2354
0.7554843273437419D0,-1.805179550129605D0,5.364188406804129D0,   0000035P   2355
0.7361129343349283D0,-1.757674825126195D0,5.396062551535852D0,   0000035P   2356
0.7167415413261143D0,-1.710170100122784D0,5.427206877052471D0,   0000035P   2357
0.6973701483173003D0,-1.662665375119373D0,5.457611894254278D0,   0000035P   2358
0.6779987553084866D0,-1.615160650115964D0,5.487268343930423D0,   0000035P   2359
0.6586273622996728D0,-1.567655925112553D0,5.516167192024036D0,   0000035P   2360
0.6392559692908586D0,-1.520151200109142D0,5.54429963597344D0,    0000035P   2361
0.619884576282045D0,-1.472646475105732D0,5.571657108082222D0,    0000035P   2362
0.6005131832732311D0,-1.425141750102321D0,5.598231273697685D0,   0000035P   2363
0.581141790264417D0,-1.37763702509891D0,5.624014041127046D0,     0000035P   2364
0.5617703972556032D0,-1.3301323000955D0,5.648997553794143D0,     0000035P   2365
0.5423990042467892D0,-1.28262757509209D0,5.673174205696394D0,    0000035P   2366
0.5230276112379755D0,-1.235122850088679D0,5.696536629420301D0,   0000035P   2367
0.5036562182291615D0,-1.187618125085268D0,5.71907771062242D0,    0000035P   2368
0.4842848252203477D0,-1.140113400081858D0,5.740790584090023D0,   0000035P   2369
0.4649134322115338D0,-1.092608675078447D0,5.761668635017497D0,   0000035P   2370
0.44554203920272D0,-1.045103950075037D0,5.781705503840004D0,     0000035P   2371
0.426170646193906D0,-0.9975992250716261D0,5.8008950896225D0,     0000035P   2372
0.4067992531850921D0,-0.9500945000682155D0,5.819231543670004D0,  0000035P   2373
0.3874278601762782D0,-0.902589775064805D0,5.836709285697496D0,   0000035P   2374
0.3680564671674643D0,-0.8550850500613946D0,5.853322987540017D0,  0000035P   2375
0.3486850741586505D0,-0.8075803250579837D0,5.869067592142446D0,  0000035P   2376
0.3293136811498365D0,-0.7600756000545742D0,5.883938301890209D0,  0000035P   2377
0.309942288141023D0,-0.7125708750511598D0,5.897930588296724D0,   0000035P   2378
0.2905708951322075D0,-0.6650661500477637D0,5.911040188922908D0,  0000035P   2379
0.2711995021233994D0,-0.6175614250442999D0,5.923263110011652D0,  0000035P   2380
0.2518281091145638D0,-0.5700567000410881D0,5.934595631030493D0,  0000035P   2381
0.2324567161058311D0,-0.5225519750369354D0,5.945034295866388D0,  0000035P   2382
0.2130853230967145D0,-0.4750472500362947D0,5.954575931503962D0,  0000035P   2383
0.19371393008903D0,-0.4275425250225473D0,5.963217624117773D0,    0000035P   2384
0.174342537076001D0,-0.3800378000577146D0,5.970956748024955D0,   0000035P   2385
0.1549711440829183D0,-0.3325330749103295D0,5.977790939782408D0,  0000035P   2386
0.1355997510153948D0,-0.2850283504442388D0,5.983718124845424D0,  0000035P   2387
0.1162283582256882D0,-0.2375236234355233D0,5.988736490835898D0,  0000035P   2388
0.09685696439915457D0,-0.1900189059160129D0,5.992844513810992D0, 0000035P   2389
0.07748557444211231D0,-0.1425141529823069D0,5.996040945920146D0, 0000035P   2390
0.05811417004393175D0,-0.09500953221617815D0,                    0000035P   2391
5.998324784508434D0,0.03874281954081286D0,                       0000035P   2392
-0.04750441819393588D0,5.999695450046128D0,                      0000035P   2393
0.01937126789858563D0,-0.01583556941702554D0,                    0000035P   2394
5.999999874886746D0,0.00645740057801526D0,                       0000035P   2395
-4.810459303835419D-15,6.000000000000001D0,                      0000035P   2396
3.517915355690211D-16,-9.215565954203475D0,1.2877D-08,           0000035P   2397
-2.604627914341254D-05,-9.198499363738554D0,                     0000035P   2398
1.755326214377607D-06,-2.599804323611267D-05,                    0000035P   2399
-9.164368703243204D0,0.0003094125344285101D0,                    0000035P   2400
-2.590157854692385D-05,-9.113170686455023D0,                     0000035P   2401
0.001684929140178649D0,-2.575687578547782D-05,                   0000035P   2402
-9.061973212543999D0,0.003973614904856896D0,                     0000035P   2403
-2.561217455931432D-05,-9.010775593169484D0,                     0000035P   2404
0.007174889240393764D0,-2.546747292190091D-05,                   0000035P   2405
-8.959578012771791D0,0.01128774813356805D0,                      0000035P   2406
-2.532277139470282D-05,-8.908380421930289D0,                     0000035P   2407
0.01631094422533403D0,-2.517806983726037D-05,                    0000035P   2408
-8.857182833887203D0,0.02224294696509585D0,                      0000035P   2409
-2.503336828774729D-05,-8.805985245094277D0,                     0000035P   2410
0.0290819519142826D0,-2.488866673707303D-05,                     0000035P   2411
-8.754787656502275D0,0.03682587137777381D0,                      0000035P   2412
-2.474396518618383D-05,-8.703590067856434D0,                     0000035P   2413
0.04547235057462221D0,-2.459926363562341D-05,                    0000035P   2414
-8.652392479225016D0,0.05501875432373738D0,                      0000035P   2415
-2.445456208421173D-05,-8.60119489058974D0,                      0000035P   2416
0.06546217413042831D0,-2.430986053393776D-05,                    0000035P   2417
-8.549997301955491D0,0.07679943115454943D0,                      0000035P   2418
-2.416515898300708D-05,-8.498799713320972D0,                     0000035P   2419
0.08902706925137399D0,-2.402045743244617D-05,                    0000035P   2420
-8.447602124686522D0,0.1021413678399546D0,                       0000035P   2421
-2.387575588170502D-05,-8.396404536052051D0,                     0000035P   2422
0.1161383273888076D0,-2.37310543306759D-05,-8.345206947417594D0, 0000035P   2423
0.131013690604815D0,-2.358635277973373D-05,-8.294009358783125D0, 0000035P   2424
0.1467629201919324D0,-2.344165122858757D-05,                     0000035P   2425
-8.242811770148666D0,0.1633812246274556D0,                       0000035P   2426
-2.329694967776244D-05,-8.191614181514201D0,                     0000035P   2427
0.1808635372982453D0,-2.31522481276305D-05,-8.140416592879737D0, 0000035P   2428
0.1992045381795633D0,-2.300754657647534D-05,                     0000035P   2429
-8.089219004245274D0,0.2183986359835017D0,                       0000035P   2430
-2.286284502588126D-05,-8.038021415610809D0,                     0000035P   2431
0.2384399878864303D0,-2.271814347483414D-05,                     0000035P   2432
-7.986823826976345D0,0.2593224864707774D0,                       0000035P   2433
-2.257344192401503D-05,-7.935626238341881D0,                     0000035P   2434
0.2810397742304606D0,-2.242874037365199D-05,                     0000035P   2435
-7.884428649707418D0,0.3035852346073806D0,                       0000035P   2436
-2.228403882239183D-05,-7.833231061072955D0,                     0000035P   2437
0.3269520013400171D0,-2.21393372716717D-05,-7.782033472438489D0, 0000035P   2438
0.3511329540325512D0,-2.199463572064258D-05,                     0000035P   2439
-7.730835883804026D0,0.3761207325297786D0,                       0000035P   2440
-2.184993417038157D-05,-7.679638295169563D0,                     0000035P   2441
0.4019077198483349D0,-2.170523261934339D-05,                     0000035P   2442
-7.628440706535099D0,0.4284860660768823D0,                       0000035P   2443
-2.156053106863834D-05,-7.577243117900635D0,                     0000035P   2444
0.4558476758441359D0,-2.141582951793324D-05,                     0000035P   2445
-7.526045529266173D0,0.4839842105465741D0,-2.12711279668891D-05, 0000035P   2446
-7.474847940631706D0,0.5128871039695684D0,                       0000035P   2447
-2.112642641629805D-05,-7.423650351997245D0,                     0000035P   2448
0.5425475515751528D0,-2.098172486525386D-05,                     0000035P   2449
-7.372452763362779D0,0.5729565197298205D0,                       0000035P   2450
-2.083702331454881D-05,-7.321255174728315D0,                     0000035P   2451
0.6041047435055656D0,-2.069232176361868D-05,                     0000035P   2452
-7.270057586093851D0,0.6359827382479176D0,                       0000035P   2453
-2.054762021268854D-05,-7.218859997459387D0,                     0000035P   2454
0.6685807915027642D0,-2.040291866210346D-05,                     0000035P   2455
-7.167662408824928D0,0.7018889777410264D0,                       0000035P   2456
-2.025821711162045D-05,-7.116464820190462D0,                     0000035P   2457
0.7358971495331315D0,-2.011351556046524D-05,                     0000035P   2458
-7.065267231555996D0,0.7705949461264489D0,                       0000035P   2459
-1.996881400953511D-05,-7.014069642921533D0,0.805971803961074D0, 0000035P   2460
-1.982411245849699D-05,-6.962872054287072D0,0.842016942029256D0, 0000035P   2461
-1.967941090801393D-05,-6.911674465652606D0,                     0000035P   2462
0.8787193859219031D0,-1.953470935742288D-05,                     0000035P   2463
-6.860476877018144D0,0.9160679522831315D0,                       0000035P   2464
-1.939000780671479D-05,-6.80927928838368D0,0.9540512689455712D0, 0000035P   2465
-1.924530625578466D-05,-6.758081699749215D0,                     0000035P   2466
0.9926577639345846D0,-1.910060470519659D-05,                     0000035P   2467
-6.706884111114752D0,1.031875677316091D0,-1.895590315381337D-05, 0000035P   2468
-6.65568652248029D0,1.071693066801056D0,-1.881120160288324D-05,  0000035P   2469
-6.604488933845822D0,1.112097803479689D0,-1.866650005263128D-05, 0000035P   2470
-6.553291345211361D0,1.15307757728019D0,-1.852179850169811D-05,  0000035P   2471
-6.502093756576896D0,1.194619909399552D0,-1.837709695111308D-05, 0000035P   2472
-6.450896167942432D0,1.236712145121604D0,-1.823239539995488D-05, 0000035P   2473
-6.399698579307969D0,1.279341464114034D0,-1.808769384936085D-05, 0000035P   2474
-6.348500990673504D0,1.322494882422264D0,-1.794299229865873D-05, 0000035P   2475
-6.297303402039042D0,1.366159252196911D0,-1.779829074772561D-05, 0000035P   2476
-6.246105813404577D0,1.410321278790096D0,-1.765358919690949D-05, 0000035P   2477
-6.194908224770112D0,1.45496750664271D0,-1.750888764586833D-05,  0000035P   2478
-6.14371063613565D0,1.500084340639066D0,-1.736418609504922D-05,  0000035P   2479
-6.092513047501186D0,1.545658034801028D0,-1.721948454445817D-05, 0000035P   2480
-6.041315458866723D0,1.591674710156823D0,-1.707478299363906D-05, 0000035P   2481
-5.990117870232258D0,1.638120348571682D0,-1.693008144294003D-05, 0000035P   2482
-5.938920281597793D0,1.684980805556452D0,-1.678537989189286D-05, 0000035P   2483
-5.88772269296333D0,1.732241807202514D0,-1.664067834130181D-05,  0000035P   2484
-5.836525104328866D0,1.779888955633495D0,-1.649597679025762D-05, 0000035P   2485
-5.785327515694405D0,1.827907740263509D0,-1.635127523944154D-05, 0000035P   2486
-5.734129927059938D0,1.876283535312472D0,-1.620657368874245D-05, 0000035P   2487
-5.682932338425475D0,1.925001604486609D0,-1.606187213814539D-05, 0000035P   2488
-5.631734749791011D0,1.974047108741096D0,-1.591717058721526D-05, 0000035P   2489
-5.580537161156547D0,2.023405112549011D0,-1.577246903651319D-05, 0000035P   2490
-5.529339572522085D0,2.073060575062861D0,-1.562776748558002D-05, 0000035P   2491
-5.47814198388762D0,2.122998379199548D0,-1.548306593499195D-05,  0000035P   2492
-5.426944395253156D0,2.173203308138952D0,-1.533836438394483D-05, 0000035P   2493
-5.375746806618694D0,2.223660074244647D0,-1.519366283346475D-05, 0000035P   2494
-5.324549217984229D0,2.274353304882463D0,-1.504896128253467D-05, 0000035P   2495
-5.273351629349767D0,2.325267564225504D0,-1.49042597320006D-05,  0000035P   2496
-5.222154040715301D0,2.376387340215526D0,-1.475955818084544D-05, 0000035P   2497
-5.170956452080837D0,2.427697062912396D0,-1.461485663014332D-05, 0000035P   2498
-5.119758863446374D0,2.479181104134894D0,-1.447015507938124D-05, 0000035P   2499
-5.068561274811911D0,2.530823784548032D0,-1.432545352856514D-05, 0000035P   2500
-5.017363686177448D0,2.582609369672984D0,-1.418075197785705D-05, 0000035P   2501
-4.96616609754298D0,2.634522090760036D0,-1.403605042693142D-05,  0000035P   2502
-4.91496850890852D0,2.686546131286875D0,-1.389134887610781D-05,  0000035P   2503
-4.863770920274056D0,2.738665648092468D0,-1.374664732535323D-05, 0000035P   2504
-4.812573331639592D0,2.790864766343256D0,-1.360194577470215D-05, 0000035P   2505
-4.761375743005129D0,2.84312758453451D0,-1.345724422377201D-05,  0000035P   2506
-4.710178154370664D0,2.895438183518704D0,-1.331254267306843D-05, 0000035P   2507
-4.658980565736201D0,2.947780633390679D0,-1.316784112225384D-05, 0000035P   2508
-4.607782977101738D0,3.000138986918585D0,-1.302313957126668D-05, 0000035P   2509
-4.556585388467274D0,3.052497298934986D0,-1.287843802066962D-05, 0000035P   2510
-4.50538779983281D0,3.104839621341476D0,-1.273373646957295D-05,  0000035P   2511
-4.454190211198345D0,3.157150009699118D0,-1.25890349189294D-05,  0000035P   2512
-4.402992622563882D0,3.209412531862058D0,-1.244433336810579D-05, 0000035P   2513
-4.351795033929418D0,3.261611268852656D0,-1.229963181723716D-05, 0000035P   2514
-4.300597445294954D0,3.313730320727323D0,-1.215493026664161D-05, 0000035P   2515
-4.249399856660492D0,3.365753812238054D0,-1.201022871593352D-05, 0000035P   2516
-4.198202268026027D0,3.417665900320468D0,-1.186552716472733D-05, 0000035P   2517
-4.147004679391563D0,3.469450768480079D0,-1.172082561407624D-05, 0000035P   2518
-4.0958070907571D0,3.52109264775922D0,-1.157612406359922D-05,    0000035P   2519
-4.044609502122635D0,3.572575804483044D0,-1.143142251261358D-05, 0000035P   2520
-3.993411913488171D0,3.623884562308612D0,-1.128672096173896D-05, 0000035P   2521
-3.942214324853709D0,3.675003286282515D0,-1.114201941097536D-05, 0000035P   2522
-3.891016736219243D0,3.72591641256133D0,-1.099731786010375D-05,  0000035P   2523
-3.839819147584781D0,3.77660842947217D0,-1.085261630928914D-05,  0000035P   2524
-3.788621558950317D0,3.827063899549995D0,-1.070791475852703D-05, 0000035P   2525
-3.737423970315852D0,3.877267450327854D0,-1.056321320793598D-05, 0000035P   2526
-3.686226381681389D0,3.927203795138597D0,-1.041851165683631D-05, 0000035P   2527
-3.635028793046925D0,3.976857719117766D0,-1.027381010607271D-05, 0000035P   2528
-3.583831204412462D0,4.026214102390344D0,-1.012910855531513D-05, 0000035P   2529
-3.532633615777998D0,4.075257907320862D0,-9.984407004553017D-06, 0000035P   2530
-3.481436027143534D0,4.123974200326217D0,-9.839705453847938D-06, 0000035P   2531
-3.430238438509071D0,4.17234813737427D0,-9.695003902917805D-06,  0000035P   2532
-3.379040849874605D0,4.220364988176711D0,-9.550302352217226D-06, 0000035P   2533
-3.327843261240144D0,4.26801012591889D0,-9.405600801282594D-06,  0000035P   2534
-3.276645672605679D0,4.315269038147734D0,-9.260899250636035D-06, 0000035P   2535
-3.225448083971215D0,4.362127329490178D0,-9.116197699651882D-06, 0000035P   2536
-3.174250495336751D0,4.408570729891559D0,-8.971496148831281D-06, 0000035P   2537
-3.123052906702287D0,4.454585088943592D0,-8.826794598186213D-06, 0000035P   2538
-3.071855318067824D0,4.500156396334084D0,-8.682093047424105D-06, 0000035P   2539
-3.02065772943336D0,4.545270765720074D0,-8.537391496549483D-06,  0000035P   2540
-2.969460140798895D0,4.589914460785626D0,-8.39268994567638D-06,  0000035P   2541
-2.918262552164433D0,4.634073879137429D0,-8.24798839491579D-06,  0000035P   2542
-2.867064963529968D0,4.67773557266466D0,-8.103286844212201D-06,  0000035P   2543
-2.815867374895505D0,4.720886242203936D0,-7.958585293393091D-06, 0000035P   2544
-2.764669786261042D0,4.763512744519604D0,-7.813883742521479D-06, 0000035P   2545
-2.713472197626577D0,4.805602093717651D0,-7.669182191760861D-06, 0000035P   2546
-2.662274608992114D0,4.847141472609798D0,-7.524480641052801D-06, 0000035P   2547
-2.611077020357649D0,4.888118227843163D0,-7.37977909023819D-06,  0000035P   2548
-2.559879431723186D0,4.928519878017561D0,-7.23507753936281D-06,  0000035P   2549
-2.508681843088723D0,4.9683341160866D0,-7.09037598854595D-06,    0000035P   2550
-2.457484254454258D0,5.007548815636045D0,-6.945674437758349D-06, 0000035P   2551
-2.406286665819795D0,5.046152033369226D0,-6.800972886939998D-06, 0000035P   2552
-2.355089077185331D0,5.084132010887053D0,-6.656271336151652D-06, 0000035P   2553
-2.303891488550867D0,5.121477177082567D0,-6.511569785362548D-06, 0000035P   2554
-2.252693899916404D0,5.158176160782688D0,-6.366868234570434D-06, 0000035P   2555
-2.20149631128194D0,5.194217779786687D0,-6.222166683727336D-06,  0000035P   2556
-2.150298722647476D0,5.229591060070574D0,-6.077465133078514D-06, 0000035P   2557
-2.099101134013012D0,5.264285223931023D0,-5.93276358209287D-06,  0000035P   2558
-2.047903545378549D0,5.298289706205337D0,-5.788062031416292D-06, 0000035P   2559
-1.996705956744084D0,5.331594149247634D0,-5.643360480515419D-06, 0000035P   2560
-1.945508368109621D0,5.364188406804129D0,-5.498658929725556D-06, 0000035P   2561
-1.894310779475157D0,5.396062551535852D0,-5.35395737893721D-06,  0000035P   2562
-1.843113190840694D0,5.427206877052469D0,-5.209255828148105D-06, 0000035P   2563
-1.79191560220623D0,5.457611894254278D0,-5.064554277386011D-06,  0000035P   2564
-1.740718013571766D0,5.487268343930423D0,-4.91985272665468D-06,  0000035P   2565
-1.689520424937302D0,5.516167192024036D0,-4.775151175725293D-06, 0000035P   2566
-1.638322836302838D0,5.544299635973437D0,-4.630449624934698D-06, 0000035P   2567
-1.587125247668374D0,5.571657108082222D0,-4.485748074201104D-06, 0000035P   2568
-1.535927659033911D0,5.598231273697687D0,-4.341046523385003D-06, 0000035P   2569
-1.484730070399447D0,5.624014041127046D0,-4.196344972538882D-06, 0000035P   2570
-1.433532481764983D0,5.648997553794142D0,-4.051643421751282D-06, 0000035P   2571
-1.38233489313052D0,5.67317420569639D0,-3.906941870961432D-06,   0000035P   2572
-1.331137304496055D0,5.696536629420299D0,-3.762240320144572D-06, 0000035P   2573
-1.279939715861592D0,5.719077710622422D0,-3.617538769368599D-06, 0000035P   2574
-1.228742127227128D0,5.740790584090023D0,-3.472837218594124D-06, 0000035P   2575
-1.177544538592664D0,5.761668635017496D0,-3.328135667776519D-06, 0000035P   2576
-1.126346949958201D0,5.781705503840003D0,-3.183434116973543D-06, 0000035P   2577
-1.075149361323737D0,5.8008950896225D0,-3.038732566213319D-06,   0000035P   2578
-1.023951772689273D0,5.819231543670004D0,-2.894031015424221D-06, 0000035P   2579
-0.9727541840548093D0,5.836709285697499D0,                       0000035P   2580
-2.749329464549972D-06,-0.9215565954203455D0,                    0000035P   2581
5.853322987540016D0,-2.60462791380288D-06,-0.8703590067858814D0, 0000035P   2582
5.869067592142446D0,-2.45992636301528D-06,-0.8191614181514189D0, 0000035P   2583
5.883938301890209D0,-2.315224812180794D-06,                      0000035P   2584
-0.7679638295169511D0,5.89793058829672D0,-2.170523261388328D-06, 0000035P   2585
-0.7167662408825024D0,5.911040188922909D0,                       0000035P   2586
-2.025821710587562D-06,-0.6655686522479816D0,                    0000035P   2587
5.923263110011652D0,-1.881120159778718D-06,                      0000035P   2588
-0.6143710636137318D0,5.934595631030493D0,                       0000035P   2589
-1.736418609010291D-06,-0.5631734749784685D0,                    0000035P   2590
5.945034295866388D0,-1.591717058192563D-06,                      0000035P   2591
-0.5119758863469897D0,5.954575931503962D0,                       0000035P   2592
-1.447015507426403D-06,-0.4607782977013855D0,                    0000035P   2593
5.963217624117773D0,-1.302313956562156D-06,                      0000035P   2594
-0.4095807091084984D0,5.970956748024955D0,                       0000035P   2595
-1.157612405881539D-06,-0.358383120318868D0,5.977790939782407D0, 0000035P   2596
-1.012910854656189D-06,-0.3071855322634938D0,                    0000035P   2597
5.983718124845425D0,-8.68209305482601D-07,-0.255987941467839D0,  0000035P   2598
5.988736490835897D0,-7.235077485726109D-07,                      0000035P   2599
-0.2047903608990496D0,5.992844513810992D0,                       0000035P   2600
-5.788062205846912D-07,-0.1535927421630796D0,                    0000035P   2601
5.996040945920146D0,-4.341045847010158D-07,                      0000035P   2602
-0.1023952658689667D0,5.998324784508434D0,                       0000035P   2603
-2.894033514120435D-07,-0.05119725797460577D0,                   0000035P   2604
5.999695450046128D0,-1.447006156404131D-07,                      0000035P   2605
-0.01706657535112162D0,5.999999874886746D0,                      0000035P   2606
-4.823586335230238D-08,2.218527408934954D-15,                    0000035P   2607
6.000000000000001D0,6.011455628834159D-16,-8.550882007600743D0,  0000035P   2608
1.2877D-08,-3.486742206238578D0,-8.535046365811317D0,            0000035P   2609
1.755326214377606D-06,-3.480285000941982D0,-8.503377420877543D0, 0000035P   2610
0.0003094125344285099D0,-3.467371543964153D0,                    0000035P   2611
-8.455872123562708D0,0.001684929140178649D0,                     0000035P   2612
-3.448000591936012D0,-8.408367329969355D0,                       0000035P   2613
0.003973614904856896D0,-3.428629845307374D0,                     0000035P   2614
-8.360862401404239D0,0.007174889240393764D0,                     0000035P   2615
-3.409259043642107D0,-8.313357509004698D0,0.01128774813356805D0, 0000035P   2616
-3.389888256723859D0,-8.265852606914621D0,0.01631094422533403D0, 0000035P   2617
-3.370517465854161D0,-8.218347707421117D0,0.02224294696509584D0, 0000035P   2618
-3.351146676043252D0,-8.170842807231862D0,0.02908195191428259D0, 0000035P   2619
-3.331775885948639D0,-8.123337907229031D0,0.03682587137777379D0, 0000035P   2620
-3.312405095930045D0,-8.075833007176247D0,0.0454723505746222D0,  0000035P   2621
-3.293034305891081D0,-8.028328107136847D0,0.05501875432373737D0, 0000035P   2622
-3.273663515857577D0,-7.980823207093867D0,0.06546217413042828D0, 0000035P   2623
-3.254292725822608D0,-7.933318307051843D0,0.07679943115454942D0, 0000035P   2624
-3.234921935788031D0,-7.885813407009562D0,0.08902706925137398D0, 0000035P   2625
-3.215551145753351D0,-7.83830850696735D0,0.1021413678399546D0,   0000035P   2626
-3.196180355718698D0,-7.790803606925119D0,0.1161383273888076D0,  0000035P   2627
-3.176809565684037D0,-7.743298706882898D0,0.131013690604815D0,   0000035P   2628
-3.157438775649381D0,-7.695793806840665D0,0.1467629201919323D0,  0000035P   2629
-3.138067985614721D0,-7.648288906798443D0,0.1633812246274556D0,  0000035P   2630
-3.118697195580064D0,-7.600784006756217D0,0.1808635372982453D0,  0000035P   2631
-3.099326405545402D0,-7.553279106713987D0,0.1992045381795633D0,  0000035P   2632
-3.079955615510744D0,-7.505774206671762D0,0.2183986359835016D0,  0000035P   2633
-3.060584825476085D0,-7.458269306629536D0,0.2384399878864303D0,  0000035P   2634
-3.041214035441428D0,-7.410764406587313D0,0.2593224864707773D0,  0000035P   2635
-3.021843245406769D0,-7.363259506545083D0,0.2810397742304605D0,  0000035P   2636
-3.002472455372109D0,-7.315754606502854D0,0.3035852346073806D0,  0000035P   2637
-2.98310166533745D0,-7.268249706460633D0,0.3269520013400171D0,   0000035P   2638
-2.963730875302793D0,-7.220744806418404D0,0.3511329540325511D0,  0000035P   2639
-2.944360085268133D0,-7.173239906376178D0,0.3761207325297785D0,  0000035P   2640
-2.924989295233474D0,-7.125735006333953D0,0.4019077198483349D0,  0000035P   2641
-2.905618505198815D0,-7.078230106291727D0,0.4284860660768821D0,  0000035P   2642
-2.886247715164156D0,-7.030725206249501D0,0.455847675844136D0,   0000035P   2643
-2.866876925129497D0,-6.983220306207271D0,0.4839842105465739D0,  0000035P   2644
-2.847506135094839D0,-6.935715406165048D0,0.5128871039695684D0,  0000035P   2645
-2.82813534506018D0,-6.888210506122819D0,0.5425475515751528D0,   0000035P   2646
-2.808764555025522D0,-6.840705606080595D0,0.5729565197298204D0,  0000035P   2647
-2.789393764990863D0,-6.79320070603837D0,0.6041047435055654D0,   0000035P   2648
-2.770022974956205D0,-6.745695805996141D0,0.6359827382479176D0,  0000035P   2649
-2.750652184921546D0,-6.698190905953916D0,0.668580791502764D0,   0000035P   2650
-2.731281394886886D0,-6.650686005911688D0,0.7018889777410263D0,  0000035P   2651
-2.711910604852227D0,-6.603181105869464D0,0.7358971495331312D0,  0000035P   2652
-2.692539814817569D0,-6.555676205827237D0,0.7705949461264486D0,  0000035P   2653
-2.673169024782911D0,-6.508171305785011D0,0.805971803961074D0,   0000035P   2654
-2.653798234748252D0,-6.460666405742782D0,0.8420169420292556D0,  0000035P   2655
-2.634427444713593D0,-6.413161505700558D0,0.878719385921903D0,   0000035P   2656
-2.615056654678933D0,-6.365656605658333D0,0.9160679522831313D0,  0000035P   2657
-2.595685864644275D0,-6.318151705616106D0,0.954051268945571D0,   0000035P   2658
-2.576315074609616D0,-6.270646805573878D0,0.9926577639345846D0,  0000035P   2659
-2.556944284574957D0,-6.223141905531651D0,1.03187567731609D0,    0000035P   2660
-2.5375734945403D0,-6.175637005489426D0,1.071693066801055D0,     0000035P   2661
-2.518202704505641D0,-6.128132105447201D0,1.112097803479688D0,   0000035P   2662
-2.498831914470981D0,-6.080627205404974D0,1.15307757728019D0,    0000035P   2663
-2.479461124436323D0,-6.033122305362745D0,1.194619909399551D0,   0000035P   2664
-2.460090334401663D0,-5.985617405320519D0,1.236712145121603D0,   0000035P   2665
-2.440719544367005D0,-5.938112505278295D0,1.279341464114033D0,   0000035P   2666
-2.421348754332346D0,-5.890607605236069D0,1.322494882422264D0,   0000035P   2667
-2.401977964297687D0,-5.843102705193842D0,1.36615925219691D0,    0000035P   2668
-2.382607174263029D0,-5.795597805151616D0,1.410321278790095D0,   0000035P   2669
-2.36323638422837D0,-5.748092905109388D0,1.45496750664271D0,     0000035P   2670
-2.343865594193711D0,-5.700588005067165D0,1.500084340639065D0,   0000035P   2671
-2.324494804159053D0,-5.653083105024936D0,1.545658034801028D0,   0000035P   2672
-2.305124014124393D0,-5.60557820498271D0,1.591674710156823D0,    0000035P   2673
-2.285753224089735D0,-5.558073304940484D0,1.638120348571682D0,   0000035P   2674
-2.266382434055075D0,-5.510568404898258D0,1.684980805556451D0,   0000035P   2675
-2.247011644020418D0,-5.463063504856033D0,1.732241807202513D0,   0000035P   2676
-2.227640853985758D0,-5.415558604813805D0,1.779888955633495D0,   0000035P   2677
-2.2082700639511D0,-5.368053704771579D0,1.827907740263508D0,     0000035P   2678
-2.188899273916441D0,-5.320548804729351D0,1.876283535312471D0,   0000035P   2679
-2.169528483881781D0,-5.273043904687127D0,1.925001604486608D0,   0000035P   2680
-2.150157693847123D0,-5.225539004644899D0,1.974047108741095D0,   0000035P   2681
-2.130786903812465D0,-5.178034104602673D0,2.023405112549011D0,   0000035P   2682
-2.111416113777805D0,-5.130529204560449D0,2.073060575062861D0,   0000035P   2683
-2.092045323743147D0,-5.08302430451822D0,2.122998379199547D0,    0000035P   2684
-2.072674533708487D0,-5.035519404475994D0,2.173203308138951D0,   0000035P   2685
-2.05330374367383D0,-4.988014504433767D0,2.223660074244646D0,    0000035P   2686
-2.03393295363917D0,-4.940509604391543D0,2.274353304882462D0,    0000035P   2687
-2.014562163604512D0,-4.893004704349315D0,2.325267564225503D0,   0000035P   2688
-1.995191373569852D0,-4.84549980430709D0,2.376387340215526D0,    0000035P   2689
-1.975820583535194D0,-4.797994904264861D0,2.427697062912395D0,   0000035P   2690
-1.956449793500535D0,-4.750490004222636D0,2.479181104134893D0,   0000035P   2691
-1.937079003465876D0,-4.702985104180409D0,2.530823784548031D0,   0000035P   2692
-1.917708213431217D0,-4.655480204138185D0,2.582609369672984D0,   0000035P   2693
-1.898337423396559D0,-4.607975304095957D0,2.634522090760035D0,   0000035P   2694
-1.8789666333619D0,-4.560470404053731D0,2.686546131286874D0,     0000035P   2695
-1.859595843327242D0,-4.512965504011504D0,2.738665648092467D0,   0000035P   2696
-1.840225053292582D0,-4.465460603969278D0,2.790864766343256D0,   0000035P   2697
-1.820854263257923D0,-4.417955703927052D0,2.84312758453451D0,    0000035P   2698
-1.801483473223265D0,-4.370450803884824D0,2.895438183518702D0,   0000035P   2699
-1.782112683188606D0,-4.322945903842598D0,2.947780633390677D0,   0000035P   2700
-1.762741893153947D0,-4.275441003800373D0,3.000138986918584D0,   0000035P   2701
-1.743371103119288D0,-4.227936103758148D0,3.052497298934985D0,   0000035P   2702
-1.72400031308463D0,-4.18043120371592D0,3.104839621341474D0,     0000035P   2703
-1.704629523049972D0,-4.132926303673693D0,3.157150009699117D0,   0000035P   2704
-1.685258733015312D0,-4.085421403631468D0,3.209412531862057D0,   0000035P   2705
-1.665887942980654D0,-4.037916503589242D0,3.261611268852655D0,   0000035P   2706
-1.646517152945995D0,-3.990411603547015D0,3.313730320727323D0,   0000035P   2707
-1.627146362911336D0,-3.94290670350479D0,3.365753812238052D0,    0000035P   2708
-1.607775572876677D0,-3.895401803462562D0,3.417665900320468D0,   0000035P   2709
-1.588404782842019D0,-3.847896903420336D0,3.469450768480078D0,   0000035P   2710
-1.56903399280736D0,-3.80039200337811D0,3.52109264775922D0,      0000035P   2711
-1.5496632027727D0,-3.752887103335883D0,3.572575804483043D0,     0000035P   2712
-1.530292412738042D0,-3.705382203293659D0,3.62388456230861D0,    0000035P   2713
-1.510921622703383D0,-3.657877303251431D0,3.675003286282514D0,   0000035P   2714
-1.491550832668725D0,-3.610372403209205D0,3.725916412561328D0,   0000035P   2715
-1.472180042634066D0,-3.562867503166978D0,3.776608429472168D0,   0000035P   2716
-1.452809252599407D0,-3.515362603124753D0,3.827063899549995D0,   0000035P   2717
-1.433438462564748D0,-3.467857703082526D0,3.877267450327853D0,   0000035P   2718
-1.414067672530089D0,-3.420352803040299D0,3.927203795138596D0,   0000035P   2719
-1.394696882495431D0,-3.372847902998073D0,3.976857719117764D0,   0000035P   2720
-1.375326092460772D0,-3.325343002955846D0,4.026214102390343D0,   0000035P   2721
-1.355955302426113D0,-3.27783810291362D0,4.07525790732086D0,     0000035P   2722
-1.336584512391454D0,-3.230333202871394D0,4.123974200326217D0,   0000035P   2723
-1.317213722356795D0,-3.182828302829168D0,4.172348137374267D0,   0000035P   2724
-1.297842932322137D0,-3.13532340278694D0,4.220364988176709D0,    0000035P   2725
-1.278472142287477D0,-3.087818502744716D0,4.268010125918889D0,   0000035P   2726
-1.259101352252819D0,-3.040313602702489D0,4.315269038147734D0,   0000035P   2727
-1.23973056221816D0,-2.992808702660262D0,4.362127329490177D0,    0000035P   2728
-1.220359772183501D0,-2.945303802618036D0,4.408570729891558D0,   0000035P   2729
-1.200988982148843D0,-2.89779890257581D0,4.454585088943589D0,    0000035P   2730
-1.181618192114184D0,-2.850294002533583D0,4.500156396334083D0,   0000035P   2731
-1.162247402079525D0,-2.802789102491357D0,4.545270765720072D0,   0000035P   2732
-1.142876612044866D0,-2.755284202449131D0,4.589914460785626D0,   0000035P   2733
-1.123505822010208D0,-2.707779302406905D0,4.634073879137429D0,   0000035P   2734
-1.104135031975549D0,-2.660274402364678D0,4.67773557266466D0,    0000035P   2735
-1.08476424194089D0,-2.612769502322452D0,4.720886242203934D0,    0000035P   2736
-1.065393451906231D0,-2.565264602280226D0,4.763512744519603D0,   0000035P   2737
-1.046022661871572D0,-2.517759702237999D0,4.805602093717648D0,   0000035P   2738
-1.026651871836913D0,-2.470254802195774D0,4.847141472609796D0,   0000035P   2739
-1.007281081802255D0,-2.422749902153546D0,4.888118227843162D0,   0000035P   2740
-0.9879102917675957D0,-2.375245002111321D0,4.928519878017559D0,  0000035P   2741
-0.9685395017329374D0,-2.327740102069094D0,4.968334116086598D0,  0000035P   2742
-0.9491687116982785D0,-2.280235202026867D0,5.007548815636043D0,  0000035P   2743
-0.9297979216636195D0,-2.232730301984641D0,5.046152033369227D0,  0000035P   2744
-0.9104271316289609D0,-2.185225401942415D0,5.084132010887053D0,  0000035P   2745
-0.891056341594302D0,-2.137720501900189D0,5.121477177082564D0,   0000035P   2746
-0.8716855515596432D0,-2.090215601857963D0,5.158176160782688D0,  0000035P   2747
-0.8523147615249849D0,-2.042710701815736D0,5.194217779786685D0,  0000035P   2748
-0.8329439714903258D0,-1.99520580177351D0,5.22959106007057D0,    0000035P   2749
-0.8135731814556668D0,-1.947700901731283D0,5.264285223931022D0,  0000035P   2750
-0.7942023914210084D0,-1.900196001689058D0,5.298289706205336D0,  0000035P   2751
-0.7748316013863493D0,-1.85269110164683D0,5.331594149247634D0,   0000035P   2752
-0.7554608113516906D0,-1.805186201604605D0,5.364188406804129D0,  0000035P   2753
-0.7360900213170319D0,-1.757681301562378D0,5.396062551535851D0,  0000035P   2754
-0.716719231282373D0,-1.710176401520152D0,5.427206877052466D0,   0000035P   2755
-0.6973484412477142D0,-1.662671501477926D0,5.457611894254277D0,  0000035P   2756
-0.6779776512130555D0,-1.615166601435699D0,5.487268343930421D0,  0000035P   2757
-0.6586068611783964D0,-1.567661701393473D0,5.516167192024033D0,  0000035P   2758
-0.6392360711437378D0,-1.520156801351247D0,5.544299635973437D0,  0000035P   2759
-0.6198652811090792D0,-1.472651901309021D0,5.571657108082219D0,  0000035P   2760
-0.6004944910744204D0,-1.425147001266794D0,5.598231273697684D0,  0000035P   2761
-0.5811237010397615D0,-1.377642101224568D0,5.624014041127045D0,  0000035P   2762
-0.5617529110051029D0,-1.330137201182341D0,5.64899755379414D0,   0000035P   2763
-0.5423821209704439D0,-1.282632301140115D0,5.673174205696391D0,  0000035P   2764
-0.5230113309357852D0,-1.235127401097889D0,5.696536629420296D0,  0000035P   2765
-0.5036405409011264D0,-1.187622501055663D0,5.719077710622417D0,  0000035P   2766
-0.4842697508664677D0,-1.140117601013436D0,5.74079058409002D0,   0000035P   2767
-0.4648989608318088D0,-1.09261270097121D0,5.761668635017494D0,   0000035P   2768
-0.4455281707971501D0,-1.045107800928984D0,5.781705503840001D0,  0000035P   2769
-0.4261573807624913D0,-0.9976029008867569D0,5.800895089622498D0, 0000035P   2770
-0.4067865907278324D0,-0.9500980008445309D0,5.819231543670003D0, 0000035P   2771
-0.3874158006931736D0,-0.9025931008023046D0,5.836709285697496D0, 0000035P   2772
-0.368045010658515D0,-0.8550882007600783D0,5.853322987540014D0,  0000035P   2773
-0.3486742206238562D0,-0.8075833007178515D0,5.869067592142445D0, 0000035P   2774
-0.3293034305891971D0,-0.7600784006756265D0,5.883938301890208D0, 0000035P   2775
-0.3099326405545389D0,-0.7125735006333962D0,5.897930588296721D0, 0000035P   2776
-0.2905618505198785D0,-0.6650686005911842D0,5.911040188922907D0, 0000035P   2777
-0.2711910604852256D0,-0.6175637005489044D0,5.92326311001165D0,  0000035P   2778
-0.2518202704505451D0,-0.5700588005068771D0,5.934595631030491D0, 0000035P   2779
-0.2324494804159673D0,-0.5225539004639088D0,5.945034295866385D0, 0000035P   2780
-0.213078690381006D0,-0.475049000424452D0,5.95457593150396D0,    0000035P   2781
-0.1937079003474765D0,-0.427544100371889D0,5.963217624117771D0,  0000035P   2782
-0.1743371103086028D0,-0.3800392003682405D0,5.970956748024954D0, 0000035P   2783
-0.1549663202896747D0,-0.3325343001820392D0,5.977790939782405D0, 0000035P   2784
-0.1355955301963081D0,-0.2850294006771348D0,5.983718124845423D0, 0000035P   2785
-0.1162247403807498D0,-0.237524498629596D0,5.988736490835897D0,  0000035P   2786
-0.09685394952839678D0,-0.1900196060712974D0,                    0000035P   2787
5.992844513810989D0,-0.07748316254541458D0,                      0000035P   2788
-0.1425146780986727D0,5.996040945920142D0,                       0000035P   2789
-0.05811236112174367D0,-0.09500988229411224D0,                   0000035P   2790
5.998324784508431D0,-0.03874161359145682D0,                      0000035P   2791
-0.0475045932316208D0,5.999695450046125D0,                       0000035P   2792
-0.01937066492832248D0,-0.01583562776573296D0,                   0000035P   2793
5.999999874886745D0,-0.006457199578236796D0,                     0000035P   2794
-4.434187228798512D-15,5.999999999999998D0,                      0000035P   2795
2.003843603960234D-15,-6.543467939204044D0,1.2877D-08,           0000035P   2796
-6.543416800714014D0,-6.531349889363841D0,1.755326214377607D-06, 0000035P   2797
-6.531298845578754D0,-6.507115579305726D0,0.00030941253442851D0, 0000035P   2798
-6.507064724916542D0,-6.470762675635008D0,                       0000035P   2799
0.001684929140178649D0,-6.470712105350922D0,                     0000035P   2800
-6.434410157431585D0,0.003973614904856896D0,                     0000035P   2801
-6.434359871249587D0,-6.398057535942517D0,                       0000035P   2802
0.007174889240393763D0,-6.398007533863413D0,                     0000035P   2803
-6.361704942128749D0,0.01128774813356805D0,-6.361655224152324D0, 0000035P   2804
-6.32535234089941D0,0.01631094422533403D0,-6.325302907025717D0,  0000035P   2805
-6.28899974165707D0,0.02224294696509584D0,-6.288950591886093D0,  0000035P   2806
-6.252647141882311D0,0.0290819519142826D0,-6.252598276214059D0,  0000035P   2807
-6.216294542250214D0,0.03682587137777381D0,-6.216245960684685D0, 0000035P   2808
-6.179941942579892D0,0.04547235057462221D0,-6.179893645117083D0, 0000035P   2809
-6.143589342919809D0,0.05501875432373739D0,-6.143541329559725D0, 0000035P   2810
-6.107236743256987D0,0.06546217413042829D0,-6.107189013999626D0, 0000035P   2811
-6.070884143594896D0,0.07679943115454943D0,-6.070836698440258D0, 0000035P   2812
-6.034531543932611D0,0.08902706925137399D0,-6.034484382880695D0, 0000035P   2813
-5.998178944270378D0,0.1021413678399546D0,-5.998132067321185D0,  0000035P   2814
-5.961826344608127D0,0.1161383273888076D0,-5.961779751761656D0,  0000035P   2815
-5.925473744945887D0,0.1310136906048151D0,-5.925427436202136D0,  0000035P   2816
-5.88912114528364D0,0.1467629201919324D0,-5.889075120642611D0,   0000035P   2817
-5.852768545621395D0,0.1633812246274556D0,-5.852722805083093D0,  0000035P   2818
-5.81641594595915D0,0.1808635372982453D0,-5.816370489523568D0,   0000035P   2819
-5.780063346296906D0,0.1992045381795633D0,-5.780018173964046D0,  0000035P   2820
-5.743710746634663D0,0.2183986359835017D0,-5.743665858404525D0,  0000035P   2821
-5.707358146972417D0,0.2384399878864303D0,-5.707313542845002D0,  0000035P   2822
-5.671005547310172D0,0.2593224864707773D0,-5.67096122728548D0,   0000035P   2823
-5.634652947647926D0,0.2810397742304606D0,-5.634608911725958D0,  0000035P   2824
-5.598300347985683D0,0.3035852346073806D0,-5.598256596166436D0,  0000035P   2825
-5.56194774832344D0,0.3269520013400171D0,-5.561904280606913D0,   0000035P   2826
-5.525595148661192D0,0.3511329540325511D0,-5.52555196504739D0,   0000035P   2827
-5.489242548998949D0,0.3761207325297786D0,-5.489199649487869D0,  0000035P   2828
-5.452889949336703D0,0.401907719848335D0,-5.452847333928347D0,   0000035P   2829
-5.41653734967446D0,0.4284860660768823D0,-5.416495018368826D0,   0000035P   2830
-5.380184750012214D0,0.4558476758441359D0,-5.380142702809303D0,  0000035P   2831
-5.343832150349969D0,0.483984210546574D0,-5.34379038724978D0,    0000035P   2832
-5.307479550687725D0,0.5128871039695684D0,-5.307438071690258D0,  0000035P   2833
-5.271126951025481D0,0.5425475515751528D0,-5.271085756130735D0,  0000035P   2834
-5.234774351363233D0,0.5729565197298205D0,-5.234733440571213D0,  0000035P   2835
-5.198421751700992D0,0.6041047435055655D0,-5.198381125011691D0,  0000035P   2836
-5.162069152038744D0,0.6359827382479176D0,-5.162028809452166D0,  0000035P   2837
-5.1257165523765D0,0.6685807915027641D0,-5.125676493892645D0,    0000035P   2838
-5.089363952714258D0,0.7018889777410263D0,-5.089324178333124D0,  0000035P   2839
-5.053011353052011D0,0.7358971495331315D0,-5.052971862773602D0,  0000035P   2840
-5.016658753389767D0,0.7705949461264486D0,-5.016619547214079D0,  0000035P   2841
-4.980306153727522D0,0.805971803961074D0,-4.980267231654556D0,   0000035P   2842
-4.943953554065277D0,0.8420169420292559D0,-4.943914916095035D0,  0000035P   2843
-4.907600954403032D0,0.8787193859219031D0,-4.907562600535512D0,  0000035P   2844
-4.871248354740787D0,0.9160679522831313D0,-4.87121028497599D0,   0000035P   2845
-4.834895755078544D0,0.9540512689455711D0,-4.834857969416468D0,  0000035P   2846
-4.798543155416299D0,0.9926577639345847D0,-4.798505653856946D0,  0000035P   2847
-4.762190555754053D0,1.03187567731609D0,-4.762153338297422D0,    0000035P   2848
-4.72583795609181D0,1.071693066801056D0,-4.725801022737901D0,    0000035P   2849
-4.689485356429564D0,1.112097803479689D0,-4.689448707178379D0,   0000035P   2850
-4.653132756767319D0,1.15307757728019D0,-4.653096391618856D0,    0000035P   2851
-4.616780157105076D0,1.194619909399552D0,-4.616744076059335D0,   0000035P   2852
-4.58042755744283D0,1.236712145121604D0,-4.580391760499811D0,    0000035P   2853
-4.544074957780586D0,1.279341464114033D0,-4.54403944494029D0,    0000035P   2854
-4.50772235811834D0,1.322494882422264D0,-4.507687129380766D0,    0000035P   2855
-4.471369758456097D0,1.36615925219691D0,-4.471334813821247D0,    0000035P   2856
-4.43501715879385D0,1.410321278790095D0,-4.434982498261721D0,    0000035P   2857
-4.398664559131606D0,1.45496750664271D0,-4.398630182702199D0,    0000035P   2858
-4.362311959469361D0,1.500084340639066D0,-4.362277867142678D0,   0000035P   2859
-4.325959359807117D0,1.545658034801028D0,-4.325925551583156D0,   0000035P   2860
-4.289606760144873D0,1.591674710156823D0,-4.289573236023634D0,   0000035P   2861
-4.253254160482626D0,1.638120348571682D0,-4.25322092046411D0,    0000035P   2862
-4.216901560820382D0,1.684980805556451D0,-4.216868604904587D0,   0000035P   2863
-4.180548961158137D0,1.732241807202514D0,-4.180516289345066D0,   0000035P   2864
-4.144196361495893D0,1.779888955633495D0,-4.144163973785544D0,   0000035P   2865
-4.107843761833649D0,1.827907740263509D0,-4.107811658226022D0,   0000035P   2866
-4.071491162171402D0,1.876283535312471D0,-4.071459342666499D0,   0000035P   2867
-4.035138562509159D0,1.925001604486608D0,-4.035107027106978D0,   0000035P   2868
-3.998785962846915D0,1.974047108741096D0,-3.998754711547455D0,   0000035P   2869
-3.96243336318467D0,2.023405112549011D0,-3.962402395987934D0,    0000035P   2870
-3.926080763522426D0,2.073060575062861D0,-3.926050080428412D0,   0000035P   2871
-3.889728163860181D0,2.122998379199547D0,-3.889697764868887D0,   0000035P   2872
-3.853375564197934D0,2.173203308138951D0,-3.853345449309366D0,   0000035P   2873
-3.817022964535691D0,2.223660074244647D0,-3.816993133749843D0,   0000035P   2874
-3.780670364873446D0,2.274353304882463D0,-3.780640818190322D0,   0000035P   2875
-3.7443177652112D0,2.325267564225503D0,-3.744288502630799D0,     0000035P   2876
-3.707965165548956D0,2.376387340215526D0,-3.707936187071276D0,   0000035P   2877
-3.671612565886711D0,2.427697062912396D0,-3.671583871511754D0,   0000035P   2878
-3.635259966224467D0,2.479181104134893D0,-3.635231555952232D0,   0000035P   2879
-3.598907366562222D0,2.530823784548032D0,-3.59887924039271D0,    0000035P   2880
-3.562554766899977D0,2.582609369672984D0,-3.562526924833187D0,   0000035P   2881
-3.526202167237731D0,2.634522090760036D0,-3.526174609273664D0,   0000035P   2882
-3.489849567575488D0,2.686546131286875D0,-3.489822293714143D0,   0000035P   2883
-3.453496967913244D0,2.738665648092467D0,-3.45346997815462D0,    0000035P   2884
-3.417144368250998D0,2.790864766343256D0,-3.417117662595099D0,   0000035P   2885
-3.380791768588753D0,2.843127584534511D0,-3.380765347035576D0,   0000035P   2886
-3.344439168926509D0,2.895438183518704D0,-3.344413031476054D0,   0000035P   2887
-3.308086569264264D0,2.947780633390678D0,-3.308060715916531D0,   0000035P   2888
-3.271733969602019D0,3.000138986918585D0,-3.27170840035701D0,    0000035P   2889
-3.235381369939776D0,3.052497298934986D0,-3.235356084797488D0,   0000035P   2890
-3.19902877027753D0,3.104839621341475D0,-3.199003769237965D0,    0000035P   2891
-3.162676170615284D0,3.157150009699117D0,-3.162651453678443D0,   0000035P   2892
-3.126323570953042D0,3.209412531862058D0,-3.126299138118921D0,   0000035P   2893
-3.089970971290795D0,3.261611268852655D0,-3.089946822559397D0,   0000035P   2894
-3.053618371628551D0,3.313730320727323D0,-3.053594506999876D0,   0000035P   2895
-3.017265771966307D0,3.365753812238053D0,-3.017242191440354D0,   0000035P   2896
-2.980913172304061D0,3.417665900320468D0,-2.98088987588083D0,    0000035P   2897
-2.944560572641817D0,3.469450768480078D0,-2.944537560321308D0,   0000035P   2898
-2.908207972979573D0,3.52109264775922D0,-2.908185244761788D0,    0000035P   2899
-2.871855373317327D0,3.572575804483043D0,-2.871832929202265D0,   0000035P   2900
-2.835502773655082D0,3.623884562308611D0,-2.835480613642742D0,   0000035P   2901
-2.799150173992839D0,3.675003286282516D0,-2.79912829808322D0,    0000035P   2902
-2.762797574330592D0,3.72591641256133D0,-2.762775982523697D0,    0000035P   2903
-2.726444974668348D0,3.776608429472169D0,-2.726423666964176D0,   0000035P   2904
-2.690092375006104D0,3.827063899549995D0,-2.690071351404654D0,   0000035P   2905
-2.653739775343859D0,3.877267450327853D0,-2.653719035845131D0,   0000035P   2906
-2.617387175681614D0,3.927203795138596D0,-2.617366720285608D0,   0000035P   2907
-2.581034576019369D0,3.976857719117765D0,-2.581014404726087D0,   0000035P   2908
-2.544681976357125D0,4.026214102390344D0,-2.544662089166563D0,   0000035P   2909
-2.50832937669488D0,4.075257907320862D0,-2.508309773607041D0,    0000035P   2910
-2.471976777032635D0,4.123974200326217D0,-2.47195745804752D0,    0000035P   2911
-2.435624177370391D0,4.172348137374269D0,-2.435605142487997D0,   0000035P   2912
-2.399271577708146D0,4.220364988176709D0,-2.399252826928475D0,   0000035P   2913
-2.362918978045902D0,4.26801012591889D0,-2.362900511368954D0,    0000035P   2914
-2.326566378383657D0,4.315269038147733D0,-2.326548195809431D0,   0000035P   2915
-2.290213778721412D0,4.362127329490178D0,-2.290195880249907D0,   0000035P   2916
-2.253861179059168D0,4.408570729891558D0,-2.253843564690386D0,   0000035P   2917
-2.217508579396922D0,4.45458508894359D0,-2.217491249130863D0,    0000035P   2918
-2.181155979734678D0,4.500156396334085D0,-2.181138933571341D0,   0000035P   2919
-2.144803380072433D0,4.545270765720074D0,-2.14478661801182D0,    0000035P   2920
-2.108450780410188D0,4.589914460785626D0,-2.108434302452297D0,   0000035P   2921
-2.072098180747944D0,4.634073879137429D0,-2.072081986892775D0,   0000035P   2922
-2.035745581085698D0,4.67773557266466D0,-2.035729671333252D0,    0000035P   2923
-1.999392981423455D0,4.720886242203936D0,-1.99937735577373D0,    0000035P   2924
-1.963040381761209D0,4.763512744519604D0,-1.963025040214208D0,   0000035P   2925
-1.926687782098964D0,4.805602093717651D0,-1.926672724654685D0,   0000035P   2926
-1.890335182436719D0,4.847141472609797D0,-1.890320409095163D0,   0000035P   2927
-1.853982582774475D0,4.888118227843161D0,-1.853968093535641D0,   0000035P   2928
-1.81762998311223D0,4.928519878017561D0,-1.817615777976118D0,    0000035P   2929
-1.781277383449986D0,4.968334116086599D0,-1.781263462416596D0,   0000035P   2930
-1.74492478378774D0,5.007548815636044D0,-1.744911146857074D0,    0000035P   2931
-1.708572184125496D0,5.046152033369225D0,-1.708558831297552D0,   0000035P   2932
-1.672219584463251D0,5.084132010887053D0,-1.672206515738029D0,   0000035P   2933
-1.635866984801006D0,5.121477177082567D0,-1.635854200178507D0,   0000035P   2934
-1.599514385138762D0,5.158176160782687D0,-1.599501884618985D0,   0000035P   2935
-1.563161785476517D0,5.194217779786688D0,-1.563149569059462D0,   0000035P   2936
-1.526809185814272D0,5.229591060070574D0,-1.52679725349994D0,    0000035P   2937
-1.490456586152028D0,5.264285223931024D0,-1.490444937940417D0,   0000035P   2938
-1.454103986489783D0,5.298289706205337D0,-1.454092622380896D0,   0000035P   2939
-1.417751386827538D0,5.331594149247636D0,-1.417740306821373D0,   0000035P   2940
-1.381398787165293D0,5.364188406804129D0,-1.381387991261851D0,   0000035P   2941
-1.345046187503049D0,5.396062551535851D0,-1.345035675702328D0,   0000035P   2942
-1.308693587840804D0,5.42720687705247D0,-1.308683360142807D0,    0000035P   2943
-1.272340988178559D0,5.457611894254278D0,-1.272331044583284D0,   0000035P   2944
-1.235988388516315D0,5.487268343930422D0,-1.235978729023763D0,   0000035P   2945
-1.199635788854069D0,5.516167192024034D0,-1.199626413464239D0,   0000035P   2946
-1.163283189191825D0,5.544299635973437D0,-1.163274097904717D0,   0000035P   2947
-1.12693058952958D0,5.571657108082222D0,-1.126921782345195D0,    0000035P   2948
-1.090577989867335D0,5.598231273697686D0,-1.090569466785673D0,   0000035P   2949
-1.054225390205091D0,5.624014041127045D0,-1.054217151226151D0,   0000035P   2950
-1.017872790542846D0,5.648997553794141D0,-1.017864835666628D0,   0000035P   2951
-0.9815201908806014D0,5.673174205696391D0,-0.9815125201071061D0, 0000035P   2952
-0.9451675912183566D0,5.696536629420298D0,-0.9451602045475834D0, 0000035P   2953
-0.9088149915561119D0,5.71907771062242D0,-0.9088078889880614D0,  0000035P   2954
-0.8724623918938671D0,5.740790584090024D0,-0.8724555734285391D0, 0000035P   2955
-0.8361097922316223D0,5.761668635017495D0,-0.8361032578690167D0, 0000035P   2956
-0.7997571925693777D0,5.781705503840003D0,-0.7997509423094945D0, 0000035P   2957
-0.763404592907133D0,5.800895089622499D0,-0.7633986267499724D0,  0000035P   2958
-0.727051993244888D0,5.819231543670004D0,-0.7270463111904501D0,  0000035P   2959
-0.6906993935826434D0,5.836709285697498D0,-0.6906939956309277D0, 0000035P   2960
-0.6543467939203987D0,5.853322987540014D0,-0.6543416800714055D0, 0000035P   2961
-0.6179941942581538D0,5.869067592142445D0,-0.617989364511883D0,  0000035P   2962
-0.5816415945959098D0,5.883938301890209D0,-0.5816370489523615D0, 0000035P   2963
-0.5452889949336622D0,5.89793058829672D0,-0.5452847333928363D0,  0000035P   2964
-0.5089363952714283D0,5.911040188922907D0,-0.5089324178333248D0, 0000035P   2965
-0.4725837956091429D0,5.92326311001165D0,-0.4725801022737619D0,  0000035P   2966
-0.4362311959470503D0,5.934595631030493D0,-0.4362277867143918D0, 0000035P   2967
-0.3998785962842377D0,5.945034295866388D0,-0.3998754711543018D0, 0000035P   2968
-0.3635259966241125D0,5.954575931503961D0,-0.3635231555968989D0, 0000035P   2969
-0.3271733969539576D0,5.963217624117772D0,-0.3271708400294665D0, 0000035P   2970
-0.2908207973212342D0,5.970956748024955D0,-0.2908185244994652D0, 0000035P   2971
-0.2544681975488141D0,5.977790939782406D0,-0.2544662088297685D0, 0000035P   2972
-0.218115598297749D0,5.983718124845425D0,-0.2181138936814227D0,  0000035P   2973
-0.1817629971009612D0,5.988736490835897D0,-0.1817615765873692D0, 0000035P   2974
-0.1454104031657094D0,5.992844513810991D0,-0.1454092667547952D0, 0000035P   2975
-0.109057782130036D0,5.996040945920144D0,-0.1090569298220113D0,  0000035P   2976
-0.07270526223451289D0,5.998324784508434D0,                      0000035P   2977
-0.07270469402858723D0,-0.03635236487881029D0,                   0000035P   2978
5.999695450046128D0,-0.0363520807779336D0,-0.0121180391087203D0, 0000035P   2979
5.999999874886744D0,-0.0121179444038701D0,6.503208678540363D-15, 0000035P   2980
6.000000000000001D0,-4.396408118960908D-15,-3.48684973326781D0,  0000035P   2981
1.2877D-08,-8.550852327844478D0,-3.480392328838595D0,            0000035P   2982
1.755326214377607D-06,-8.535016741019909D0,-3.467478473624939D0, 0000035P   2983
0.0003094125344285099D0,-8.503347906007729D0,                    0000035P   2984
-3.448106924219416D0,0.001684929140178649D0,                     0000035P   2985
-8.455842773581807D0,-3.428735580219735D0,                       0000035P   2986
0.003973614904856896D0,-8.40833814487562D0,-3.409364181181725D0, 0000035P   2987
0.007174889240393764D0,-8.360833381198139D0,                     0000035P   2988
-3.389992796891189D0,0.01128774813356805D0,-8.313328653686103D0, 0000035P   2989
-3.370621408649079D0,0.01631094422533403D0,-8.265823916483569D0, 0000035P   2990
-3.351250021465792D0,0.02224294696509585D0,-8.218319181877597D0, 0000035P   2991
-3.331878633998793D0,0.02908195191428259D0,-8.170814446575875D0, 0000035P   2992
-3.312507246607815D0,0.0368258713777738D0,-8.12330971146058D0,   0000035P   2993
-3.293135859196467D0,0.0454723505746222D0,-8.075804976295331D0,  0000035P   2994
-3.273764471790577D0,0.05501875432373738D0,-8.028300241143469D0, 0000035P   2995
-3.254393084383226D0,0.06546217413042828D0,-7.98079550598802D0,  0000035P   2996
-3.235021696976264D0,0.07679943115454943D0,-7.933290770833529D0, 0000035P   2997
-3.215650309569199D0,0.08902706925137396D0,-7.885786035678788D0, 0000035P   2998
-3.196278922162161D0,0.1021413678399546D0,-7.838281300524106D0,  0000035P   2999
-3.176907534755116D0,0.1161383273888076D0,-7.790776565369412D0,  0000035P   3000
-3.157536147348074D0,0.131013690604815D0,-7.743271830214724D0,   0000035P   3001
-3.138164759941028D0,0.1467629201919323D0,-7.69576709506003D0,   0000035P   3002
-3.118793372533987D0,0.1633812246274556D0,-7.64826235990534D0,   0000035P   3003
-3.099421985126944D0,0.1808635372982453D0,-7.600757624750647D0,  0000035P   3004
-3.080050597719899D0,0.1992045381795633D0,-7.553252889595958D0,  0000035P   3005
-3.060679210312856D0,0.2183986359835016D0,-7.505748154441265D0,  0000035P   3006
-3.041307822905813D0,0.2384399878864304D0,-7.458243419286572D0,  0000035P   3007
-3.02193643549877D0,0.2593224864707773D0,-7.410738684131881D0,   0000035P   3008
-3.002565048091727D0,0.2810397742304606D0,-7.363233948977189D0,  0000035P   3009
-2.983193660684682D0,0.3035852346073806D0,-7.315729213822497D0,  0000035P   3010
-2.963822273277641D0,0.3269520013400172D0,-7.268224478667808D0,  0000035P   3011
-2.944450885870596D0,0.3511329540325512D0,-7.220719743513114D0,  0000035P   3012
-2.925079498463553D0,0.3761207325297785D0,-7.173215008358423D0,  0000035P   3013
-2.905708111056509D0,0.4019077198483349D0,-7.125710273203731D0,  0000035P   3014
-2.886336723649466D0,0.4284860660768821D0,-7.078205538049041D0,  0000035P   3015
-2.866965336242423D0,0.4558476758441361D0,-7.030700802894348D0,  0000035P   3016
-2.847593948835379D0,0.483984210546574D0,-6.983196067739657D0,   0000035P   3017
-2.828222561428335D0,0.5128871039695684D0,-6.935691332584965D0,  0000035P   3018
-2.808851174021292D0,0.5425475515751528D0,-6.888186597430274D0,  0000035P   3019
-2.78947978661425D0,0.5729565197298204D0,-6.840681862275582D0,   0000035P   3020
-2.770108399207206D0,0.6041047435055655D0,-6.793177127120891D0,  0000035P   3021
-2.750737011800162D0,0.6359827382479177D0,-6.745672391966202D0,  0000035P   3022
-2.731365624393119D0,0.6685807915027641D0,-6.698167656811508D0,  0000035P   3023
-2.711994236986076D0,0.7018889777410262D0,-6.650662921656818D0,  0000035P   3024
-2.692622849579033D0,0.7358971495331314D0,-6.603158186502124D0,  0000035P   3025
-2.673251462171989D0,0.7705949461264487D0,-6.555653451347435D0,  0000035P   3026
-2.653880074764945D0,0.8059718039610738D0,-6.508148716192741D0,  0000035P   3027
-2.634508687357903D0,0.8420169420292557D0,-6.460643981038048D0,  0000035P   3028
-2.615137299950859D0,0.8787193859219029D0,-6.413139245883359D0,  0000035P   3029
-2.595765912543817D0,0.9160679522831312D0,-6.365634510728667D0,  0000035P   3030
-2.576394525136772D0,0.9540512689455709D0,-6.318129775573976D0,  0000035P   3031
-2.557023137729729D0,0.9926577639345844D0,-6.270625040419284D0,  0000035P   3032
-2.537651750322686D0,1.03187567731609D0,-6.22312030526459D0,     0000035P   3033
-2.518280362915643D0,1.071693066801055D0,-6.1756155701099D0,     0000035P   3034
-2.498908975508599D0,1.112097803479689D0,-6.128110834955209D0,   0000035P   3035
-2.479537588101556D0,1.15307757728019D0,-6.080606099800519D0,    0000035P   3036
-2.460166200694512D0,1.194619909399551D0,-6.033101364645824D0,   0000035P   3037
-2.440794813287469D0,1.236712145121604D0,-5.985596629491135D0,   0000035P   3038
-2.421423425880426D0,1.279341464114033D0,-5.938091894336441D0,   0000035P   3039
-2.402052038473383D0,1.322494882422264D0,-5.890587159181751D0,   0000035P   3040
-2.382680651066339D0,1.36615925219691D0,-5.843082424027061D0,    0000035P   3041
-2.363309263659295D0,1.410321278790095D0,-5.795577688872368D0,   0000035P   3042
-2.343937876252253D0,1.45496750664271D0,-5.748072953717677D0,    0000035P   3043
-2.32456648884521D0,1.500084340639065D0,-5.700568218562985D0,    0000035P   3044
-2.305195101438166D0,1.545658034801028D0,-5.653063483408293D0,   0000035P   3045
-2.285823714031122D0,1.591674710156823D0,-5.605558748253602D0,   0000035P   3046
-2.26645232662408D0,1.638120348571682D0,-5.558054013098912D0,    0000035P   3047
-2.247080939217035D0,1.684980805556451D0,-5.510549277944218D0,   0000035P   3048
-2.227709551809992D0,1.732241807202514D0,-5.463044542789525D0,   0000035P   3049
-2.208338164402949D0,1.779888955633495D0,-5.415539807634836D0,   0000035P   3050
-2.188966776995906D0,1.827907740263509D0,-5.368035072480145D0,   0000035P   3051
-2.169595389588861D0,1.876283535312471D0,-5.32053033732545D0,    0000035P   3052
-2.150224002181818D0,1.925001604486609D0,-5.27302560217076D0,    0000035P   3053
-2.130852614774775D0,1.974047108741096D0,-5.22552086701607D0,    0000035P   3054
-2.111481227367731D0,2.023405112549011D0,-5.178016131861376D0,   0000035P   3055
-2.092109839960689D0,2.07306057506286D0,-5.130511396706686D0,    0000035P   3056
-2.072738452553645D0,2.122998379199548D0,-5.083006661551994D0,   0000035P   3057
-2.053367065146601D0,2.173203308138951D0,-5.035501926397304D0,   0000035P   3058
-2.033995677739558D0,2.223660074244646D0,-4.987997191242613D0,   0000035P   3059
-2.014624290332515D0,2.274353304882463D0,-4.94049245608792D0,    0000035P   3060
-1.995252902925472D0,2.325267564225503D0,-4.892987720933229D0,   0000035P   3061
-1.975881515518428D0,2.376387340215525D0,-4.845482985778537D0,   0000035P   3062
-1.956510128111385D0,2.427697062912395D0,-4.797978250623845D0,   0000035P   3063
-1.937138740704341D0,2.479181104134893D0,-4.750473515469155D0,   0000035P   3064
-1.917767353297298D0,2.530823784548031D0,-4.702968780314463D0,   0000035P   3065
-1.898395965890255D0,2.582609369672984D0,-4.655464045159772D0,   0000035P   3066
-1.879024578483211D0,2.634522090760035D0,-4.607959310005077D0,   0000035P   3067
-1.859653191076168D0,2.686546131286874D0,-4.560454574850389D0,   0000035P   3068
-1.840281803669125D0,2.738665648092467D0,-4.512949839695695D0,   0000035P   3069
-1.820910416262082D0,2.790864766343255D0,-4.465445104541004D0,   0000035P   3070
-1.801539028855039D0,2.843127584534509D0,-4.417940369386313D0,   0000035P   3071
-1.782167641447994D0,2.895438183518702D0,-4.370435634231621D0,   0000035P   3072
-1.762796254040951D0,2.947780633390678D0,-4.322930899076929D0,   0000035P   3073
-1.743424866633908D0,3.000138986918584D0,-4.275426163922236D0,   0000035P   3074
-1.724053479226865D0,3.052497298934985D0,-4.227921428767548D0,   0000035P   3075
-1.704682091819822D0,3.104839621341474D0,-4.180416693612854D0,   0000035P   3076
-1.685310704412778D0,3.157150009699117D0,-4.132911958458163D0,   0000035P   3077
-1.665939317005735D0,3.209412531862057D0,-4.085407223303473D0,   0000035P   3078
-1.646567929598692D0,3.261611268852656D0,-4.03790248814878D0,    0000035P   3079
-1.627196542191648D0,3.313730320727324D0,-3.990397752994089D0,   0000035P   3080
-1.607825154784605D0,3.365753812238053D0,-3.942893017839399D0,   0000035P   3081
-1.588453767377561D0,3.417665900320468D0,-3.895388282684705D0,   0000035P   3082
-1.569082379970517D0,3.469450768480078D0,-3.847883547530015D0,   0000035P   3083
-1.549710992563475D0,3.52109264775922D0,-3.800378812375323D0,    0000035P   3084
-1.530339605156431D0,3.572575804483042D0,-3.752874077220631D0,   0000035P   3085
-1.510968217749388D0,3.623884562308611D0,-3.70536934206594D0,    0000035P   3086
-1.491596830342345D0,3.675003286282514D0,-3.657864606911249D0,   0000035P   3087
-1.472225442935301D0,3.725916412561328D0,-3.610359871756556D0,   0000035P   3088
-1.452854055528258D0,3.776608429472169D0,-3.562855136601864D0,   0000035P   3089
-1.433482668121215D0,3.827063899549994D0,-3.515350401447173D0,   0000035P   3090
-1.41411128071417D0,3.877267450327854D0,-3.467845666292481D0,    0000035P   3091
-1.394739893307128D0,3.927203795138596D0,-3.420340931137789D0,   0000035P   3092
-1.375368505900084D0,3.976857719117765D0,-3.372836195983099D0,   0000035P   3093
-1.355997118493041D0,4.026214102390342D0,-3.325331460828408D0,   0000035P   3094
-1.336625731085998D0,4.075257907320862D0,-3.277826725673716D0,   0000035P   3095
-1.317254343678954D0,4.123974200326217D0,-3.230321990519024D0,   0000035P   3096
-1.297882956271911D0,4.17234813737427D0,-3.182817255364333D0,    0000035P   3097
-1.278511568864867D0,4.220364988176709D0,-3.13531252020964D0,    0000035P   3098
-1.259140181457824D0,4.26801012591889D0,-3.087807785054949D0,    0000035P   3099
-1.239768794050781D0,4.315269038147735D0,-3.040303049900258D0,   0000035P   3100
-1.220397406643736D0,4.362127329490178D0,-2.992798314745564D0,   0000035P   3101
-1.201026019236694D0,4.408570729891558D0,-2.945293579590875D0,   0000035P   3102
-1.181654631829651D0,4.454585088943589D0,-2.897788844436182D0,   0000035P   3103
-1.162283244422607D0,4.500156396334083D0,-2.850284109281491D0,   0000035P   3104
-1.142911857015564D0,4.545270765720072D0,-2.802779374126799D0,   0000035P   3105
-1.12354046960852D0,4.589914460785627D0,-2.755274638972108D0,    0000035P   3106
-1.104169082201478D0,4.634073879137429D0,-2.707769903817417D0,   0000035P   3107
-1.084797694794434D0,4.67773557266466D0,-2.660265168662725D0,    0000035P   3108
-1.06542630738739D0,4.720886242203934D0,-2.612760433508034D0,    0000035P   3109
-1.046054919980347D0,4.763512744519604D0,-2.565255698353341D0,   0000035P   3110
-1.026683532573304D0,4.805602093717648D0,-2.51775096319865D0,    0000035P   3111
-1.007312145166261D0,4.847141472609798D0,-2.470246228043958D0,   0000035P   3112
-0.9879407577592166D0,4.888118227843163D0,-2.422741492889267D0,  0000035P   3113
-0.9685693703521735D0,4.928519878017561D0,-2.375236757734576D0,  0000035P   3114
-0.9491979829451306D0,4.968334116086599D0,-2.327732022579885D0,  0000035P   3115
-0.9298265955380866D0,5.007548815636043D0,-2.280227287425192D0,  0000035P   3116
-0.9104552081310434D0,5.046152033369225D0,-2.232722552270501D0,  0000035P   3117
-0.8910838207240003D0,5.084132010887053D0,-2.185217817115809D0,  0000035P   3118
-0.8717124333169569D0,5.121477177082566D0,-2.137713081961117D0,  0000035P   3119
-0.8523410459099137D0,5.158176160782688D0,-2.090208346806427D0,  0000035P   3120
-0.83296965850287D0,5.194217779786685D0,-2.042703611651735D0,    0000035P   3121
-0.8135982710958268D0,5.229591060070573D0,-1.995198876497043D0,  0000035P   3122
-0.7942268836887833D0,5.264285223931022D0,-1.947694141342351D0,  0000035P   3123
-0.7748554962817401D0,5.298289706205337D0,-1.90018940618766D0,   0000035P   3124
-0.7554841088746964D0,5.331594149247636D0,-1.852684671032968D0,  0000035P   3125
-0.7361127214676534D0,5.364188406804129D0,-1.805179935878277D0,  0000035P   3126
-0.7167413340606098D0,5.396062551535852D0,-1.757675200723585D0,  0000035P   3127
-0.6973699466535666D0,5.427206877052467D0,-1.710170465568894D0,  0000035P   3128
-0.6779985592465234D0,5.457611894254278D0,-1.662665730414202D0,  0000035P   3129
-0.6586271718394798D0,5.487268343930422D0,-1.61516099525951D0,   0000035P   3130
-0.6392557844324365D0,5.516167192024035D0,-1.567656260104819D0,  0000035P   3131
-0.6198843970253933D0,5.544299635973438D0,-1.520151524950128D0,  0000035P   3132
-0.60051300961835D0,5.571657108082221D0,-1.472646789795436D0,    0000035P   3133
-0.5811416222113064D0,5.598231273697683D0,-1.425142054640744D0,  0000035P   3134
-0.561770234804263D0,5.624014041127045D0,-1.377637319486053D0,   0000035P   3135
-0.5423988473972198D0,5.648997553794139D0,-1.330132584331361D0,  0000035P   3136
-0.5230274599901765D0,5.673174205696391D0,-1.28262784917667D0,   0000035P   3137
-0.5036560725831329D0,5.696536629420298D0,-1.235123114021978D0,  0000035P   3138
-0.4842846851760898D0,5.719077710622418D0,-1.187618378867287D0,  0000035P   3139
-0.4649132977690461D0,5.740790584090021D0,-1.140113643712595D0,  0000035P   3140
-0.445541910362003D0,5.761668635017495D0,-1.092608908557904D0,   0000035P   3141
-0.4261705229549596D0,5.781705503840001D0,-1.045104173403212D0,  0000035P   3142
-0.4067991355479161D0,5.800895089622499D0,-0.99759943824852D0,   0000035P   3143
-0.3874277481408729D0,5.819231543670002D0,-0.9500947030938284D0, 0000035P   3144
-0.3680563607338294D0,5.836709285697496D0,-0.9025899679391373D0, 0000035P   3145
-0.3486849733267862D0,5.853322987540016D0,-0.8550852327844455D0, 0000035P   3146
-0.3293135859197426D0,5.869067592142446D0,-0.8075804976297537D0, 0000035P   3147
-0.3099421985126998D0,5.883938301890209D0,-0.7600757624750633D0, 0000035P   3148
-0.2905708111056548D0,5.897930588296722D0,-0.7125710273203677D0, 0000035P   3149
-0.2711994236986172D0,5.911040188922907D0,-0.6650662921656906D0, 0000035P   3150
-0.2518280362915522D0,5.923263110011651D0,-0.6175615570109456D0, 0000035P   3151
-0.2324566488845898D0,5.934595631030491D0,-0.5700568218564529D0, 0000035P   3152
-0.213085261477244D0,5.945034295866386D0,-0.5225520867010194D0,  0000035P   3153
-0.19371387407133D0,5.954575931503961D0,-0.4750473515490974D0,   0000035P   3154
-0.1743424866600715D0,5.96321762411777D0,-0.427542616384069D0,   0000035P   3155
-0.1549710992687593D0,5.970956748024954D0,-0.3800378812679555D0, 0000035P   3156
-0.1355997118030063D0,5.977790939782405D0,-0.3325331459692892D0, 0000035P   3157
-0.1162283246150703D0,5.983718124845423D0,-0.2850284113519177D0, 0000035P   3158
-0.09685693639030739D0,5.988736490835896D0,                      0000035P   3159
-0.2375236741919207D0,-0.07748555203503475D0,                    0000035P   3160
5.992844513810992D0,-0.1900189465211309D0,                       0000035P   3161
-0.05811415323862805D0,5.996040945920144D0,                      0000035P   3162
-0.1425141834361378D0,-0.0387428083372674D0,5.998324784508432D0, 0000035P   3163
-0.09500955251875039D0,-0.01937126229685657D0,                   0000035P   3164
5.999695450046128D0,-0.04750442834514397D0,                      0000035P   3165
-0.006457398710685757D0,5.999999874886746D0,                     0000035P   3166
-0.01583557280091977D0,-5.648737680210712D-15,                   0000035P   3167
5.999999999999997D0,2.572715584554219D-15,2.291161142151848D-05, 0000035P   3168
1.2877D-08,-9.215559413264336D0,2.286918070252425D-05,           0000035P   3169
1.755326214377607D-06,-9.198492834912782D0,                      0000035P   3170
2.278432553074448D-05,0.00030941253442851D0,                     0000035P   3171
-9.164362198642376D0,2.265703773616699D-05,                      0000035P   3172
0.001684929140178648D0,-9.113164218193051D0,                     0000035P   3173
2.252975129142282D-05,0.003973614904856897D0,                    0000035P   3174
-9.061966780620496D0,2.240246448490289D-05,                      0000035P   3175
0.007174889240393765D0,-9.010769197584553D0,                     0000035P   3176
2.227517777540072D-05,0.01128774813356805D0,                     0000035P   3177
-8.959571653525405D0,2.214789103952236D-05,                      0000035P   3178
0.01631094422533403D0,-8.908374099022455D0,                      0000035P   3179
2.202060431066052D-05,0.02224294696509585D0,-8.85717654731792D0, 0000035P   3180
2.189331758053185D-05,0.0290819519142826D0,-8.805978994863546D0, 0000035P   3181
2.17660308504074D-05,0.0368258713777738D0,-8.754781442610094D0,  0000035P   3182
2.163874412038969D-05,0.04547235057462221D0,                     0000035P   3183
-8.703583890302804D0,2.151145739030694D-05,                      0000035P   3184
0.05501875432373739D0,-8.652386338009936D0,                      0000035P   3185
2.138417066022754D-05,0.06546217413042829D0,                     0000035P   3186
-8.601188785713211D0,2.125688393018468D-05,                      0000035P   3187
0.07679943115454943D0,-8.549991233417513D0,                      0000035P   3188
2.112959720027751D-05,0.08902706925137399D0,                     0000035P   3189
-8.498793681121544D0,2.100231046985404D-05,0.1021413678399546D0, 0000035P   3190
-8.447596128825646D0,2.087502373970368D-05,0.1161383273888076D0, 0000035P   3191
-8.396398576529725D0,2.074773700998239D-05,0.131013690604815D0,  0000035P   3192
-8.345201024233818D0,2.062045027926494D-05,0.1467629201919324D0, 0000035P   3193
-8.2940034719379D0,2.049316354897353D-05,0.1633812246274556D0,   0000035P   3194
-8.242805919641993D0,2.036587681972035D-05,0.1808635372982453D0, 0000035P   3195
-8.191608367346078D0,2.023859008899384D-05,0.1992045381795633D0, 0000035P   3196
-8.140410815050162D0,2.011130335871744D-05,0.2183986359835017D0, 0000035P   3197
-8.089213262754253D0,1.998401662901117D-05,0.2384399878864303D0, 0000035P   3198
-8.038015710458339D0,1.985672989895384D-05,0.2593224864707773D0, 0000035P   3199
-7.986818158162428D0,1.972944316868042D-05,0.2810397742304606D0, 0000035P   3200
-7.935620605866514D0,1.960215643840701D-05,0.3035852346073807D0, 0000035P   3201
-7.884423053570599D0,1.94748697085747D-05,0.3269520013400171D0,  0000035P   3202
-7.833225501274689D0,1.934758297842136D-05,0.3511329540325511D0, 0000035P   3203
-7.782027948978771D0,1.922029624813894D-05,0.3761207325297786D0, 0000035P   3204
-7.730830396682863D0,1.909300951786255D-05,0.401907719848335D0,  0000035P   3205
-7.679632844386946D0,1.896572278792523D-05,0.4284860660768823D0, 0000035P   3206
-7.628435292091035D0,1.883843605798792D-05,0.4558476758441361D0, 0000035P   3207
-7.577237739795123D0,1.871114932782553D-05,0.483984210546574D0,  0000035P   3208
-7.526040187499208D0,1.858386259743811D-05,0.5128871039695683D0, 0000035P   3209
-7.474842635203294D0,1.845657586750079D-05,0.5425475515751528D0, 0000035P   3210
-7.423645082907384D0,1.83292891376745D-05,0.5729565197298205D0,  0000035P   3211
-7.372447530611469D0,1.820200240728107D-05,0.6041047435055655D0, 0000035P   3212
-7.32124997831556D0,1.807471567735275D-05,0.6359827382479175D0,  0000035P   3213
-7.270052426019642D0,1.794742894707034D-05,0.6685807915027641D0, 0000035P   3214
-7.218854873723731D0,1.782014221679394D-05,0.7018889777410263D0, 0000035P   3215
-7.167657321427818D0,1.769285548662857D-05,0.7358971495331314D0, 0000035P   3216
-7.116459769131907D0,1.75655687569223D-05,0.7705949461264489D0,  0000035P   3217
-7.065262216835991D0,1.743828202641784D-05,0.8059718039610743D0, 0000035P   3218
-7.014064664540078D0,1.731099529693063D-05,0.8420169420292558D0, 0000035P   3219
-6.962867112244168D0,1.718370856631813D-05,0.8787193859219034D0, 0000035P   3220
-6.911669559948253D0,1.705642183648886D-05,0.9160679522831317D0, 0000035P   3221
-6.86047200765234D0,1.692913510655751D-05,0.9540512689455714D0,  0000035P   3222
-6.809274455356428D0,1.680184837616412D-05,0.9926577639345846D0, 0000035P   3223
-6.758076903060514D0,1.667456164611573D-05,1.03187567731609D0,   0000035P   3224
-6.7068793507646D0,1.654727491595036D-05,1.071693066801056D0,    0000035P   3225
-6.655681798468688D0,1.641998818556294D-05,1.112097803479689D0,  0000035P   3226
-6.604484246172774D0,1.629270145539756D-05,1.15307757728019D0,   0000035P   3227
-6.553286693876863D0,1.616541472546329D-05,1.194619909399552D0,  0000035P   3228
-6.502089141580949D0,1.603812799552592D-05,1.236712145121604D0,  0000035P   3229
-6.450891589285035D0,1.591084126536358D-05,1.279341464114033D0,  0000035P   3230
-6.399694036989124D0,1.578355453530923D-05,1.322494882422264D0,  0000035P   3231
-6.34849648469321D0,1.565626780492181D-05,1.36615925219691D0,    0000035P   3232
-6.297298932397298D0,1.55289810750985D-05,1.410321278790096D0,   0000035P   3233
-6.246101380101384D0,1.540169434504713D-05,1.45496750664271D0,   0000035P   3234
-6.19490382780547D0,1.527440761487877D-05,1.500084340639066D0,   0000035P   3235
-6.143706275509559D0,1.514712088471941D-05,1.545658034801028D0,  0000035P   3236
-6.092508723213644D0,1.5019834154551D-05,1.591674710156823D0,    0000035P   3237
-6.041311170917734D0,1.489254742450267D-05,1.638120348571682D0,  0000035P   3238
-5.990113618621817D0,1.476526069445731D-05,1.684980805556451D0,  0000035P   3239
-5.938916066325906D0,1.463797396418092D-05,1.732241807202514D0,  0000035P   3240
-5.887718514029992D0,1.451068723424062D-05,1.779888955633495D0,  0000035P   3241
-5.836520961734079D0,1.43834005038532D-05,1.827907740263508D0,   0000035P   3242
-5.785323409438169D0,1.425611377403287D-05,1.876283535312471D0,  0000035P   3243
-5.734125857142252D0,1.412882704352543D-05,1.925001604486608D0,  0000035P   3244
-5.682928304846342D0,1.40015403134771D-05,1.974047108741095D0,   0000035P   3245
-5.631730752550427D0,1.387425358342876D-05,2.023405112549011D0,  0000035P   3246
-5.580533200254516D0,1.374696685371349D-05,2.073060575062861D0,  0000035P   3247
-5.529335647958603D0,1.361968012332905D-05,2.122998379199547D0,  0000035P   3248
-5.478138095662688D0,1.349239339293865D-05,2.173203308138951D0,  0000035P   3249
-5.426940543366776D0,1.336510666300129D-05,2.223660074244647D0,  0000035P   3250
-5.375742991070861D0,1.323781993283293D-05,2.274353304882464D0,  0000035P   3251
-5.324545438774951D0,1.311053320295259D-05,2.325267564225503D0,  0000035P   3252
-5.273347886479037D0,1.298324647285026D-05,2.376387340215526D0,  0000035P   3253
-5.222150334183123D0,1.285595974251684D-05,2.427697062912396D0,  0000035P   3254
-5.170952781887211D0,1.272867301257803D-05,2.479181104134894D0,  0000035P   3255
-5.119755229591299D0,1.260138628247267D-05,2.530823784548032D0,  0000035P   3256
-5.068557677295384D0,1.247409955219025D-05,2.582609369672984D0,  0000035P   3257
-5.017360124999473D0,1.234681282209091D-05,2.634522090760036D0,  0000035P   3258
-4.966162572703558D0,1.221952609203804D-05,2.686546131286875D0,  0000035P   3259
-4.914965020407647D0,1.209223936181716D-05,2.738665648092467D0,  0000035P   3260
-4.863767468111734D0,1.196495263187984D-05,2.790864766343256D0,  0000035P   3261
-4.81256991581582D0,1.183766590177147D-05,2.843127584534511D0,   0000035P   3262
-4.761372363519907D0,1.17103791715566D-05,2.895438183518704D0,   0000035P   3263
-4.710174811223994D0,1.158309244144975D-05,2.947780633390678D0,  0000035P   3264
-4.658977258928081D0,1.145580571134137D-05,3.000138986918584D0,  0000035P   3265
-4.607779706632169D0,1.132851898123303D-05,3.052497298934985D0,  0000035P   3266
-4.556582154336256D0,1.12012322512942D-05,3.104839621341475D0,   0000035P   3267
-4.505384602040343D0,1.107394552107781D-05,3.157150009699118D0,  0000035P   3268
-4.454187049744428D0,1.094665879085391D-05,3.209412531862057D0,  0000035P   3269
-4.402989497448517D0,1.081937206091809D-05,3.261611268852655D0,  0000035P   3270
-4.351791945152604D0,1.069208533069872D-05,3.313730320727323D0,  0000035P   3271
-4.300594392856691D0,1.056479860075837D-05,3.365753812238053D0,  0000035P   3272
-4.249396840560778D0,1.043751187043099D-05,3.417665900320468D0,  0000035P   3273
-4.198199288264863D0,1.03102251402686D-05,3.469450768480078D0,   0000035P   3274
-4.14700173596895D0,1.018293841038379D-05,3.52109264775922D0,    0000035P   3275
-4.095804183673039D0,1.00556516800534D-05,3.572575804483043D0,   0000035P   3276
-4.044606631377126D0,9.928364950116057D-06,3.623884562308612D0,  0000035P   3277
-3.993409079081212D0,9.801078219836651D-06,3.675003286282516D0,  0000035P   3278
-3.9422115267853D0,9.673791489903837D-06,3.72591641256133D0,     0000035P   3279
-3.891013974489386D0,9.546504759738462D-06,3.776608429472169D0,  0000035P   3280
-3.839816422193473D0,9.419218029571596D-06,3.827063899549995D0,  0000035P   3281
-3.788618869897563D0,9.29193129941522D-06,3.877267450327853D0,   0000035P   3282
-3.737421317601648D0,9.164644569474898D-06,3.927203795138596D0,  0000035P   3283
-3.686223765305735D0,9.037357839254012D-06,3.976857719117766D0,  0000035P   3284
-3.635026213009821D0,8.910071109091645D-06,4.026214102390344D0,  0000035P   3285
-3.583828660713908D0,8.78278437898479D-06,4.07525790732086D0,    0000035P   3286
-3.532631108417994D0,8.655497648877908D-06,4.123974200326218D0,  0000035P   3287
-3.481433556122084D0,8.528210918655531D-06,4.172348137374268D0,  0000035P   3288
-3.43023600382617D0,8.400924188665688D-06,4.22036498817671D0,    0000035P   3289
-3.379038451530256D0,8.273637458668364D-06,4.26801012591889D0,   0000035P   3290
-3.327840899234345D0,8.146350728447478D-06,4.315269038147734D0,  0000035P   3291
-3.276643346938432D0,8.019063998120069D-06,4.362127329490177D0,  0000035P   3292
-3.225445794642517D0,7.891777268178229D-06,4.408570729891558D0,  0000035P   3293
-3.174248242346605D0,7.764490538186895D-06,4.45458508894359D0,   0000035P   3294
-3.123050690050692D0,7.637203807964518D-06,4.500156396334085D0,  0000035P   3295
-3.071853137754779D0,7.509917078025687D-06,4.545270765720073D0,  0000035P   3296
-3.020655585458866D0,7.382630347752299D-06,4.589914460785626D0,  0000035P   3297
-2.969458033162952D0,7.255343617757956D-06,4.634073879137429D0,  0000035P   3298
-2.91826048086704D0,7.128056887426048D-06,4.677735572664661D0,   0000035P   3299
-2.867062928571126D0,7.000770157320683D-06,4.720886242203936D0,  0000035P   3300
-2.815865376275215D0,6.87348342732485D-06,4.763512744519605D0,   0000035P   3301
-2.764667823979301D0,6.746196697106973D-06,4.805602093717651D0,  0000035P   3302
-2.713470271683388D0,6.618909967054111D-06,4.847141472609797D0,  0000035P   3303
-2.662272719387476D0,6.49162323692175D-06,4.888118227843162D0,   0000035P   3304
-2.611075167091562D0,6.36433650684265D-06,4.928519878017561D0,   0000035P   3305
-2.559877614795648D0,6.237049776732027D-06,4.968334116086599D0,  0000035P   3306
-2.508680062499737D0,6.109763046658186D-06,5.007548815636044D0,  0000035P   3307
-2.457482510203822D0,5.982476316492811D-06,5.046152033369227D0,  0000035P   3308
-2.40628495790791D0,5.855189586385196D-06,5.084132010887053D0,   0000035P   3309
-2.355087405611997D0,5.727902856363099D-06,5.121477177082566D0,  0000035P   3310
-2.303889853316084D0,5.600616126199228D-06,5.158176160782688D0,  0000035P   3311
-2.252692301020172D0,5.473329396066867D-06,5.194217779786686D0,  0000035P   3312
-2.201494748724258D0,5.346042665985504D-06,5.229591060070573D0,  0000035P   3313
-2.150297196428345D0,5.218755935852397D-06,5.264285223931023D0,  0000035P   3314
-2.099099644132432D0,5.091469205715523D-06,5.298289706205337D0,  0000035P   3315
-2.047902091836519D0,4.964182475611663D-06,5.331594149247634D0,  0000035P   3316
-1.996704539540606D0,4.836895745502558D-06,5.364188406804129D0,  0000035P   3317
-1.945506987244693D0,4.709609015340178D-06,5.396062551535851D0,  0000035P   3318
-1.89430943494878D0,4.582322285261078D-06,5.427206877052468D0,   0000035P   3319
-1.843111882652867D0,4.455035555181965D-06,5.457611894254278D0,  0000035P   3320
-1.791914330356954D0,4.327748825048099D-06,5.487268343930422D0,  0000035P   3321
-1.740716778061042D0,4.200462094855728D-06,5.516167192024034D0,  0000035P   3322
-1.689519225765128D0,4.073175364861385D-06,5.544299635973437D0,  0000035P   3323
-1.638321673469215D0,3.945888634840047D-06,5.571657108082221D0,  0000035P   3324
-1.587124121173302D0,3.818601904620665D-06,5.598231273697687D0,  0000035P   3325
-1.535926568877389D0,3.691315174541551D-06,5.624014041127046D0,  0000035P   3326
-1.484729016581477D0,3.564028444435441D-06,5.648997553794142D0,  0000035P   3327
-1.433531464285563D0,3.436741714242311D-06,5.673174205696391D0,  0000035P   3328
-1.382333911989651D0,3.309454984108445D-06,5.696536629420299D0,  0000035P   3329
-1.331136359693738D0,3.182168254070979D-06,5.719077710622421D0,  0000035P   3330
-1.279938807397824D0,3.054881523881223D-06,5.740790584090023D0,  0000035P   3331
-1.228741255101911D0,2.927594793815621D-06,5.761668635017495D0,  0000035P   3332
-1.177543702805998D0,2.800308063723017D-06,5.781705503840003D0,  0000035P   3333
-1.126346150510085D0,2.673021333559891D-06,5.800895089622499D0,  0000035P   3334
-1.075148598214172D0,2.54573460352355D-06,5.819231543670003D0,   0000035P   3335
-1.023951045918259D0,2.418447873332669D-06,5.836709285697496D0,  0000035P   3336
-0.9727534936223462D0,2.291161143224682D-06,5.853322987540014D0, 0000035P   3337
-0.9215559413264335D0,2.163874413105446D-06,5.869067592142445D0, 0000035P   3338
-0.8703583890305201D0,2.036587683051466D-06,5.883938301890209D0, 0000035P   3339
-0.8191608367346082D0,1.909300952913108D-06,5.897930588296721D0, 0000035P   3340
-0.7679632844386912D0,1.782014222780706D-06,5.911040188922907D0, 0000035P   3341
-0.7167657321427935D0,1.65472749266761D-06,5.923263110011651D0,  0000035P   3342
-0.6655681798468233D0,1.527440762554039D-06,5.934595631030491D0, 0000035P   3343
-0.6143706275511245D0,1.400154032446117D-06,5.945034295866388D0, 0000035P   3344
-0.5631730752544119D0,1.27286730234101D-06,5.954575931503961D0,  0000035P   3345
-0.5119755229614837D0,1.145580572194063D-06,5.963217624117775D0, 0000035P   3346
-0.4607779706544302D0,1.018293842188597D-06,5.970956748024955D0, 0000035P   3347
-0.4095804184000941D0,8.910071116888645D-07,5.977790939782407D0, 0000035P   3348
-0.3583828659490145D0,7.637203830192716D-07,5.983718124845424D0, 0000035P   3349
-0.3071853142321906D0,6.364336475376433D-07,5.988736490835897D0, 0000035P   3350
-0.2559877597750882D0,5.091469374714876D-07,5.992844513810991D0, 0000035P   3351
-0.2047902155448438D0,3.818601325277196D-07,5.996040945920144D0, 0000035P   3352
-0.1535926331474458D0,2.545736817119852D-07,5.998324784508434D0, 0000035P   3353
-0.102395193191804D0,1.272859092420101D-07,5.999695450046126D0,  0000035P   3354
-0.05119722163629144D0,4.243068258735989D-08,                    0000035P   3355
5.999999874886744D0,-0.01706656323776744D0,1.20981557467535D-15, 0000035P   3356
6.000000000000002D0,4.428697276514789D-16,3.486754260140792D0,   0000035P   3357
1.2877D-08,-8.550907436589796D0,3.480297032521201D0,             0000035P   3358
1.755326214377606D-06,-8.535071747707642D0,3.467383530900683D0,  0000035P   3359
0.0003094125344285099D0,-8.503402708595365D0,                    0000035P   3360
3.448012511905858D0,0.001684929140178648D0,-8.455897270007194D0, 0000035P   3361
3.428641698311248D0,0.003973614904856896D0,-8.408392335141992D0, 0000035P   3362
3.409270829679818D0,0.007174889240393763D0,-8.360887265304632D0, 0000035P   3363
3.389899975795458D0,0.01128774813356805D0,-8.313382231632948D0,  0000035P   3364
3.370529117959633D0,0.01631094422533403D0,-8.265877188270705D0,  0000035P   3365
3.351158261182601D0,0.02224294696509584D0,-8.21837214750504D0,   0000035P   3366
3.331787404121864D0,0.02908195191428259D0,-8.17086710604362D0,   0000035P   3367
3.312416547137147D0,0.03682587137777379D0,-8.123362064768632D0,  0000035P   3368
3.293045690132059D0,0.04547235057462221D0,-8.075857023443685D0,  0000035P   3369
3.27367483313243D0,0.05501875432373737D0,-8.028351982132126D0,   0000035P   3370
3.25430397613134D0,0.06546217413042831D0,-7.980846940816982D0,   0000035P   3371
3.234933119130639D0,0.07679943115454942D0,-7.933341899502798D0,  0000035P   3372
3.215562262129835D0,0.08902706925137399D0,-7.885836858188355D0,  0000035P   3373
3.196191405129059D0,0.1021413678399546D0,-7.838331816873984D0,   0000035P   3374
3.176820548128275D0,0.1161383273888076D0,-7.790826775559589D0,   0000035P   3375
3.157449691127493D0,0.131013690604815D0,-7.743321734245203D0,    0000035P   3376
3.138078834126711D0,0.1467629201919324D0,-7.695816692930813D0,   0000035P   3377
3.118707977125931D0,0.1633812246274556D0,-7.648311651616432D0,   0000035P   3378
3.099337120125146D0,0.1808635372982453D0,-7.600806610302041D0,   0000035P   3379
3.079966263124365D0,0.1992045381795633D0,-7.553301568987652D0,   0000035P   3380
3.060595406123583D0,0.2183986359835016D0,-7.505796527673265D0,   0000035P   3381
3.041224549122799D0,0.2384399878864304D0,-7.458291486358874D0,   0000035P   3382
3.021853692122018D0,0.2593224864707773D0,-7.410786445044491D0,   0000035P   3383
3.002482835121236D0,0.2810397742304606D0,-7.363281403730102D0,   0000035P   3384
2.983111978120454D0,0.3035852346073806D0,-7.315776362415712D0,   0000035P   3385
2.963741121119672D0,0.3269520013400171D0,-7.268271321101329D0,   0000035P   3386
2.944370264118888D0,0.3511329540325511D0,-7.220766279786936D0,   0000035P   3387
2.924999407118107D0,0.3761207325297786D0,-7.173261238472549D0,   0000035P   3388
2.905628550117326D0,0.4019077198483348D0,-7.125756197158164D0,   0000035P   3389
2.886257693116543D0,0.4284860660768822D0,-7.078251155843777D0,   0000035P   3390
2.86688683611576D0,0.4558476758441361D0,-7.030746114529389D0,    0000035P   3391
2.847515979114978D0,0.4839842105465739D0,-6.983241073214999D0,   0000035P   3392
2.828145122114196D0,0.5128871039695684D0,-6.935736031900613D0,   0000035P   3393
2.808774265113414D0,0.5425475515751528D0,-6.888230990586227D0,   0000035P   3394
2.789403408112631D0,0.5729565197298205D0,-6.840725949271835D0,   0000035P   3395
2.77003255111185D0,0.6041047435055655D0,-6.793220907957449D0,    0000035P   3396
2.750661694111066D0,0.6359827382479177D0,-6.745715866643061D0,   0000035P   3397
2.731290837110285D0,0.6685807915027641D0,-6.698210825328673D0,   0000035P   3398
2.711919980109503D0,0.7018889777410263D0,-6.650705784014287D0,   0000035P   3399
2.692549123108722D0,0.7358971495331314D0,-6.603200742699898D0,   0000035P   3400
2.673178266107938D0,0.7705949461264486D0,-6.55569570138551D0,    0000035P   3401
2.653807409107157D0,0.8059718039610737D0,-6.508190660071122D0,   0000035P   3402
2.634436552106373D0,0.8420169420292557D0,-6.460685618756735D0,   0000035P   3403
2.615065695105592D0,0.8787193859219031D0,-6.413180577442347D0,   0000035P   3404
2.59569483810481D0,0.9160679522831311D0,-6.36567553612796D0,     0000035P   3405
2.576323981104026D0,0.9540512689455712D0,-6.318170494813572D0,   0000035P   3406
2.556953124103245D0,0.9926577639345845D0,-6.270665453499185D0,   0000035P   3407
2.537582267102462D0,1.03187567731609D0,-6.223160412184797D0,     0000035P   3408
2.518211410101681D0,1.071693066801055D0,-6.175655370870409D0,    0000035P   3409
2.498840553100899D0,1.112097803479689D0,-6.128150329556021D0,    0000035P   3410
2.479469696100117D0,1.15307757728019D0,-6.080645288241634D0,     0000035P   3411
2.460098839099334D0,1.194619909399552D0,-6.033140246927245D0,    0000035P   3412
2.440727982098551D0,1.236712145121604D0,-5.985635205612857D0,    0000035P   3413
2.421357125097769D0,1.279341464114034D0,-5.938130164298471D0,    0000035P   3414
2.401986268096987D0,1.322494882422264D0,-5.890625122984083D0,    0000035P   3415
2.382615411096205D0,1.36615925219691D0,-5.843120081669695D0,     0000035P   3416
2.363244554095422D0,1.410321278790095D0,-5.795615040355306D0,    0000035P   3417
2.34387369709464D0,1.45496750664271D0,-5.74810999904092D0,       0000035P   3418
2.324502840093859D0,1.500084340639066D0,-5.700604957726531D0,    0000035P   3419
2.305131983093076D0,1.545658034801028D0,-5.653099916412144D0,    0000035P   3420
2.285761126092295D0,1.591674710156823D0,-5.605594875097757D0,    0000035P   3421
2.266390269091512D0,1.638120348571682D0,-5.558089833783368D0,    0000035P   3422
2.247019412090729D0,1.684980805556451D0,-5.510584792468981D0,    0000035P   3423
2.227648555089947D0,1.732241807202514D0,-5.463079751154593D0,    0000035P   3424
2.208277698089165D0,1.779888955633495D0,-5.415574709840205D0,    0000035P   3425
2.188906841088383D0,1.827907740263508D0,-5.368069668525818D0,    0000035P   3426
2.1695359840876D0,1.876283535312471D0,-5.320564627211429D0,      0000035P   3427
2.150165127086819D0,1.925001604486608D0,-5.273059585897043D0,    0000035P   3428
2.130794270086037D0,1.974047108741096D0,-5.225554544582654D0,    0000035P   3429
2.111423413085254D0,2.023405112549011D0,-5.178049503268266D0,    0000035P   3430
2.092052556084471D0,2.073060575062861D0,-5.13054446195388D0,     0000035P   3431
2.072681699083689D0,2.122998379199548D0,-5.083039420639491D0,    0000035P   3432
2.053310842082908D0,2.173203308138951D0,-5.035534379325102D0,    0000035P   3433
2.033939985082125D0,2.223660074244646D0,-4.988029338010716D0,    0000035P   3434
2.014569128081344D0,2.274353304882463D0,-4.940524296696329D0,    0000035P   3435
1.995198271080561D0,2.325267564225503D0,-4.893019255381939D0,    0000035P   3436
1.975827414079778D0,2.376387340215526D0,-4.845514214067553D0,    0000035P   3437
1.956456557078996D0,2.427697062912395D0,-4.798009172753163D0,    0000035P   3438
1.937085700078214D0,2.479181104134893D0,-4.750504131438777D0,    0000035P   3439
1.917714843077431D0,2.530823784548031D0,-4.702999090124387D0,    0000035P   3440
1.89834398607665D0,2.582609369672984D0,-4.655494048810003D0,     0000035P   3441
1.878973129075867D0,2.634522090760036D0,-4.607989007495611D0,    0000035P   3442
1.859602272075085D0,2.686546131286875D0,-4.560483966181226D0,    0000035P   3443
1.840231415074303D0,2.738665648092468D0,-4.512978924866838D0,    0000035P   3444
1.820860558073521D0,2.790864766343256D0,-4.465473883552451D0,    0000035P   3445
1.801489701072739D0,2.84312758453451D0,-4.417968842238063D0,     0000035P   3446
1.782118844071956D0,2.895438183518702D0,-4.370463800923675D0,    0000035P   3447
1.762747987071174D0,2.947780633390678D0,-4.322958759609287D0,    0000035P   3448
1.743377130070392D0,3.000138986918584D0,-4.275453718294899D0,    0000035P   3449
1.72400627306961D0,3.052497298934985D0,-4.227948676980514D0,     0000035P   3450
1.704635416068827D0,3.104839621341475D0,-4.180443635666124D0,    0000035P   3451
1.685264559068045D0,3.157150009699116D0,-4.132938594351735D0,    0000035P   3452
1.665893702067264D0,3.209412531862057D0,-4.085433553037349D0,    0000035P   3453
1.646522845066481D0,3.261611268852655D0,-4.037928511722961D0,    0000035P   3454
1.627151988065699D0,3.313730320727323D0,-3.990423470408572D0,    0000035P   3455
1.607781131064916D0,3.365753812238053D0,-3.942918429094186D0,    0000035P   3456
1.588410274064134D0,3.417665900320468D0,-3.895413387779799D0,    0000035P   3457
1.569039417063352D0,3.469450768480078D0,-3.84790834646541D0,     0000035P   3458
1.54966856006257D0,3.52109264775922D0,-3.800403305151024D0,      0000035P   3459
1.530297703061788D0,3.572575804483042D0,-3.752898263836634D0,    0000035P   3460
1.510926846061005D0,3.623884562308611D0,-3.705393222522246D0,    0000035P   3461
1.491555989060224D0,3.675003286282515D0,-3.65788818120786D0,     0000035P   3462
1.47218513205944D0,3.725916412561329D0,-3.61038313989347D0,      0000035P   3463
1.452814275058658D0,3.77660842947217D0,-3.562878098579084D0,     0000035P   3464
1.433443418057877D0,3.827063899549994D0,-3.515373057264696D0,    0000035P   3465
1.414072561057094D0,3.877267450327854D0,-3.467868015950309D0,    0000035P   3466
1.394701704056311D0,3.927203795138596D0,-3.42036297463592D0,     0000035P   3467
1.37533084705553D0,3.976857719117764D0,-3.372857933321534D0,     0000035P   3468
1.355959990054747D0,4.026214102390344D0,-3.325352892007145D0,    0000035P   3469
1.336589133053965D0,4.075257907320862D0,-3.277847850692758D0,    0000035P   3470
1.317218276053183D0,4.123974200326217D0,-3.23034280937837D0,     0000035P   3471
1.297847419052401D0,4.172348137374269D0,-3.182837768063983D0,    0000035P   3472
1.278476562051618D0,4.220364988176711D0,-3.135332726749594D0,    0000035P   3473
1.259105705050836D0,4.268010125918891D0,-3.087827685435207D0,    0000035P   3474
1.239734848050055D0,4.315269038147734D0,-3.040322644120819D0,    0000035P   3475
1.220363991049272D0,4.362127329490178D0,-2.992817602806431D0,    0000035P   3476
1.20099313404849D0,4.408570729891558D0,-2.945312561492044D0,     0000035P   3477
1.181622277047707D0,4.45458508894359D0,-2.897807520177655D0,     0000035P   3478
1.162251420046926D0,4.500156396334083D0,-2.850302478863267D0,    0000035P   3479
1.142880563046143D0,4.545270765720072D0,-2.802797437548881D0,    0000035P   3480
1.123509706045361D0,4.589914460785626D0,-2.755292396234493D0,    0000035P   3481
1.104138849044579D0,4.63407387913743D0,-2.707787354920106D0,     0000035P   3482
1.084767992043797D0,4.677735572664659D0,-2.660282313605717D0,    0000035P   3483
1.065397135043014D0,4.720886242203934D0,-2.612777272291329D0,    0000035P   3484
1.046026278042232D0,4.763512744519604D0,-2.565272230976941D0,    0000035P   3485
1.02665542104145D0,4.805602093717649D0,-2.517767189662554D0,     0000035P   3486
1.007284564040668D0,4.847141472609797D0,-2.470262148348166D0,    0000035P   3487
0.9879137070398852D0,4.888118227843163D0,-2.422757107033778D0,   0000035P   3488
0.968542850039103D0,4.928519878017561D0,-2.375252065719391D0,    0000035P   3489
0.9491719930383213D0,4.968334116086599D0,-2.327747024405003D0,   0000035P   3490
0.9298011360375383D0,5.007548815636045D0,-2.280241983090615D0,   0000035P   3491
0.9104302790367566D0,5.046152033369225D0,-2.232736941776228D0,   0000035P   3492
0.8910594220359744D0,5.084132010887053D0,-2.18523190046184D0,    0000035P   3493
0.871688565035192D0,5.121477177082566D0,-2.137726859147453D0,    0000035P   3494
0.85231770803441D0,5.158176160782687D0,-2.090221817833065D0,     0000035P   3495
0.8329468510336274D0,5.194217779786685D0,-2.042716776518677D0,   0000035P   3496
0.8135759940328455D0,5.229591060070573D0,-1.995211735204289D0,   0000035P   3497
0.7942051370320631D0,5.264285223931022D0,-1.947706693889902D0,   0000035P   3498
0.7748342800312812D0,5.298289706205335D0,-1.900201652575514D0,   0000035P   3499
0.7554634230304985D0,5.331594149247636D0,-1.852696611261126D0,   0000035P   3500
0.7360925660297166D0,5.364188406804129D0,-1.805191569946738D0,   0000035P   3501
0.7167217090289344D0,5.396062551535851D0,-1.75768652863235D0,    0000035P   3502
0.6973508520281522D0,5.427206877052467D0,-1.710181487317962D0,   0000035P   3503
0.6779799950273699D0,5.457611894254278D0,-1.662676446003575D0,   0000035P   3504
0.6586091380265876D0,5.487268343930422D0,-1.615171404689187D0,   0000035P   3505
0.6392382810258057D0,5.516167192024036D0,-1.5676663633748D0,     0000035P   3506
0.6198674240250233D0,5.544299635973437D0,-1.520161322060412D0,   0000035P   3507
0.6004965670242407D0,5.571657108082221D0,-1.472656280746024D0,   0000035P   3508
0.5811257100234587D0,5.598231273697685D0,-1.425151239431636D0,   0000035P   3509
0.5617548530226765D0,5.624014041127045D0,-1.377646198117248D0,   0000035P   3510
0.5423839960218941D0,5.648997553794141D0,-1.330141156802861D0,   0000035P   3511
0.5230131390211124D0,5.67317420569639D0,-1.282636115488473D0,    0000035P   3512
0.50364228202033D0,5.696536629420297D0,-1.235131074174085D0,     0000035P   3513
0.4842714250195478D0,5.719077710622419D0,-1.187626032859698D0,   0000035P   3514
0.4649005680187655D0,5.740790584090022D0,-1.14012099154531D0,    0000035P   3515
0.4455297110179833D0,5.761668635017495D0,-1.092615950230922D0,   0000035P   3516
0.4261588540172011D0,5.781705503840001D0,-1.045110908916535D0,   0000035P   3517
0.4067879970164189D0,5.800895089622499D0,-0.9976058676021467D0,  0000035P   3518
0.3874171400156365D0,5.819231543670004D0,-0.9501008262877592D0,  0000035P   3519
0.3680462830148544D0,5.836709285697497D0,-0.902595784973371D0,   0000035P   3520
0.3486754260140724D0,5.853322987540015D0,-0.8550907436589834D0,  0000035P   3521
0.3293045690132899D0,5.869067592142446D0,-0.8075857023445955D0,  0000035P   3522
0.3099337120125081D0,5.883938301890208D0,-0.7600806610302087D0,  0000035P   3523
0.2905628550117244D0,5.89793058829672D0,-0.7125756197158172D0,   0000035P   3524
0.271191998010948D0,5.911040188922908D0,-0.6650705784014438D0,   0000035P   3525
0.2518211410101441D0,5.923263110011651D0,-0.6175655370870029D0,  0000035P   3526
0.2324502840094429D0,5.934595631030492D0,-0.5700604957728138D0,  0000035P   3527
0.2130794270083581D0,5.945034295866387D0,-0.522555454457684D0,   0000035P   3528
0.1937085700087053D0,5.95457593150396D0,-0.4750504131460661D0,   0000035P   3529
0.1743377130037081D0,5.96321762411777D0,-0.4275453718213416D0,   0000035P   3530
0.1549668560186566D0,5.970956748024954D0,-0.3800403305455318D0,  0000035P   3531
0.1355959989591663D0,5.977790939782406D0,-0.3325352890871686D0,  0000035P   3532
0.1162251421774854D0,5.983718124845424D0,-0.2850302483101044D0,  0000035P   3533
0.09685428435900605D0,5.988736490835896D0,-0.2375252049903983D0, 0000035P   3534
0.07748343040991099D0,5.992844513810989D0,-0.1900201711599606D0, 0000035P   3535
0.05811256202007725D0,5.996040945920144D0,-0.1425151019150914D0, 0000035P   3536
0.03874174752381392D0,5.998324784508433D0,                       0000035P   3537
-0.09501016483867952D0,0.01937073189400776D0,                    0000035P   3538
5.999695450046127D0,-0.04750473450286979D0,                      0000035P   3539
0.006457221901204201D0,5.999999874886744D0,                      0000035P   3540
-0.01583567485841938D0,-7.651796673940978D-15,6.0D0,             0000035P   3541
-4.418162287467512D-15,6.54337119736005D0,1.2877D-08,            0000035P   3542
-6.543371661837937D0,6.531253326679045D0,1.755326214377607D-06,  0000035P   3543
-6.531253790296754D0,6.507019374912876D0,0.00030941253442851D0,  0000035P   3544
-6.507019836810347D0,6.470667008701341D0,0.001684929140178649D0, 0000035P   3545
-6.470667468018358D0,6.434315027951405D0,0.003973614904856896D0, 0000035P   3546
-6.434315484687994D0,6.397962943917348D0,0.007174889240393766D0, 0000035P   3547
-6.397963398073501D0,6.361610887558183D0,0.01128774813356805D0,  0000035P   3548
-6.361611339133906D0,6.325258823783555D0,0.01631094422533403D0,  0000035P   3549
-6.325259272778847D0,6.288906761995894D0,0.02224294696509585D0,  0000035P   3550
-6.288907208410755D0,6.252554699675828D0,0.02908195191428259D0,  0000035P   3551
-6.252555143510255D0,6.216202637498421D0,0.0368258713777738D0,   0000035P   3552
-6.216203078752413D0,6.179850575282786D0,0.04547235057462221D0,  0000035P   3553
-6.179851013956347D0,6.143498513077394D0,0.0550187543237374D0,   0000035P   3554
-6.143498949170522D0,6.10714645086926D0,0.06546217413042829D0,   0000035P   3555
-6.107146884381955D0,6.070794388661858D0,0.07679943115454943D0,  0000035P   3556
-6.070794819594117D0,6.034442326454264D0,0.08902706925137398D0,  0000035P   3557
-6.034442754806092D0,5.998090264246717D0,0.1021413678399546D0,   0000035P   3558
-5.998090690018111D0,5.961738202039158D0,0.1161383273888076D0,   0000035P   3559
-5.961738625230121D0,5.925386139831605D0,0.131013690604815D0,    0000035P   3560
-5.925386560442137D0,5.889034077624046D0,0.1467629201919324D0,   0000035P   3561
-5.889034495654143D0,5.852682015416491D0,0.1633812246274556D0,   0000035P   3562
-5.852682430866156D0,5.816329953208935D0,0.1808635372982453D0,   0000035P   3563
-5.816330366078168D0,5.779977891001376D0,0.1992045381795633D0,   0000035P   3564
-5.77997830129018D0,5.743625828793824D0,0.2183986359835017D0,    0000035P   3565
-5.743626236502191D0,5.707273766586266D0,0.2384399878864303D0,   0000035P   3566
-5.707274171714201D0,5.670921704378713D0,0.2593224864707773D0,   0000035P   3567
-5.670922106926214D0,5.634569642171156D0,0.2810397742304605D0,   0000035P   3568
-5.634570042138223D0,5.598217579963598D0,0.3035852346073806D0,   0000035P   3569
-5.598217977350235D0,5.561865517756046D0,0.3269520013400171D0,   0000035P   3570
-5.561865912562248D0,5.525513455548488D0,0.3511329540325512D0,   0000035P   3571
-5.525513847774257D0,5.489161393340932D0,0.3761207325297786D0,   0000035P   3572
-5.489161782986272D0,5.452809331133377D0,0.401907719848335D0,    0000035P   3573
-5.452809718198282D0,5.416457268925821D0,0.4284860660768823D0,   0000035P   3574
-5.416457653410292D0,5.380105206718266D0,0.4558476758441361D0,   0000035P   3575
-5.380105588622304D0,5.343753144510709D0,0.4839842105465739D0,   0000035P   3576
-5.343753523834316D0,5.307401082303153D0,0.5128871039695684D0,   0000035P   3577
-5.307401459046327D0,5.2710490200956D0,0.5425475515751528D0,     0000035P   3578
-5.271049394258339D0,5.234696957888042D0,0.5729565197298205D0,   0000035P   3579
-5.23469732947035D0,5.198344895680487D0,0.6041047435055655D0,    0000035P   3580
-5.198345264682362D0,5.16199283347293D0,0.6359827382479177D0,    0000035P   3581
-5.161993199894374D0,5.125640771265374D0,0.6685807915027642D0,   0000035P   3582
-5.125641135106385D0,5.089288709057818D0,0.7018889777410264D0,   0000035P   3583
-5.089289070318396D0,5.052936646850263D0,0.7358971495331314D0,   0000035P   3584
-5.052937005530408D0,5.016584584642707D0,0.7705949461264487D0,   0000035P   3585
-5.016584940742419D0,4.980232522435149D0,0.8059718039610742D0,   0000035P   3586
-4.980232875954428D0,4.943880460227597D0,0.8420169420292558D0,   0000035P   3587
-4.943880811166443D0,4.907528398020038D0,0.878719385921903D0,    0000035P   3588
-4.907528746378453D0,4.871176335812484D0,0.9160679522831315D0,   0000035P   3589
-4.871176681590464D0,4.83482427360493D0,0.954051268945571D0,     0000035P   3590
-4.834824616802477D0,4.798472211397373D0,0.9926577639345847D0,   0000035P   3591
-4.798472552014487D0,4.762120149189816D0,1.03187567731609D0,     0000035P   3592
-4.762120487226498D0,4.725768086982261D0,1.071693066801056D0,    0000035P   3593
-4.72576842243851D0,4.689416024774702D0,1.112097803479689D0,     0000035P   3594
-4.689416357650521D0,4.653063962567148D0,1.15307757728019D0,     0000035P   3595
-4.653064292862533D0,4.616711900359593D0,1.194619909399552D0,    0000035P   3596
-4.616712228074544D0,4.580359838152036D0,1.236712145121604D0,    0000035P   3597
-4.580360163286556D0,4.544007775944482D0,1.279341464114034D0,    0000035P   3598
-4.544008098498567D0,4.507655713736924D0,1.322494882422264D0,    0000035P   3599
-4.507656033710578D0,4.471303651529371D0,1.36615925219691D0,     0000035P   3600
-4.471303968922592D0,4.434951589321813D0,1.410321278790095D0,    0000035P   3601
-4.434951904134601D0,4.398599527114258D0,1.45496750664271D0,     0000035P   3602
-4.398599839346614D0,4.362247464906703D0,1.500084340639066D0,    0000035P   3603
-4.362247774558625D0,4.325895402699145D0,1.545658034801028D0,    0000035P   3604
-4.325895709770636D0,4.289543340491592D0,1.591674710156822D0,    0000035P   3605
-4.289543644982648D0,4.253191278284032D0,1.638120348571682D0,    0000035P   3606
-4.253191580194658D0,4.216839216076478D0,1.684980805556451D0,    0000035P   3607
-4.216839515406669D0,4.180487153868922D0,1.732241807202514D0,    0000035P   3608
-4.18048745061868D0,4.144135091661367D0,1.779888955633495D0,     0000035P   3609
-4.144135385830694D0,4.107783029453812D0,1.827907740263509D0,    0000035P   3610
-4.107783321042706D0,4.071430967246254D0,1.876283535312471D0,    0000035P   3611
-4.071431256254715D0,4.0350789050387D0,1.925001604486609D0,      0000035P   3612
-4.035079191466727D0,3.998726842831143D0,1.974047108741095D0,    0000035P   3613
-3.998727126678738D0,3.962374780623588D0,2.023405112549011D0,    0000035P   3614
-3.962375061890752D0,3.926022718416033D0,2.073060575062861D0,    0000035P   3615
-3.926022997102762D0,3.889670656208476D0,2.122998379199548D0,    0000035P   3616
-3.889670932314773D0,3.853318594000919D0,2.173203308138952D0,    0000035P   3617
-3.853318867526784D0,3.816966531793364D0,2.223660074244647D0,    0000035P   3618
-3.816966802738796D0,3.780614469585808D0,2.274353304882463D0,    0000035P   3619
-3.780614737950808D0,3.744262407378253D0,2.325267564225504D0,    0000035P   3620
-3.744262673162819D0,3.707910345170697D0,2.376387340215526D0,    0000035P   3621
-3.70791060837483D0,3.671558282963141D0,2.427697062912396D0,     0000035P   3622
-3.671558543586842D0,3.635206220755584D0,2.479181104134893D0,    0000035P   3623
-3.635206478798853D0,3.59885415854803D0,2.530823784548032D0,     0000035P   3624
-3.598854414010865D0,3.562502096340474D0,2.582609369672984D0,    0000035P   3625
-3.562502349222876D0,3.526150034132916D0,2.634522090760036D0,    0000035P   3626
-3.526150284434888D0,3.489797971925363D0,2.686546131286875D0,    0000035P   3627
-3.489798219646898D0,3.453445909717805D0,2.738665648092467D0,    0000035P   3628
-3.45344615485891D0,3.41709384751025D0,2.790864766343256D0,      0000035P   3629
-3.417094090070922D0,3.380741785302695D0,2.84312758453451D0,     0000035P   3630
-3.380742025282933D0,3.344389723095139D0,2.895438183518704D0,    0000035P   3631
-3.344389960494944D0,3.308037660887583D0,2.947780633390678D0,    0000035P   3632
-3.308037895706955D0,3.271685598680026D0,3.000138986918584D0,    0000035P   3633
-3.271685830918968D0,3.235333536472472D0,3.052497298934985D0,    0000035P   3634
-3.235333766130979D0,3.198981474264915D0,3.104839621341476D0,    0000035P   3635
-3.198981701342991D0,3.162629412057359D0,3.157150009699118D0,    0000035P   3636
-3.162629636555002D0,3.126277349849804D0,3.209412531862058D0,    0000035P   3637
-3.126277571767014D0,3.089925287642247D0,3.261611268852655D0,    0000035P   3638
-3.089925506979024D0,3.053573225434692D0,3.313730320727323D0,    0000035P   3639
-3.053573442191036D0,3.017221163227136D0,3.365753812238052D0,    0000035P   3640
-3.017221377403049D0,2.98086910101958D0,3.417665900320469D0,     0000035P   3641
-2.980869312615058D0,2.944517038812025D0,3.469450768480078D0,    0000035P   3642
-2.94451724782707D0,2.90816497660447D0,3.521092647759219D0,      0000035P   3643
-2.908165183039082D0,2.871812914396913D0,3.572575804483044D0,    0000035P   3644
-2.871813118251093D0,2.835460852189357D0,3.623884562308611D0,    0000035P   3645
-2.835461053463104D0,2.799108789981802D0,3.675003286282515D0,    0000035P   3646
-2.799108988675116D0,2.762756727774246D0,3.725916412561329D0,    0000035P   3647
-2.762756923887127D0,2.72640466556669D0,3.776608429472169D0,     0000035P   3648
-2.726404859099138D0,2.690052603359134D0,3.827063899549996D0,    0000035P   3649
-2.690052794311152D0,2.653700541151578D0,3.877267450327853D0,    0000035P   3650
-2.653700729523162D0,2.617348478944023D0,3.927203795138597D0,    0000035P   3651
-2.617348664735173D0,2.580996416736466D0,3.976857719117766D0,    0000035P   3652
-2.580996599947184D0,2.54464435452891D0,4.026214102390344D0,     0000035P   3653
-2.544644535159196D0,2.508292292321355D0,4.075257907320861D0,    0000035P   3654
-2.508292470371207D0,2.471940230113799D0,4.123974200326218D0,    0000035P   3655
-2.47194040558322D0,2.435588167906243D0,4.172348137374269D0,     0000035P   3656
-2.43558834079523D0,2.399236105698686D0,4.220364988176709D0,     0000035P   3657
-2.399236276007241D0,2.362884043491132D0,4.268010125918889D0,    0000035P   3658
-2.362884211219253D0,2.326531981283576D0,4.315269038147735D0,    0000035P   3659
-2.326532146431265D0,2.290179919076019D0,4.362127329490178D0,    0000035P   3660
-2.290180081643275D0,2.253827856868464D0,4.408570729891559D0,    0000035P   3661
-2.253828016855287D0,2.217475794660908D0,4.454585088943591D0,    0000035P   3662
-2.217475952067298D0,2.181123732453352D0,4.500156396334085D0,    0000035P   3663
-2.18112388727931D0,2.144771670245797D0,4.545270765720074D0,     0000035P   3664
-2.144771822491322D0,2.10841960803824D0,4.589914460785626D0,     0000035P   3665
-2.108419757703332D0,2.072067545830685D0,4.634073879137429D0,    0000035P   3666
-2.072067692915345D0,2.035715483623128D0,4.67773557266466D0,     0000035P   3667
-2.035715628127355D0,1.999363421415573D0,4.720886242203935D0,    0000035P   3668
-1.999363563339368D0,1.963011359208017D0,4.763512744519605D0,    0000035P   3669
-1.963011498551379D0,1.926659297000461D0,4.805602093717651D0,    0000035P   3670
-1.92665943376339D0,1.890307234792906D0,4.847141472609798D0,     0000035P   3671
-1.890307368975402D0,1.853955172585349D0,4.888118227843162D0,    0000035P   3672
-1.853955304187413D0,1.817603110377793D0,4.928519878017561D0,    0000035P   3673
-1.817603239399424D0,1.781251048170238D0,4.968334116086599D0,    0000035P   3674
-1.781251174611436D0,1.744898985962681D0,5.007548815636044D0,    0000035P   3675
-1.744899109823447D0,1.708546923755127D0,5.046152033369225D0,    0000035P   3676
-1.708547045035459D0,1.67219486154757D0,5.084132010887054D0,     0000035P   3677
-1.67219498024747D0,1.635842799340014D0,5.121477177082565D0,     0000035P   3678
-1.635842915459481D0,1.599490737132459D0,5.158176160782689D0,    0000035P   3679
-1.599490850671494D0,1.563138674924903D0,5.194217779786688D0,    0000035P   3680
-1.563138785883504D0,1.526786612717347D0,5.229591060070573D0,    0000035P   3681
-1.526786721095516D0,1.490434550509791D0,5.264285223931024D0,    0000035P   3682
-1.490434656307527D0,1.454082488302235D0,5.298289706205337D0,    0000035P   3683
-1.454082591519539D0,1.417730426094679D0,5.331594149247635D0,    0000035P   3684
-1.417730526731549D0,1.381378363887124D0,5.364188406804128D0,    0000035P   3685
-1.381378461943561D0,1.345026301679568D0,5.396062551535851D0,    0000035P   3686
-1.345026397155573D0,1.308674239472012D0,5.427206877052469D0,    0000035P   3687
-1.308674332367584D0,1.272322177264457D0,5.457611894254279D0,    0000035P   3688
-1.272322267579596D0,1.235970115056901D0,5.487268343930421D0,    0000035P   3689
-1.235970202791607D0,1.199618052849344D0,5.516167192024036D0,    0000035P   3690
-1.199618138003618D0,1.163265990641789D0,5.544299635973438D0,    0000035P   3691
-1.16326607321563D0,1.126913928434233D0,5.57165710808222D0,      0000035P   3692
-1.126914008427641D0,1.090561866226677D0,5.598231273697686D0,    0000035P   3693
-1.090561943639653D0,1.054209804019122D0,5.624014041127045D0,    0000035P   3694
-1.054209878851665D0,1.017857741811566D0,5.648997553794141D0,    0000035P   3695
-1.017857814063676D0,0.9815056796040098D0,5.673174205696391D0,   0000035P   3696
-0.9815057492756873D0,0.9451536173964537D0,5.696536629420299D0,  0000035P   3697
-0.9451536844876988D0,0.9088015551888978D0,5.71907771062242D0,   0000035P   3698
-0.90880161969971D0,0.8724494929813421D0,5.740790584090023D0,    0000035P   3699
-0.8724495549117214D0,0.8360974307737863D0,5.761668635017494D0,  0000035P   3700
-0.8360974901237331D0,0.7997453685662305D0,5.781705503840003D0,  0000035P   3701
-0.7997454253357444D0,0.7633933063586746D0,5.800895089622499D0,  0000035P   3702
-0.7633933605477559D0,0.7270412441511188D0,5.819231543670003D0,  0000035P   3703
-0.727041295759767D0,0.6906891819435629D0,5.836709285697497D0,   0000035P   3704
-0.6906892309717787D0,0.6543371197360072D0,5.853322987540015D0,  0000035P   3705
-0.6543371661837902D0,0.6179850575284509D0,5.869067592142445D0,  0000035P   3706
-0.6179851013958013D0,0.581632995320896D0,5.883938301890208D0,   0000035P   3707
-0.5816330366078137D0,0.5452809331133374D0,5.897930588296721D0,  0000035P   3708
-0.5452809718198221D0,0.5089288709057923D0,5.911040188922907D0,  0000035P   3709
-0.5089289070318445D0,0.4725768086981958D0,5.923263110011652D0,  0000035P   3710
-0.4725768422438151D0,0.4362247464907921D0,5.934595631030491D0,  0000035P   3711
-0.4362247774559787D0,0.3998726842826685D0,5.945034295866387D0,  0000035P   3712
-0.3998727126674224D0,0.363520622077232D0,5.95457593150396D0,    0000035P   3713
-0.363520647881553D0,0.3271685598617661D0,5.963217624117773D0,   0000035P   3714
-0.3271685830856544D0,0.2908164976837313D0,5.970956748024954D0,  0000035P   3715
-0.2908165183271869D0,0.2544644353660018D0,5.977790939782407D0,  0000035P   3716
-0.2544644534290245D0,0.2181123735696194D0,5.983718124845423D0,  0000035P   3717
-0.2181123890522096D0,0.1817603098275432D0,5.988736490835898D0,  0000035P   3718
-0.1817603227297004D0,0.1454082533468956D0,5.992844513810994D0,  0000035P   3719
-0.1454082636686205D0,0.1090561697662272D0,5.996040945920143D0,  0000035P   3720
-0.1090561775075178D0,0.07270418732421363D0,5.998324784508434D0, 0000035P   3721
-0.07270419248507722D0,0.03635182742760118D0,                    0000035P   3722
5.999695450046128D0,-0.0363518300080109D0,0.01211785994968668D0, 0000035P   3723
5.999999874886746D0,-0.01211786080986048D0,                      0000035P   3724
2.133651363339589D-15,5.999999999999999D0,4.213780302850855D-15, 0000035P   3725
8.234054459704433D0,1.2877D-08,-3.969695120259903D0,             0000035P   3726
8.218805560610447D0,1.755326214377607D-06,-3.962343519585049D0,  0000035P   3727
8.188310014415995D0,0.0003094125344285101D0,                     0000035P   3728
-3.947641403937139D0,8.142564884864788D0,0.001684929140178649D0, 0000035P   3729
-3.925587357726519D0,8.096820240371152D0,0.003973614904856898D0, 0000035P   3730
-3.903533545365539D0,8.05107546590674D0,0.007174889240393764D0,  0000035P   3731
-3.881479670344742D0,8.005330726267889D0,0.01128774813356805D0,  0000035P   3732
-3.85942581211359D0,7.959585977297556D0,0.01631094422533403D0,   0000035P   3733
-3.837371949383665D0,7.913841230827591D0,0.02224294696509585D0,  0000035P   3734
-3.815318087859184D0,7.868096483687646D0,0.02908195191428261D0,  0000035P   3735
-3.793264226011704D0,7.822351736727229D0,0.0368258713777738D0,   0000035P   3736
-3.771210364250773D0,7.776606989718705D0,0.04547235057462221D0,  0000035P   3737
-3.749156502466649D0,7.730862242723068D0,0.05501875432373738D0,  0000035P   3738
-3.72710264068874D0,7.685117495723985D0,0.06546217413042832D0,   0000035P   3739
-3.705048778909169D0,7.639372748725819D0,0.07679943115454944D0,  0000035P   3740
-3.682994917130041D0,7.59362800172741D0,0.08902706925137402D0,   0000035P   3741
-3.660941055350794D0,7.547883254729064D0,0.1021413678399546D0,   0000035P   3742
-3.638887193571579D0,7.502138507730702D0,0.1161383273888076D0,   0000035P   3743
-3.616833331792353D0,7.456393760732348D0,0.131013690604815D0,    0000035P   3744
-3.594779470013134D0,7.410649013733987D0,0.1467629201919324D0,   0000035P   3745
-3.572725608233911D0,7.364904266735634D0,0.1633812246274556D0,   0000035P   3746
-3.550671746454691D0,7.319159519737273D0,0.1808635372982453D0,   0000035P   3747
-3.528617884675469D0,7.273414772738915D0,0.1992045381795634D0,   0000035P   3748
-3.506564022896246D0,7.227670025740557D0,0.2183986359835017D0,   0000035P   3749
-3.484510161117026D0,7.181925278742199D0,0.2384399878864303D0,   0000035P   3750
-3.462456299337803D0,7.136180531743843D0,0.2593224864707774D0,   0000035P   3751
-3.440402437558582D0,7.090435784745482D0,0.2810397742304607D0,   0000035P   3752
-3.418348575779361D0,7.044691037747124D0,0.3035852346073807D0,   0000035P   3753
-3.396294714000138D0,6.998946290748767D0,0.3269520013400172D0,   0000035P   3754
-3.374240852220918D0,6.953201543750406D0,0.3511329540325512D0,   0000035P   3755
-3.352186990441695D0,6.907456796752051D0,0.3761207325297786D0,   0000035P   3756
-3.330133128662473D0,6.861712049753691D0,0.4019077198483349D0,   0000035P   3757
-3.308079266883252D0,6.815967302755336D0,0.4284860660768824D0,   0000035P   3758
-3.28602540510403D0,6.770222555756978D0,0.455847675844136D0,     0000035P   3759
-3.26397154332481D0,6.724477808758619D0,0.4839842105465742D0,    0000035P   3760
-3.241917681545587D0,6.678733061760259D0,0.5128871039695685D0,   0000035P   3761
-3.219863819766365D0,6.632988314761902D0,0.5425475515751529D0,   0000035P   3762
-3.197809957987145D0,6.587243567763544D0,0.5729565197298207D0,   0000035P   3763
-3.175756096207921D0,6.541498820765187D0,0.6041047435055658D0,   0000035P   3764
-3.153702234428701D0,6.495754073766829D0,0.6359827382479175D0,   0000035P   3765
-3.131648372649477D0,6.450009326768472D0,0.6685807915027642D0,   0000035P   3766
-3.109594510870256D0,6.404264579770115D0,0.7018889777410263D0,   0000035P   3767
-3.087540649091035D0,6.358519832771755D0,0.7358971495331316D0,   0000035P   3768
-3.065486787311814D0,6.312775085773397D0,0.7705949461264491D0,   0000035P   3769
-3.043432925532593D0,6.267030338775038D0,0.805971803961074D0,    0000035P   3770
-3.02137906375337D0,6.221285591776681D0,0.8420169420292561D0,    0000035P   3771
-2.999325201974149D0,6.175540844778324D0,0.8787193859219035D0,   0000035P   3772
-2.977271340194926D0,6.129796097779968D0,0.9160679522831314D0,   0000035P   3773
-2.955217478415706D0,6.084051350781607D0,0.9540512689455716D0,   0000035P   3774
-2.933163616636483D0,6.03830660378325D0,0.9926577639345847D0,    0000035P   3775
-2.911109754857261D0,5.99256185678489D0,1.03187567731609D0,      0000035P   3776
-2.88905589307804D0,5.946817109786533D0,1.071693066801056D0,     0000035P   3777
-2.867002031298819D0,5.901072362788177D0,1.112097803479689D0,    0000035P   3778
-2.844948169519597D0,5.855327615789821D0,1.153077577280191D0,    0000035P   3779
-2.822894307740375D0,5.809582868791457D0,1.194619909399552D0,    0000035P   3780
-2.800840445961153D0,5.763838121793102D0,1.236712145121604D0,    0000035P   3781
-2.778786584181932D0,5.718093374794744D0,1.279341464114034D0,    0000035P   3782
-2.756732722402711D0,5.672348627796386D0,1.322494882422264D0,    0000035P   3783
-2.734678860623489D0,5.62660388079803D0,1.366159252196911D0,     0000035P   3784
-2.712624998844266D0,5.580859133799669D0,1.410321278790096D0,    0000035P   3785
-2.690571137065045D0,5.535114386801311D0,1.454967506642711D0,    0000035P   3786
-2.668517275285822D0,5.489369639802954D0,1.500084340639066D0,    0000035P   3787
-2.646463413506602D0,5.443624892804596D0,1.545658034801029D0,    0000035P   3788
-2.624409551727379D0,5.397880145806237D0,1.591674710156823D0,    0000035P   3789
-2.602355689948159D0,5.352135398807882D0,1.638120348571682D0,    0000035P   3790
-2.580301828168937D0,5.306390651809522D0,1.684980805556452D0,    0000035P   3791
-2.558247966389714D0,5.260645904811163D0,1.732241807202514D0,    0000035P   3792
-2.536194104610494D0,5.214901157812806D0,1.779888955633496D0,    0000035P   3793
-2.514140242831271D0,5.169156410814448D0,1.827907740263509D0,    0000035P   3794
-2.49208638105205D0,5.123411663816089D0,1.876283535312472D0,     0000035P   3795
-2.470032519272828D0,5.077666916817733D0,1.925001604486609D0,    0000035P   3796
-2.447978657493607D0,5.031922169819375D0,1.974047108741096D0,    0000035P   3797
-2.425924795714385D0,4.986177422821016D0,2.023405112549011D0,    0000035P   3798
-2.403870933935162D0,4.94043267582266D0,2.073060575062861D0,     0000035P   3799
-2.381817072155942D0,4.8946879288243D0,2.122998379199548D0,      0000035P   3800
-2.359763210376719D0,4.848943181825943D0,2.173203308138952D0,    0000035P   3801
-2.337709348597497D0,4.803198434827585D0,2.223660074244648D0,    0000035P   3802
-2.315655486818276D0,4.757453687829228D0,2.274353304882463D0,    0000035P   3803
-2.293601625039055D0,4.711708940830869D0,2.325267564225504D0,    0000035P   3804
-2.271547763259833D0,4.66596419383251D0,2.376387340215526D0,     0000035P   3805
-2.249493901480611D0,4.620219446834152D0,2.427697062912396D0,    0000035P   3806
-2.227440039701389D0,4.574474699835794D0,2.479181104134894D0,    0000035P   3807
-2.205386177922168D0,4.528729952837436D0,2.530823784548031D0,    0000035P   3808
-2.183332316142946D0,4.48298520583908D0,2.582609369672985D0,     0000035P   3809
-2.161278454363725D0,4.437240458840718D0,2.634522090760036D0,    0000035P   3810
-2.139224592584502D0,4.391495711842364D0,2.686546131286876D0,    0000035P   3811
-2.117170730805282D0,4.345750964844006D0,2.738665648092467D0,    0000035P   3812
-2.095116869026059D0,4.300006217845646D0,2.790864766343256D0,    0000035P   3813
-2.073063007246838D0,4.254261470847289D0,2.843127584534511D0,    0000035P   3814
-2.051009145467616D0,4.208516723848931D0,2.895438183518703D0,    0000035P   3815
-2.028955283688394D0,4.162771976850572D0,2.947780633390678D0,    0000035P   3816
-2.006901421909173D0,4.117027229852216D0,3.000138986918585D0,    0000035P   3817
-1.984847560129951D0,4.071282482853859D0,3.052497298934986D0,    0000035P   3818
-1.96279369835073D0,4.0255377358555D0,3.104839621341477D0,       0000035P   3819
-1.940739836571507D0,3.979792988857141D0,3.157150009699117D0,    0000035P   3820
-1.918685974792286D0,3.934048241858783D0,3.209412531862057D0,    0000035P   3821
-1.896632113013064D0,3.888303494860426D0,3.261611268852656D0,    0000035P   3822
-1.874578251233843D0,3.842558747862067D0,3.313730320727324D0,    0000035P   3823
-1.852524389454621D0,3.79681400086371D0,3.365753812238054D0,     0000035P   3824
-1.8304705276754D0,3.75106925386535D0,3.417665900320468D0,       0000035P   3825
-1.808416665896177D0,3.705324506866993D0,3.469450768480079D0,    0000035P   3826
-1.786362804116956D0,3.659579759868636D0,3.521092647759221D0,    0000035P   3827
-1.764308942337735D0,3.613835012870278D0,3.572575804483043D0,    0000035P   3828
-1.742255080558512D0,3.568090265871919D0,3.623884562308612D0,    0000035P   3829
-1.720201218779291D0,3.522345518873562D0,3.675003286282516D0,    0000035P   3830
-1.69814735700007D0,3.476600771875202D0,3.72591641256133D0,      0000035P   3831
-1.676093495220848D0,3.430856024876845D0,3.776608429472169D0,    0000035P   3832
-1.654039633441626D0,3.385111277878489D0,3.827063899549995D0,    0000035P   3833
-1.631985771662405D0,3.339366530880128D0,3.877267450327855D0,    0000035P   3834
-1.609931909883182D0,3.293621783881771D0,3.927203795138597D0,    0000035P   3835
-1.587878048103961D0,3.247877036883414D0,3.976857719117765D0,    0000035P   3836
-1.56582418632474D0,3.202132289885056D0,4.026214102390344D0,     0000035P   3837
-1.543770324545518D0,3.156387542886697D0,4.075257907320861D0,    0000035P   3838
-1.521716462766296D0,3.11064279588834D0,4.123974200326217D0,     0000035P   3839
-1.499662600987074D0,3.064898048889983D0,4.172348137374269D0,    0000035P   3840
-1.477608739207853D0,3.019153301891624D0,4.220364988176711D0,    0000035P   3841
-1.455554877428631D0,2.973408554893267D0,4.268010125918892D0,    0000035P   3842
-1.433501015649409D0,2.927663807894909D0,4.315269038147734D0,    0000035P   3843
-1.411447153870188D0,2.88191906089655D0,4.362127329490178D0,     0000035P   3844
-1.389393292090966D0,2.836174313898192D0,4.408570729891558D0,    0000035P   3845
-1.367339430311745D0,2.790429566899833D0,4.45458508894359D0,     0000035P   3846
-1.345285568532522D0,2.744684819901476D0,4.500156396334084D0,    0000035P   3847
-1.323231706753301D0,2.698940072903119D0,4.545270765720073D0,    0000035P   3848
-1.301177844974079D0,2.65319532590476D0,4.589914460785627D0,     0000035P   3849
-1.279123983194857D0,2.607450578906401D0,4.634073879137431D0,    0000035P   3850
-1.257070121415636D0,2.561705831908044D0,4.67773557266466D0,     0000035P   3851
-1.235016259636414D0,2.515961084909686D0,4.720886242203936D0,    0000035P   3852
-1.212962397857193D0,2.470216337911329D0,4.763512744519604D0,    0000035P   3853
-1.190908536077971D0,2.42447159091297D0,4.80560209371765D0,      0000035P   3854
-1.168854674298749D0,2.378726843914612D0,4.847141472609797D0,    0000035P   3855
-1.146800812519527D0,2.332982096916255D0,4.888118227843163D0,    0000035P   3856
-1.124746950740306D0,2.287237349917896D0,4.928519878017561D0,    0000035P   3857
-1.102693088961084D0,2.241492602919539D0,4.9683341160866D0,      0000035P   3858
-1.080639227181862D0,2.195747855921181D0,5.007548815636046D0,    0000035P   3859
-1.05858536540264D0,2.150003108922823D0,5.046152033369228D0,     0000035P   3860
-1.036531503623419D0,2.104258361924464D0,5.084132010887054D0,    0000035P   3861
-1.014477641844197D0,2.058513614926107D0,5.121477177082569D0,    0000035P   3862
-0.9924237800649756D0,2.012768867927749D0,5.158176160782688D0,   0000035P   3863
-0.9703699182857537D0,1.96702412092939D0,5.194217779786686D0,    0000035P   3864
-0.9483160565065321D0,1.921279373931033D0,5.229591060070573D0,   0000035P   3865
-0.9262621947273104D0,1.875534626932674D0,5.264285223931024D0,   0000035P   3866
-0.9042083329480886D0,1.829789879934317D0,5.298289706205337D0,   0000035P   3867
-0.8821544711688675D0,1.784045132935959D0,5.331594149247636D0,   0000035P   3868
-0.8601006093896454D0,1.738300385937601D0,5.364188406804131D0,   0000035P   3869
-0.8380467476104238D0,1.692555638939243D0,5.396062551535854D0,   0000035P   3870
-0.8159928858312022D0,1.646810891940885D0,5.427206877052469D0,   0000035P   3871
-0.7939390240519805D0,1.601066144942527D0,5.457611894254279D0,   0000035P   3872
-0.7718851622727587D0,1.555321397944169D0,5.487268343930424D0,   0000035P   3873
-0.7498313004935372D0,1.509576650945811D0,5.516167192024035D0,   0000035P   3874
-0.7277774387143153D0,1.463831903947454D0,5.544299635973439D0,   0000035P   3875
-0.7057235769350938D0,1.418087156949095D0,5.571657108082222D0,   0000035P   3876
-0.6836697151558719D0,1.372342409950737D0,5.598231273697685D0,   0000035P   3877
-0.6616158533766504D0,1.326597662952379D0,5.624014041127046D0,   0000035P   3878
-0.6395619915974287D0,1.280852915954021D0,5.648997553794143D0,   0000035P   3879
-0.6175081298182069D0,1.235108168955664D0,5.673174205696393D0,   0000035P   3880
-0.5954542680389854D0,1.189363421957306D0,5.696536629420299D0,   0000035P   3881
-0.5734004062597636D0,1.143618674958947D0,5.719077710622421D0,   0000035P   3882
-0.5513465444805421D0,1.097873927960589D0,5.740790584090022D0,   0000035P   3883
-0.5292926827013202D0,1.052129180962232D0,5.761668635017496D0,   0000035P   3884
-0.5072388209220986D0,1.006384433963873D0,5.781705503840004D0,   0000035P   3885
-0.4851849591428768D0,0.9606396869655157D0,5.800895089622499D0,  0000035P   3886
-0.4631310973636552D0,0.9148949399671574D0,5.819231543670004D0,  0000035P   3887
-0.4410772355844337D0,0.8691501929687993D0,5.836709285697497D0,  0000035P   3888
-0.4190233738052118D0,0.8234054459704416D0,5.853322987540016D0,  0000035P   3889
-0.3969695120259902D0,0.7776606989720837D0,5.869067592142446D0,  0000035P   3890
-0.3749156502467685D0,0.7319159519737267D0,5.883938301890212D0,  0000035P   3891
-0.3528617884675472D0,0.6861712049753648D0,5.897930588296723D0,  0000035P   3892
-0.3308079266883238D0,0.6404264579770205D0,5.911040188922909D0,  0000035P   3893
-0.3087540649091086D0,0.5946817109786113D0,5.923263110011651D0,  0000035P   3894
-0.2867002031298622D0,0.5489369639804448D0,5.934595631030494D0,  0000035P   3895
-0.264646341350733D0,0.5031922169813722D0,5.945034295866388D0,   0000035P   3896
-0.2425924795711668D0,0.4574474699856814D0,5.954575931503966D0,  0000035P   3897
-0.2205386177932309D0,0.4117027229773697D0,5.963217624117772D0,  0000035P   3898
-0.1984847560092103D0,0.3659579760161602D0,5.970956748024957D0,  0000035P   3899
-0.1764308942478983D0,0.3202132288791616D0,5.977790939782407D0,  0000035P   3900
-0.154377032401837D0,0.2744684823982168D0,5.983718124845426D0,   0000035P   3901
-0.1323231708720638D0,0.2287237334688473D0,5.988736490835898D0,  0000035P   3902
-0.110269308161888D0,0.1829789936771224D0,5.992844513810991D0,   0000035P   3903
-0.08821544985703439D0,0.1372342197832439D0,5.996040945920144D0, 0000035P   3904
-0.0661615751112946D0,0.09148957316033463D0,5.998324784508434D0, 0000035P   3905
-0.04410776172377723D0,0.04574445155570257D0,                    0000035P   3906
5.999695450046127D0,-0.02205371934425645D0,                      0000035P   3907
0.01524888558989569D0,5.999999874886745D0,                       0000035P   3908
-0.007351594164436716D0,-1.769272572950618D-15,                  0000035P   3909
6.000000000000003D0,3.023392671289755D-17,8.892873388493927D0,   0000035P   3910
1.2877D-08,-1.696259922499587D0,8.876404402331593D0,             0000035P   3911
1.755326214377606D-06,-1.69311856649788D0,8.843468862185809D0,   0000035P   3912
0.0003094125344285099D0,-1.686836318417359D0,                    0000035P   3913
8.794063596866037D0,0.001684929140178649D0,-1.677412573373286D0, 0000035P   3914
8.744658855414018D0,0.003973614904856894D0,-1.667988928253708D0, 0000035P   3915
8.695253973592063D0,0.007174889240393763D0,-1.658565256359441D0, 0000035P   3916
8.645849129382112D0,0.01128774813356805D0,-1.649141591639431D0,  0000035P   3917
8.596444275094058D0,0.01631094422533402D0,-1.639717924997084D0,  0000035P   3918
8.547039423506423D0,0.02224294696509585D0,-1.630294258869827D0,  0000035P   3919
8.497634571195217D0,0.02908195191428258D0,-1.620870592604552D0,  0000035P   3920
8.448229719077887D0,0.0368258713777738D0,-1.611446926376258D0,   0000035P   3921
8.398824866908607D0,0.04547235057462219D0,-1.602023260138055D0,  0000035P   3922
8.349420014753251D0,0.05501875432373737D0,-1.592599593902507D0,  0000035P   3923
8.300015162594164D0,0.06546217413042825D0,-1.583175927666249D0,  0000035P   3924
8.250610310436072D0,0.0767994311545494D0,-1.573752261430179D0,   0000035P   3925
8.201205458277721D0,0.08902706925137392D0,-1.56432859519406D0,   0000035P   3926
8.151800606119437D0,0.1021413678399546D0,-1.554904928957954D0,   0000035P   3927
8.102395753961128D0,0.1161383273888075D0,-1.545481262721844D0,   0000035P   3928
8.052990901802836D0,0.131013690604815D0,-1.536057596485737D0,    0000035P   3929
8.003586049644531D0,0.1467629201919323D0,-1.526633930249627D0,   0000035P   3930
7.954181197486236D0,0.1633812246274555D0,-1.517210264013519D0,   0000035P   3931
7.904776345327933D0,0.1808635372982453D0,-1.507786597777409D0,   0000035P   3932
7.855371493169633D0,0.1992045381795632D0,-1.498362931541301D0,   0000035P   3933
7.805966641011335D0,0.2183986359835016D0,-1.488939265305192D0,   0000035P   3934
7.756561788853036D0,0.2384399878864302D0,-1.479515599069084D0,   0000035P   3935
7.707156936694738D0,0.2593224864707773D0,-1.470091932832975D0,   0000035P   3936
7.657752084536434D0,0.2810397742304605D0,-1.460668266596865D0,   0000035P   3937
7.608347232378134D0,0.3035852346073805D0,-1.451244600360756D0,   0000035P   3938
7.55894238021984D0,0.3269520013400168D0,-1.441820934124648D0,    0000035P   3939
7.509537528061537D0,0.3511329540325509D0,-1.432397267888539D0,   0000035P   3940
7.46013267590324D0,0.3761207325297784D0,-1.422973601652431D0,    0000035P   3941
7.410727823744939D0,0.4019077198483348D0,-1.413549935416321D0,   0000035P   3942
7.36132297158664D0,0.4284860660768819D0,-1.404126269180213D0,    0000035P   3943
7.31191811942834D0,0.4558476758441358D0,-1.394702602944103D0,    0000035P   3944
7.262513267270039D0,0.4839842105465739D0,-1.385278936707995D0,   0000035P   3945
7.21310841511174D0,0.5128871039695683D0,-1.375855270471886D0,    0000035P   3946
7.163703562953442D0,0.5425475515751524D0,-1.366431604235777D0,   0000035P   3947
7.114298710795143D0,0.5729565197298203D0,-1.357007937999669D0,   0000035P   3948
7.064893858636844D0,0.6041047435055651D0,-1.347584271763559D0,   0000035P   3949
7.015489006478539D0,0.6359827382479177D0,-1.338160605527451D0,   0000035P   3950
6.966084154320241D0,0.6685807915027641D0,-1.328736939291342D0,   0000035P   3951
6.916679302161941D0,0.7018889777410262D0,-1.319313273055233D0,   0000035P   3952
6.867274450003647D0,0.7358971495331311D0,-1.309889606819125D0,   0000035P   3953
6.817869597845345D0,0.7705949461264483D0,-1.300465940583015D0,   0000035P   3954
6.768464745687044D0,0.8059718039610738D0,-1.291042274346906D0,   0000035P   3955
6.719059893528744D0,0.8420169420292554D0,-1.281618608110797D0,   0000035P   3956
6.669655041370444D0,0.8787193859219028D0,-1.272194941874689D0,   0000035P   3957
6.620250189212143D0,0.9160679522831312D0,-1.262771275638581D0,   0000035P   3958
6.570845337053846D0,0.9540512689455705D0,-1.253347609402472D0,   0000035P   3959
6.521440484895543D0,0.9926577639345841D0,-1.243923943166363D0,   0000035P   3960
6.472035632737247D0,1.03187567731609D0,-1.234500276930254D0,     0000035P   3961
6.422630780578948D0,1.071693066801055D0,-1.225076610694144D0,    0000035P   3962
6.373225928420645D0,1.112097803479688D0,-1.215652944458036D0,    0000035P   3963
6.323821076262346D0,1.15307757728019D0,-1.206229278221927D0,     0000035P   3964
6.274416224104048D0,1.194619909399551D0,-1.196805611985818D0,    0000035P   3965
6.225011371945747D0,1.236712145121603D0,-1.187381945749709D0,    0000035P   3966
6.17560651978745D0,1.279341464114033D0,-1.177958279513601D0,     0000035P   3967
6.126201667629152D0,1.322494882422264D0,-1.168534613277491D0,    0000035P   3968
6.076796815470848D0,1.36615925219691D0,-1.159110947041383D0,     0000035P   3969
6.027391963312552D0,1.410321278790094D0,-1.149687280805274D0,    0000035P   3970
5.977987111154254D0,1.45496750664271D0,-1.140263614569166D0,     0000035P   3971
5.928582258995951D0,1.500084340639065D0,-1.130839948333056D0,    0000035P   3972
5.87917740683765D0,1.545658034801027D0,-1.121416282096948D0,     0000035P   3973
5.829772554679357D0,1.591674710156822D0,-1.111992615860839D0,    0000035P   3974
5.780367702521049D0,1.638120348571681D0,-1.102568949624731D0,    0000035P   3975
5.730962850362753D0,1.68498080555645D0,-1.093145283388621D0,     0000035P   3976
5.681557998204455D0,1.732241807202514D0,-1.083721617152512D0,    0000035P   3977
5.632153146046153D0,1.779888955633494D0,-1.074297950916403D0,    0000035P   3978
5.582748293887856D0,1.827907740263507D0,-1.064874284680295D0,    0000035P   3979
5.533343441729553D0,1.87628353531247D0,-1.055450618444185D0,     0000035P   3980
5.483938589571257D0,1.925001604486607D0,-1.046026952208077D0,    0000035P   3981
5.434533737412956D0,1.974047108741095D0,-1.036603285971968D0,    0000035P   3982
5.385128885254657D0,2.023405112549011D0,-1.02717961973586D0,     0000035P   3983
5.335724033096358D0,2.07306057506286D0,-1.017755953499751D0,     0000035P   3984
5.286319180938057D0,2.122998379199547D0,-1.008332287263642D0,    0000035P   3985
5.236914328779756D0,2.173203308138951D0,-0.9989086210275334D0,   0000035P   3986
5.187509476621458D0,2.223660074244646D0,-0.9894849547914238D0,   0000035P   3987
5.138104624463159D0,2.274353304882463D0,-0.9800612885553156D0,   0000035P   3988
5.088699772304858D0,2.325267564225503D0,-0.9706376223192065D0,   0000035P   3989
5.039294920146558D0,2.376387340215525D0,-0.9612139560830977D0,   0000035P   3990
4.989890067988259D0,2.427697062912395D0,-0.951790289846989D0,    0000035P   3991
4.940485215829959D0,2.479181104134892D0,-0.9423666236108802D0,   0000035P   3992
4.89108036367166D0,2.530823784548031D0,-0.9329429573747711D0,    0000035P   3993
4.841675511513361D0,2.582609369672982D0,-0.9235192911386624D0,   0000035P   3994
4.792270659355061D0,2.634522090760035D0,-0.9140956249025533D0,   0000035P   3995
4.742865807196759D0,2.686546131286873D0,-0.9046719586664445D0,   0000035P   3996
4.69346095503846D0,2.738665648092466D0,-0.8952482924303358D0,    0000035P   3997
4.644056102880162D0,2.790864766343256D0,-0.885824626194227D0,    0000035P   3998
4.594651250721861D0,2.84312758453451D0,-0.8764009599581182D0,    0000035P   3999
4.545246398563561D0,2.895438183518703D0,-0.8669772937220094D0,   0000035P   4000
4.495841546405264D0,2.947780633390678D0,-0.8575536274859005D0,   0000035P   4001
4.446436694246963D0,3.000138986918584D0,-0.8481299612497918D0,   0000035P   4002
4.397031842088666D0,3.052497298934982D0,-0.8387062950136828D0,   0000035P   4003
4.347626989930364D0,3.104839621341472D0,-0.8292826287775745D0,   0000035P   4004
4.298222137772063D0,3.157150009699117D0,-0.8198589625414654D0,   0000035P   4005
4.248817285613767D0,3.209412531862057D0,-0.8104352963053567D0,   0000035P   4006
4.199412433455465D0,3.261611268852655D0,-0.801011630069247D0,    0000035P   4007
4.150007581297165D0,3.313730320727323D0,-0.7915879638331383D0,   0000035P   4008
4.100602729138869D0,3.36575381223805D0,-0.7821642975970296D0,    0000035P   4009
4.051197876980566D0,3.417665900320468D0,-0.772740631360921D0,    0000035P   4010
4.001793024822266D0,3.469450768480078D0,-0.763316965124812D0,    0000035P   4011
3.952388172663968D0,3.521092647759216D0,-0.7538932988887034D0,   0000035P   4012
3.902983320505668D0,3.572575804483041D0,-0.7444696326525945D0,   0000035P   4013
3.853578468347369D0,3.62388456230861D0,-0.7350459664164856D0,    0000035P   4014
3.80417361618907D0,3.675003286282513D0,-0.725622300180377D0,     0000035P   4015
3.754768764030771D0,3.725916412561328D0,-0.7161986339442676D0,   0000035P   4016
3.705363911872471D0,3.776608429472169D0,-0.7067749677081587D0,   0000035P   4017
3.655959059714171D0,3.827063899549994D0,-0.6973513014720504D0,   0000035P   4018
3.606554207555871D0,3.877267450327851D0,-0.6879276352359415D0,   0000035P   4019
3.557149355397573D0,3.927203795138595D0,-0.678503968999833D0,    0000035P   4020
3.507744503239271D0,3.976857719117763D0,-0.6690803027637241D0,   0000035P   4021
3.458339651080971D0,4.026214102390342D0,-0.659656636527615D0,    0000035P   4022
3.408934798922673D0,4.075257907320859D0,-0.6502329702915062D0,   0000035P   4023
3.359529946764372D0,4.123974200326216D0,-0.6408093040553973D0,   0000035P   4024
3.310125094606072D0,4.172348137374269D0,-0.6313856378192886D0,   0000035P   4025
3.260720242447771D0,4.220364988176709D0,-0.6219619715831796D0,   0000035P   4026
3.211315390289474D0,4.268010125918889D0,-0.6125383053470707D0,   0000035P   4027
3.161910538131174D0,4.315269038147733D0,-0.603114639110962D0,    0000035P   4028
3.112505685972874D0,4.362127329490176D0,-0.593690972874853D0,    0000035P   4029
3.063100833814577D0,4.408570729891558D0,-0.5842673066387444D0,   0000035P   4030
3.013695981656277D0,4.454585088943589D0,-0.5748436404026356D0,   0000035P   4031
2.964291129497976D0,4.500156396334083D0,-0.5654199741665265D0,   0000035P   4032
2.914886277339678D0,4.545270765720072D0,-0.5559963079304183D0,   0000035P   4033
2.865481425181377D0,4.589914460785623D0,-0.546572641694309D0,    0000035P   4034
2.816076573023078D0,4.634073879137427D0,-0.5371489754582D0,      0000035P   4035
2.766671720864777D0,4.677735572664659D0,-0.5277253092220914D0,   0000035P   4036
2.717266868706479D0,4.720886242203933D0,-0.5183016429859828D0,   0000035P   4037
2.667862016548178D0,4.763512744519603D0,-0.5088779767498739D0,   0000035P   4038
2.618457164389879D0,4.805602093717648D0,-0.4994543105137651D0,   0000035P   4039
2.56905231223158D0,4.847141472609795D0,-0.4900306442776563D0,    0000035P   4040
2.519647460073279D0,4.88811822784316D0,-0.4806069780415473D0,    0000035P   4041
2.47024260791498D0,4.928519878017559D0,-0.4711833118054383D0,    0000035P   4042
2.420837755756681D0,4.968334116086597D0,-0.4617596455693296D0,   0000035P   4043
2.37143290359838D0,5.007548815636041D0,-0.4523359793332206D0,    0000035P   4044
2.322028051440082D0,5.046152033369223D0,-0.4429123130971121D0,   0000035P   4045
2.272623199281781D0,5.084132010887053D0,-0.4334886468610032D0,   0000035P   4046
2.223218347123483D0,5.121477177082562D0,-0.4240649806248944D0,   0000035P   4047
2.173813494965184D0,5.158176160782689D0,-0.4146413143887858D0,   0000035P   4048
2.124408642806884D0,5.194217779786684D0,-0.4052176481526768D0,   0000035P   4049
2.075003790648582D0,5.229591060070572D0,-0.3957939819165677D0,   0000035P   4050
2.025598938490284D0,5.264285223931021D0,-0.3863703156804589D0,   0000035P   4051
1.976194086331985D0,5.298289706205335D0,-0.3769466494443502D0,   0000035P   4052
1.926789234173684D0,5.331594149247633D0,-0.3675229832082413D0,   0000035P   4053
1.877384382015386D0,5.364188406804123D0,-0.3580993169721324D0,   0000035P   4054
1.827979529857085D0,5.396062551535845D0,-0.3486756507360236D0,   0000035P   4055
1.778574677698787D0,5.427206877052468D0,-0.3392519844999148D0,   0000035P   4056
1.729169825540486D0,5.457611894254277D0,-0.329828318263806D0,    0000035P   4057
1.679764973382187D0,5.487268343930421D0,-0.3204046520276972D0,   0000035P   4058
1.630360121223886D0,5.516167192024036D0,-0.3109809857915885D0,   0000035P   4059
1.580955269065588D0,5.544299635973434D0,-0.3015573195554795D0,   0000035P   4060
1.531550416907288D0,5.571657108082218D0,-0.2921336533193708D0,   0000035P   4061
1.482145564748989D0,5.598231273697683D0,-0.2827099870832618D0,   0000035P   4062
1.432740712590689D0,5.624014041127042D0,-0.273286320847153D0,    0000035P   4063
1.383335860432389D0,5.64899755379414D0,-0.2638626546110442D0,    0000035P   4064
1.33393100827409D0,5.673174205696388D0,-0.2544389883749354D0,    0000035P   4065
1.28452615611579D0,5.696536629420297D0,-0.2450153221388265D0,    0000035P   4066
1.235121303957491D0,5.719077710622417D0,-0.2355916559027177D0,   0000035P   4067
1.185716451799191D0,5.740790584090021D0,-0.2261679896666088D0,   0000035P   4068
1.136311599640892D0,5.761668635017494D0,-0.2167443234305001D0,   0000035P   4069
1.086906747482592D0,5.78170550384D0,-0.2073206571943914D0,       0000035P   4070
1.037501895324292D0,5.800895089622498D0,-0.1978969909582823D0,   0000035P   4071
0.9880970431659925D0,5.819231543670004D0,-0.1884733247221735D0,  0000035P   4072
0.9386921910076935D0,5.836709285697496D0,-0.1790496584860647D0,  0000035P   4073
0.8892873388493937D0,5.853322987540012D0,-0.169625992249956D0,   0000035P   4074
0.8398824866910933D0,5.869067592142445D0,-0.160202326013847D0,   0000035P   4075
0.7904776345327949D0,5.883938301890204D0,-0.1507786597777385D0,  0000035P   4076
0.7410727823744916D0,5.897930588296719D0,-0.1413549935416288D0,  0000035P   4077
0.6916679302162069D0,5.911040188922904D0,-0.1319313273055228D0,  0000035P   4078
0.6422630780578518D0,5.923263110011647D0,-0.1225076610694035D0,  0000035P   4079
0.592858225899759D0,5.93459563103049D0,-0.113083994833334D0,     0000035P   4080
0.5434533737406877D0,5.945034295866383D0,-0.1036603285970781D0,  0000035P   4081
0.4940485215852684D0,5.954575931503953D0,-0.09423666236151858D0, 0000035P   4082
0.4446436694162187D0,5.96321762411777D0,-0.08481299612335927D0,  0000035P   4083
0.39523881729804D0,5.97095674802495D0,-0.07538932989490324D0,    0000035P   4084
0.3458339649900073D0,5.977790939782405D0,-0.06596566363023369D0, 0000035P   4085
0.2964291133905195D0,5.983718124845421D0,-0.05654199750071477D0, 0000035P   4086
0.2470242591467054D0,5.988736490835894D0,-0.04711833086680711D0, 0000035P   4087
0.1976194147716521D0,5.99284451381099D0,-0.03769466611530379D0,  0000035P   4088
0.1482145335658816D0,5.996040945920145D0,-0.02827099433857172D0, 0000035P   4089
0.09880978981421944D0,5.99832478450843D0,-0.01884734878035027D0, 0000035P   4090
0.04940453307684133D0,5.999695450046126D0,                       0000035P   4091
-0.009423605373315193D0,0.01646897157775941D0,                   0000035P   4092
5.999999874886744D0,-0.003141353219787715D0,                     0000035P   4093
9.551778241267644D-16,5.999999999999996D0,2.991650543871927D-15, 0000035P   4094
9.053561981112988D0,1.2877D-08,9.080959233040669D-06,            0000035P   4095
9.03679541079617D0,1.755326214377608D-06,9.064141924992436D-06,  0000035P   4096
9.003264746289336D0,0.00030941253442851D0,9.030509792298341D-06, 0000035P   4097
8.95296675910056D0,0.001684929140178649D0,8.980059596715352D-06, 0000035P   4098
8.902669305245494D0,0.003973614904856898D0,                      0000035P   4099
8.929609936648465D-06,8.852371708484094D0,                       0000035P   4100
0.007174889240393766D0,8.879160132363581D-06,                    0000035P   4101
8.802074150014329D0,0.01128774813356806D0,8.828710366992013D-06, 0000035P   4102
8.75177658128435D0,0.01631094422533403D0,8.778260591295399D-06,  0000035P   4103
8.701479015303594D0,0.02224294696509585D0,8.727810818263292D-06, 0000035P   4104
8.651181448586179D0,0.02908195191428261D0,8.677361044842635D-06, 0000035P   4105
8.600883882066153D0,0.03682587137777381D0,8.626911271421951D-06, 0000035P   4106
8.550586315493238D0,0.04547235057462223D0,8.576461497890244D-06, 0000035P   4107
8.500288748934493D0,0.05501875432373739D0,8.526011724192031D-06, 0000035P   4108
8.449991182371957D0,0.06546217413042832D0,8.475561950715835D-06, 0000035P   4109
8.399693615810429D0,0.07679943115454944D0,8.425112177184156D-06, 0000035P   4110
8.349396049248634D0,0.08902706925137405D0,8.374662403319382D-06, 0000035P   4111
8.29909848268691D0,0.1021413678399546D0,8.32421263017628D-06,    0000035P   4112
8.248800916125166D0,0.1161383273888077D0,8.273762856644574D-06,  0000035P   4113
8.198503349563429D0,0.1310136906048151D0,8.2233130832794D-06,    0000035P   4114
8.148205783001689D0,0.1467629201919324D0,8.172863309581187D-06,  0000035P   4115
8.097908216439956D0,0.1633812246274556D0,8.122413536160503D-06,  0000035P   4116
8.047610649878212D0,0.1808635372982453D0,8.07196376246229D-06,   0000035P   4117
7.997313083316475D0,0.1992045381795634D0,8.021513989152628D-06,  0000035P   4118
7.947015516754735D0,0.2183986359835017D0,7.97106421556541D-06,   0000035P   4119
7.896717950192995D0,0.2384399878864304D0,7.920614442255775D-06,  0000035P   4120
7.846420383631258D0,0.2593224864707774D0,7.870164668391001D-06,  0000035P   4121
7.796122817069518D0,0.2810397742304606D0,7.819714894914833D-06,  0000035P   4122
7.745825250507779D0,0.3035852346073807D0,7.769265121327615D-06,  0000035P   4123
7.695527683946043D0,0.3269520013400173D0,7.71881534790693D-06,   0000035P   4124
7.645230117384299D0,0.3511329540325512D0,7.668365574375251D-06,  0000035P   4125
7.594932550822562D0,0.3761207325297787D0,7.617915801176611D-06,  0000035P   4126
7.544634984260823D0,0.401907719848335D0,7.567466027200842D-06,   0000035P   4127
7.494337417699087D0,0.4284860660768825D0,7.517016253835669D-06,  0000035P   4128
7.444039851137349D0,0.4558476758441361D0,7.46656648019294D-06,   0000035P   4129
7.393742284575608D0,0.4839842105465742D0,7.416116706883305D-06,  0000035P   4130
7.34344471801387D0,0.5128871039695685D0,7.365666933240576D-06,   0000035P   4131
7.293147151452131D0,0.542547551575153D0,7.315217159653385D-06,   0000035P   4132
7.24284958489039D0,0.5729565197298208D0,7.264767386343723D-06,   0000035P   4133
7.192552018328653D0,0.6041047435055658D0,7.214317612478976D-06,  0000035P   4134
7.142254451766914D0,0.6359827382479176D0,7.163867839280337D-06,  0000035P   4135
7.091956885205176D0,0.6685807915027642D0,7.113418065693119D-06,  0000035P   4136
7.041659318643436D0,0.7018889777410263D0,7.062968292161439D-06,  0000035P   4137
6.991361752081697D0,0.7358971495331315D0,7.012518518629732D-06,  0000035P   4138
6.941064185519959D0,0.7705949461264491D0,6.962068744931519D-06,  0000035P   4139
6.890766618958219D0,0.8059718039610743D0,6.911618971399813D-06,  0000035P   4140
6.840469052396482D0,0.8420169420292561D0,6.861169197868106D-06,  0000035P   4141
6.79017148583474D0,0.8787193859219031D0,6.810719424558471D-06,   0000035P   4142
6.739873919273005D0,0.9160679522831317D0,6.760269651137786D-06,  0000035P   4143
6.689576352711266D0,0.9540512689455716D0,6.709819877717129D-06,  0000035P   4144
6.639278786149526D0,0.9926577639345849D0,6.659370104018889D-06,  0000035P   4145
6.588981219587785D0,1.03187567731609D0,6.608920330431671D-06,    0000035P   4146
6.538683653026048D0,1.071693066801056D0,6.558470556677947D-06,   0000035P   4147
6.48838608646431D0,1.112097803479689D0,6.508020783257262D-06,    0000035P   4148
6.438088519902572D0,1.15307757728019D0,6.457571009836605D-06,    0000035P   4149
6.38779095334083D0,1.194619909399552D0,6.407121236249387D-06,    0000035P   4150
6.337493386779092D0,1.236712145121604D0,6.356671462662169D-06,   0000035P   4151
6.287195820217353D0,1.279341464114034D0,6.306221689241512D-06,   0000035P   4152
6.236898253655614D0,1.322494882422264D0,6.255771915654294D-06,   0000035P   4153
6.186600687093878D0,1.366159252196911D0,6.205322142122615D-06,   0000035P   4154
6.136303120532135D0,1.410321278790096D0,6.154872368757441D-06,   0000035P   4155
6.086005553970397D0,1.45496750664271D0,6.104422595447806D-06,    0000035P   4156
6.035707987408659D0,1.500084340639066D0,6.053972821527522D-06,   0000035P   4157
5.98541042084692D0,1.545658034801029D0,6.003523048217859D-06,    0000035P   4158
5.935112854285182D0,1.591674710156823D0,5.953073274630669D-06,   0000035P   4159
5.884815287723443D0,1.638120348571682D0,5.902623501265495D-06,   0000035P   4160
5.834517721161704D0,1.684980805556452D0,5.852173727567282D-06,   0000035P   4161
5.784220154599965D0,1.732241807202514D0,5.801723953980064D-06,   0000035P   4162
5.733922588038226D0,1.779888955633495D0,5.751274180392847D-06,   0000035P   4163
5.683625021476488D0,1.82790774026351D0,5.7008244070277D-06,      0000035P   4164
5.633327454914746D0,1.876283535312472D0,5.650374633495994D-06,   0000035P   4165
5.583029888353011D0,1.925001604486609D0,5.599924859908803D-06,   0000035P   4166
5.532732321791271D0,1.974047108741096D0,5.549475086432607D-06,   0000035P   4167
5.482434755229531D0,2.023405112549011D0,5.499025312956412D-06,   0000035P   4168
5.432137188667795D0,2.073060575062862D0,5.448575539369221D-06,   0000035P   4169
5.381839622106053D0,2.122998379199549D0,5.398125765726492D-06,   0000035P   4170
5.331542055544316D0,2.173203308138951D0,5.347675992472355D-06,   0000035P   4171
5.281244488982576D0,2.223660074244648D0,5.297226218746372D-06,   0000035P   4172
5.23094692242084D0,2.274353304882463D0,5.246776445353457D-06,    0000035P   4173
5.180649355859099D0,2.325267564225504D0,5.196326671794008D-06,   0000035P   4174
5.13035178929736D0,2.376387340215526D0,5.145876898206804D-06,    0000035P   4175
5.080054222735621D0,2.427697062912396D0,5.095427124841631D-06,   0000035P   4176
5.029756656173882D0,2.479181104134894D0,5.044977351337693D-06,   0000035P   4177
4.979459089612143D0,2.530823784548032D0,4.994527577694978D-06,   0000035P   4178
4.929161523050406D0,2.582609369672985D0,4.94407780419104D-06,    0000035P   4179
4.878863956488664D0,2.634522090760036D0,4.893628030659347D-06,   0000035P   4180
4.828566389926928D0,2.686546131286876D0,4.843178257016618D-06,   0000035P   4181
4.778268823365189D0,2.738665648092468D0,4.792728483595947D-06,   0000035P   4182
4.727971256803449D0,2.790864766343256D0,4.742278710119765D-06,   0000035P   4183
4.677673690241711D0,2.843127584534511D0,4.691828936504805D-06,   0000035P   4184
4.627376123679972D0,2.895438183518703D0,4.641379163028623D-06,   0000035P   4185
4.577078557118232D0,2.947780633390679D0,4.590929389524685D-06,   0000035P   4186
4.526780990556494D0,3.000138986918584D0,4.540479615992979D-06,   0000035P   4187
4.476483423994756D0,3.052497298934987D0,4.490029842350263D-06,   0000035P   4188
4.426185857433017D0,3.104839621341476D0,4.43958006906837D-06,    0000035P   4189
4.375888290871278D0,3.157150009699118D0,4.38913029545341D-06,    0000035P   4190
4.32559072430954D0,3.209412531862057D0,4.338680522004984D-06,    0000035P   4191
4.2752931577478D0,3.261611268852655D0,4.288230748223477D-06,     0000035P   4192
4.224995591186062D0,3.313730320727324D0,4.237780974719539D-06,   0000035P   4193
4.174698024624323D0,3.365753812238054D0,4.187331201132335D-06,   0000035P   4194
4.124400458062584D0,3.417665900320469D0,4.136881427822687D-06,   0000035P   4195
4.074102891500846D0,3.469450768480079D0,4.086431654235482D-06,   0000035P   4196
4.023805324939107D0,3.521092647759221D0,4.035981880676033D-06,   0000035P   4197
3.973507758377368D0,3.572575804483043D0,3.985532107144327D-06,   0000035P   4198
3.923210191815627D0,3.623884562308612D0,3.9350823336959D-06,     0000035P   4199
3.87291262525389D0,3.675003286282517D0,3.884632560191963D-06,    0000035P   4200
3.82261505869215D0,3.725916412561331D0,3.834182786521492D-06,    0000035P   4201
3.772317492130411D0,3.77660842947217D0,3.783733012989798D-06,    0000035P   4202
3.722019925568675D0,3.827063899549996D0,3.73328323959687D-06,    0000035P   4203
3.671722359006934D0,3.877267450327854D0,3.682833466092932D-06,   0000035P   4204
3.621424792445195D0,3.927203795138598D0,3.632383692588994D-06,   0000035P   4205
3.571127225883457D0,3.976857719117767D0,3.581933919112812D-06,   0000035P   4206
3.520829659321717D0,4.026214102390345D0,3.531484145525608D-06,   0000035P   4207
3.470532092759978D0,4.075257907320862D0,3.481034371966159D-06,   0000035P   4208
3.420234526198239D0,4.123974200326219D0,3.430584598434453D-06,   0000035P   4209
3.369936959636502D0,4.17234813737427D0,3.380134824930515D-06,    0000035P   4210
3.319639393074762D0,4.220364988176711D0,3.329685051371066D-06,   0000035P   4211
3.269341826513025D0,4.268010125918891D0,3.279235277783862D-06,   0000035P   4212
3.219044259951286D0,4.315269038147734D0,3.228785504279924D-06,   0000035P   4213
3.168746693389545D0,4.362127329490178D0,3.178335730803729D-06,   0000035P   4214
3.118449126827807D0,4.408570729891558D0,3.127885957272036D-06,   0000035P   4215
3.068151560266067D0,4.454585088943591D0,3.077436183823609D-06,   0000035P   4216
3.017853993704329D0,4.500156396334086D0,3.026986410180894D-06,   0000035P   4217
2.967556427142591D0,4.545270765720074D0,2.97653663684349D-06,    0000035P   4218
2.917258860580852D0,4.589914460785627D0,2.926086863173019D-06,   0000035P   4219
2.866961294019113D0,4.63407387913743D0,2.875637089585801D-06,    0000035P   4220
2.816663727457374D0,4.67773557266466D0,2.82518731616513D-06,     0000035P   4221
2.766366160895635D0,4.720886242203937D0,2.774737542688948D-06,   0000035P   4222
2.716068594333896D0,4.763512744519605D0,2.724287769157255D-06,   0000035P   4223
2.665771027772157D0,4.805602093717651D0,2.673837995681066D-06,   0000035P   4224
2.615473461210419D0,4.847141472609799D0,2.623388222093861D-06,   0000035P   4225
2.56517589464868D0,4.888118227843163D0,2.572938448603802D-06,    0000035P   4226
2.514878328086941D0,4.928519878017562D0,2.522488675016591D-06,   0000035P   4227
2.464580761525202D0,4.9683341160866D0,2.472038901498775D-06,     0000035P   4228
2.414283194963463D0,5.007548815636047D0,2.421589127994831D-06,   0000035P   4229
2.363985628401725D0,5.046152033369228D0,2.371139354504771D-06,   0000035P   4230
2.313688061839986D0,5.084132010887055D0,2.320689580931444D-06,   0000035P   4231
2.263390495278247D0,5.121477177082569D0,2.270239807441378D-06,   0000035P   4232
2.213092928716508D0,5.158176160782689D0,2.219790033979074D-06,   0000035P   4233
2.162795362154768D0,5.194217779786687D0,2.169340260405747D-06,   0000035P   4234
2.112497795593031D0,5.229591060070573D0,2.118890486832414D-06,   0000035P   4235
2.062200229031291D0,5.264285223931025D0,2.068440713314598D-06,   0000035P   4236
2.011902662469553D0,5.298289706205338D0,2.017990939810661D-06,   0000035P   4237
1.961605095907814D0,5.331594149247636D0,1.967541166320594D-06,   0000035P   4238
1.911307529346074D0,5.364188406804131D0,1.917091392747268D-06,   0000035P   4239
1.861009962784336D0,5.396062551535853D0,1.86664161920169D-06,    0000035P   4240
1.810712396222597D0,5.427206877052469D0,1.816191845697752D-06,   0000035P   4241
1.760414829660859D0,5.45761189425428D0,1.765742072179937D-06,    0000035P   4242
1.71011726309912D0,5.487268343930423D0,1.715292298675993D-06,    0000035P   4243
1.659819696537381D0,5.516167192024036D0,1.664842525199811D-06,   0000035P   4244
1.609522129975642D0,5.544299635973438D0,1.614392751612606D-06,   0000035P   4245
1.559224563413903D0,5.571657108082222D0,1.563942978108662D-06,   0000035P   4246
1.508926996852165D0,5.598231273697687D0,1.513493204563091D-06,   0000035P   4247
1.458629430290426D0,5.624014041127046D0,1.463043431045276D-06,   0000035P   4248
1.408331863728686D0,5.648997553794142D0,1.412593657527453D-06,   0000035P   4249
1.358034297166948D0,5.673174205696394D0,1.36214388399576D-06,    0000035P   4250
1.307736730605209D0,5.696536629420298D0,1.311694110471003D-06,   0000035P   4251
1.25743916404347D0,5.719077710622422D0,1.261244336967062D-06,    0000035P   4252
1.207141597481731D0,5.740790584090022D0,1.210794563414548D-06,   0000035P   4253
1.156844030919993D0,5.761668635017496D0,1.160344789903672D-06,   0000035P   4254
1.106546464358254D0,5.781705503840003D0,1.109895016420548D-06,   0000035P   4255
1.056248897796515D0,5.8008950896225D0,1.059445242854157D-06,     0000035P   4256
1.005951331234776D0,5.819231543670004D0,1.008995469336341D-06,   0000035P   4257
0.955653764673037D0,5.836709285697498D0,9.585456957977056D-07,   0000035P   4258
0.9053561981112983D0,5.853322987540017D0,9.080959223076424D-07,  0000035P   4259
0.8550586315495592D0,5.869067592142446D0,8.576461487620681D-07,  0000035P   4260
0.8047610649878216D0,5.88393830189021D0,8.071963752581305D-07,   0000035P   4261
0.7544634984260789D0,5.897930588296722D0,7.567466017125562D-07,  0000035P   4262
0.7041659318643548D0,5.91104018892291D0,7.062968282155541D-07,   0000035P   4263
0.6538683653025598D0,5.923263110011652D0,6.558470546907981D-07,  0000035P   4264
0.6035707987410314D0,5.934595631030493D0,6.053972811591015D-07,  0000035P   4265
0.5532732321785069D0,5.945034295866389D0,5.549475076482233D-07,  0000035P   4266
0.5029756656197005D0,5.954575931503963D0,5.044977341095896D-07,  0000035P   4267
0.4526780990470171D0,5.963217624117773D0,4.540479605952403D-07,  0000035P   4268
0.4023805325261241D0,5.970956748024957D0,4.035981871086482D-07,  0000035P   4269
0.3520829658119464D0,5.977790939782406D0,3.531484134173571D-07,  0000035P   4270
0.301785399819117D0,5.983718124845427D0,3.026986404737326D-07,   0000035P   4271
0.2514878311341796D0,5.988736490835898D0,2.522488648274099D-07,  0000035P   4272
0.2011902724963255D0,5.992844513810991D0,2.017990992476866D-07,  0000035P   4273
0.1508926763622463D0,5.996040945920144D0,1.5134929606176D-07,    0000035P   4274
0.1005952201659842D0,5.998324784508434D0,1.008996332392495D-07,  0000035P   4275
0.05029724171467896D0,5.999695450046127D0,5.0449446578821D-08,   0000035P   4276
0.01676655546871223D0,5.999999874886746D0,1.681729212586273D-08, 0000035P   4277
-6.807409601608269D-16,6.000000000000002D0,                      0000035P   4278
-1.114227646183394D-15,8.892878687054123D0,1.2877D-08,           0000035P   4279
1.69622359866266D0,8.876409691079228D0,1.755326214377606D-06,    0000035P   4280
1.693082309930185D0,8.843474131309755D0,0.00030941253442851D0,   0000035P   4281
1.686800196378195D0,8.794068836553288D0,0.001684929140178648D0,  0000035P   4282
1.677376653134904D0,8.744664065664891D0,0.003973614904856896D0,  0000035P   4283
1.667953209813967D0,8.695259154406474D0,0.007174889240393764D0,  0000035P   4284
1.658529739718917D0,8.645854280760085D0,0.01128774813356805D0,   0000035P   4285
1.649106276797968D0,8.596449397035585D0,0.01631094422533403D0,   0000035P   4286
1.639682811954724D0,8.547044516011505D0,0.02224294696509585D0,   0000035P   4287
1.630259347626559D0,8.49763963426385D0,0.02908195191428259D0,    0000035P   4288
1.620835883160378D0,8.44823475271008D0,0.03682587137777379D0,    0000035P   4289
1.611412418731178D0,8.398829871104352D0,0.0454723505746222D0,    0000035P   4290
1.601988954292069D0,8.349424989512549D0,0.05501875432373738D0,   0000035P   4291
1.592565489855615D0,8.300020107917018D0,0.06546217413042828D0,   0000035P   4292
1.583142025418451D0,8.250615226322479D0,0.07679943115454942D0,   0000035P   4293
1.573718560981475D0,8.201210344727684D0,0.08902706925137396D0,   0000035P   4294
1.564295096544451D0,8.151805463132948D0,0.1021413678399546D0,    0000035P   4295
1.554871632107439D0,8.1024005815382D0,0.1161383273888076D0,      0000035P   4296
1.545448167670423D0,8.052995699943459D0,0.131013690604815D0,     0000035P   4297
1.536024703233409D0,8.003590818348709D0,0.1467629201919324D0,    0000035P   4298
1.526601238796393D0,7.954185936753969D0,0.1633812246274556D0,    0000035P   4299
1.517177774359379D0,7.904781055159222D0,0.1808635372982453D0,    0000035P   4300
1.507754309922364D0,7.855376173564475D0,0.1992045381795633D0,    0000035P   4301
1.498330845485349D0,7.805971291969732D0,0.2183986359835017D0,    0000035P   4302
1.488907381048334D0,7.756566410374987D0,0.2384399878864303D0,    0000035P   4303
1.479483916611319D0,7.707161528780244D0,0.2593224864707773D0,    0000035P   4304
1.470060452174306D0,7.657756647185493D0,0.2810397742304605D0,    0000035P   4305
1.46063698773729D0,7.60835176559075D0,0.3035852346073806D0,      0000035P   4306
1.451213523300276D0,7.558946883996006D0,0.3269520013400171D0,    0000035P   4307
1.441790058863261D0,7.50954200240126D0,0.3511329540325511D0,     0000035P   4308
1.432366594426246D0,7.460137120806516D0,0.3761207325297786D0,    0000035P   4309
1.422943129989231D0,7.41073223921177D0,0.401907719848335D0,      0000035P   4310
1.413519665552216D0,7.361327357617025D0,0.4284860660768821D0,    0000035P   4311
1.404096201115202D0,7.31192247602228D0,0.4558476758441359D0,     0000035P   4312
1.394672736678187D0,7.262517594427536D0,0.4839842105465739D0,    0000035P   4313
1.385249272241172D0,7.213112712832787D0,0.5128871039695684D0,    0000035P   4314
1.375825807804157D0,7.163707831238045D0,0.5425475515751527D0,    0000035P   4315
1.366402343367143D0,7.1143029496433D0,0.5729565197298204D0,      0000035P   4316
1.356978878930128D0,7.064898068048555D0,0.6041047435055654D0,    0000035P   4317
1.347555414493113D0,7.01549318645381D0,0.6359827382479176D0,     0000035P   4318
1.338131950056098D0,6.966088304859063D0,0.6685807915027641D0,    0000035P   4319
1.328708485619083D0,6.91668342326432D0,0.7018889777410262D0,     0000035P   4320
1.319285021182069D0,6.867278541669577D0,0.7358971495331312D0,    0000035P   4321
1.309861556745054D0,6.817873660074829D0,0.7705949461264486D0,    0000035P   4322
1.300438092308039D0,6.768468778480083D0,0.8059718039610739D0,    0000035P   4323
1.291014627871024D0,6.719063896885338D0,0.8420169420292558D0,    0000035P   4324
1.28159116343401D0,6.669659015290595D0,0.8787193859219031D0,     0000035P   4325
1.272167698996995D0,6.62025413369585D0,0.9160679522831313D0,     0000035P   4326
1.26274423455998D0,6.570849252101104D0,0.9540512689455711D0,     0000035P   4327
1.253320770122965D0,6.521444370506359D0,0.9926577639345847D0,    0000035P   4328
1.243897305685951D0,6.472039488911614D0,1.03187567731609D0,      0000035P   4329
1.234473841248936D0,6.422634607316868D0,1.071693066801056D0,     0000035P   4330
1.225050376811921D0,6.373229725722124D0,1.112097803479689D0,     0000035P   4331
1.215626912374906D0,6.323824844127379D0,1.15307757728019D0,      0000035P   4332
1.206203447937892D0,6.274419962532632D0,1.194619909399551D0,     0000035P   4333
1.196779983500877D0,6.225015080937888D0,1.236712145121604D0,     0000035P   4334
1.187356519063862D0,6.175610199343143D0,1.279341464114033D0,     0000035P   4335
1.177933054626847D0,6.126205317748396D0,1.322494882422264D0,     0000035P   4336
1.168509590189832D0,6.076800436153653D0,1.36615925219691D0,      0000035P   4337
1.159086125752818D0,6.027395554558907D0,1.410321278790095D0,     0000035P   4338
1.149662661315803D0,5.977990672964162D0,1.45496750664271D0,      0000035P   4339
1.140239196878788D0,5.928585791369418D0,1.500084340639065D0,     0000035P   4340
1.130815732441773D0,5.879180909774671D0,1.545658034801028D0,     0000035P   4341
1.121392268004759D0,5.829776028179928D0,1.591674710156823D0,     0000035P   4342
1.111968803567744D0,5.78037114658518D0,1.638120348571682D0,      0000035P   4343
1.102545339130729D0,5.730966264990437D0,1.684980805556451D0,     0000035P   4344
1.093121874693714D0,5.68156138339569D0,1.732241807202513D0,      0000035P   4345
1.0836984102567D0,5.632156501800946D0,1.779888955633494D0,       0000035P   4346
1.074274945819685D0,5.582751620206202D0,1.827907740263508D0,     0000035P   4347
1.06485148138267D0,5.533346738611455D0,1.876283535312471D0,      0000035P   4348
1.055428016945655D0,5.483941857016712D0,1.925001604486609D0,     0000035P   4349
1.046004552508641D0,5.434536975421965D0,1.974047108741096D0,     0000035P   4350
1.036581088071626D0,5.385132093827221D0,2.023405112549011D0,     0000035P   4351
1.027157623634611D0,5.335727212232476D0,2.07306057506286D0,      0000035P   4352
1.017734159197597D0,5.28632233063773D0,2.122998379199548D0,      0000035P   4353
1.008310694760582D0,5.236917449042985D0,2.173203308138952D0,     0000035P   4354
0.9988872303235666D0,5.187512567448239D0,2.223660074244646D0,    0000035P   4355
0.9894637658865519D0,5.138107685853496D0,2.274353304882463D0,    0000035P   4356
0.9800403014495372D0,5.088702804258751D0,2.325267564225503D0,    0000035P   4357
0.9706168370125223D0,5.039297922664004D0,2.376387340215526D0,    0000035P   4358
0.9611933725755079D0,4.98989304106926D0,2.427697062912396D0,     0000035P   4359
0.9517699081384926D0,4.940488159474514D0,2.479181104134893D0,    0000035P   4360
0.9423464437014778D0,4.89108327787977D0,2.530823784548031D0,     0000035P   4361
0.9329229792644632D0,4.841678396285025D0,2.582609369672984D0,    0000035P   4362
0.9234995148274485D0,4.792273514690277D0,2.634522090760036D0,    0000035P   4363
0.9140760503904335D0,4.742868633095534D0,2.686546131286874D0,    0000035P   4364
0.9046525859534192D0,4.693463751500788D0,2.738665648092467D0,    0000035P   4365
0.8952291215164042D0,4.644058869906044D0,2.790864766343256D0,    0000035P   4366
0.8858056570793893D0,4.5946539883113D0,2.84312758453451D0,       0000035P   4367
0.8763821926423749D0,4.545249106716551D0,2.895438183518703D0,    0000035P   4368
0.8669587282053599D0,4.495844225121808D0,2.947780633390678D0,    0000035P   4369
0.857535263768345D0,4.446439343527063D0,3.000138986918584D0,     0000035P   4370
0.8481117993313304D0,4.39703446193232D0,3.052497298934985D0,     0000035P   4371
0.8386883348943159D0,4.347629580337571D0,3.104839621341474D0,    0000035P   4372
0.8292648704573008D0,4.298224698742827D0,3.157150009699117D0,    0000035P   4373
0.8198414060202861D0,4.248819817148084D0,3.209412531862057D0,    0000035P   4374
0.8104179415832712D0,4.199414935553337D0,3.261611268852655D0,    0000035P   4375
0.8009944771462566D0,4.150010053958591D0,3.313730320727324D0,    0000035P   4376
0.7915710127092419D0,4.100605172363848D0,3.365753812238053D0,    0000035P   4377
0.7821475482722274D0,4.051200290769101D0,3.417665900320468D0,    0000035P   4378
0.7727240838352121D0,4.001795409174357D0,3.469450768480078D0,    0000035P   4379
0.7633006193981974D0,3.952390527579613D0,3.521092647759218D0,    0000035P   4380
0.753877154961183D0,3.902985645984867D0,3.572575804483043D0,     0000035P   4381
0.7444536905241682D0,3.853580764390121D0,3.62388456230861D0,     0000035P   4382
0.7350302260871531D0,3.804175882795378D0,3.675003286282515D0,    0000035P   4383
0.7256067616501385D0,3.754771001200631D0,3.725916412561329D0,    0000035P   4384
0.7161832972131238D0,3.705366119605886D0,3.776608429472169D0,    0000035P   4385
0.706759832776109D0,3.655961238011141D0,3.827063899549994D0,     0000035P   4386
0.6973363683390942D0,3.606556356416395D0,3.877267450327852D0,    0000035P   4387
0.6879129039020793D0,3.557151474821651D0,3.927203795138596D0,    0000035P   4388
0.6784894394650648D0,3.507746593226905D0,3.976857719117764D0,    0000035P   4389
0.6690659750280498D0,3.458341711632161D0,4.026214102390344D0,    0000035P   4390
0.659642510591035D0,3.408936830037415D0,4.07525790732086D0,      0000035P   4391
0.6502190461540204D0,3.35953194844267D0,4.123974200326218D0,     0000035P   4392
0.6407955817170056D0,3.310127066847925D0,4.172348137374269D0,    0000035P   4393
0.6313721172799909D0,3.260722185253179D0,4.220364988176709D0,    0000035P   4394
0.621948652842976D0,3.211317303658435D0,4.268010125918889D0,     0000035P   4395
0.6125251884059614D0,3.161912422063691D0,4.315269038147734D0,    0000035P   4396
0.6031017239689467D0,3.112507540468944D0,4.362127329490178D0,    0000035P   4397
0.5936782595319315D0,3.0631026588742D0,4.408570729891558D0,      0000035P   4398
0.5842547950949171D0,3.013697777279455D0,4.45458508894359D0,     0000035P   4399
0.574831330657902D0,2.964292895684709D0,4.500156396334083D0,     0000035P   4400
0.5654078662208875D0,2.914888014089965D0,4.545270765720074D0,    0000035P   4401
0.5559844017838727D0,2.865483132495219D0,4.589914460785626D0,    0000035P   4402
0.546560937346858D0,2.816078250900474D0,4.634073879137429D0,     0000035P   4403
0.5371374729098433D0,2.766673369305728D0,4.67773557266466D0,     0000035P   4404
0.5277140084728283D0,2.717268487710984D0,4.720886242203934D0,    0000035P   4405
0.5182905440358137D0,2.667863606116238D0,4.763512744519603D0,    0000035P   4406
0.5088670795987988D0,2.618458724521493D0,4.80560209371765D0,     0000035P   4407
0.4994436151617839D0,2.569053842926749D0,4.847141472609796D0,    0000035P   4408
0.4900201507247695D0,2.519648961332003D0,4.888118227843161D0,    0000035P   4409
0.4805966862877544D0,2.470244079737258D0,4.928519878017561D0,    0000035P   4410
0.4711732218507397D0,2.420839198142514D0,4.968334116086599D0,    0000035P   4411
0.4617497574137251D0,2.371434316547767D0,5.007548815636043D0,    0000035P   4412
0.4523262929767101D0,2.322029434953023D0,5.046152033369226D0,    0000035P   4413
0.4429028285396955D0,2.272624553358277D0,5.084132010887053D0,    0000035P   4414
0.4334793641026808D0,2.223219671763532D0,5.121477177082565D0,    0000035P   4415
0.4240558996656659D0,2.173814790168788D0,5.158176160782688D0,    0000035P   4416
0.4146324352286511D0,2.124409908574043D0,5.194217779786686D0,    0000035P   4417
0.4052089707916364D0,2.075005026979297D0,5.229591060070574D0,    0000035P   4418
0.3957855063546216D0,2.025600145384552D0,5.264285223931022D0,    0000035P   4419
0.3863620419176068D0,1.976195263789808D0,5.298289706205336D0,    0000035P   4420
0.3769385774805921D0,1.926790382195062D0,5.331594149247634D0,    0000035P   4421
0.3675151130435772D0,1.877385500600317D0,5.364188406804128D0,    0000035P   4422
0.3580916486065626D0,1.827980619005572D0,5.396062551535851D0,    0000035P   4423
0.3486681841695479D0,1.778575737410826D0,5.427206877052468D0,    0000035P   4424
0.3392447197325331D0,1.729170855816081D0,5.457611894254277D0,    0000035P   4425
0.3298212552955183D0,1.679765974221336D0,5.487268343930421D0,    0000035P   4426
0.3203977908585035D0,1.630361092626591D0,5.516167192024034D0,    0000035P   4427
0.3109743264214886D0,1.580956211031846D0,5.544299635973438D0,    0000035P   4428
0.301550861984474D0,1.531551329437101D0,5.57165710808222D0,      0000035P   4429
0.2921273975474592D0,1.482146447842355D0,5.598231273697684D0,    0000035P   4430
0.2827039331104444D0,1.43274156624761D0,5.624014041127044D0,     0000035P   4431
0.2732804686734297D0,1.383336684652865D0,5.648997553794141D0,    0000035P   4432
0.2638570042364149D0,1.33393180305812D0,5.67317420569639D0,      0000035P   4433
0.2544335397994002D0,1.284526921463375D0,5.696536629420298D0,    0000035P   4434
0.2450100753623854D0,1.23512203986863D0,5.71907771062242D0,      0000035P   4435
0.2355866109253706D0,1.185717158273885D0,5.740790584090021D0,    0000035P   4436
0.2261631464883559D0,1.13631227667914D0,5.761668635017494D0,     0000035P   4437
0.2167396820513411D0,1.086907395084395D0,5.781705503840001D0,    0000035P   4438
0.2073162176143263D0,1.037502513489649D0,5.8008950896225D0,      0000035P   4439
0.1978927531773115D0,0.9880976318949042D0,5.819231543670003D0,   0000035P   4440
0.1884692887402968D0,0.9386927503001593D0,5.836709285697497D0,   0000035P   4441
0.1790458243032821D0,0.8892878687054142D0,5.853322987540014D0,   0000035P   4442
0.1696223598662673D0,0.8398829871106686D0,5.869067592142446D0,   0000035P   4443
0.1601988954292525D0,0.7904781055159247D0,5.883938301890207D0,   0000035P   4444
0.1507754309922379D0,0.7410732239211754D0,5.89793058829672D0,    0000035P   4445
0.1413519665552224D0,0.691668342326445D0,5.911040188922907D0,    0000035P   4446
0.1319285021182104D0,0.6422634607316448D0,5.92326311001165D0,    0000035P   4447
0.1225050376811851D0,0.5928585791371063D0,5.934595631030491D0,   0000035P   4448
0.1130815732442097D0,0.5434536975415896D0,5.945034295866387D0,   0000035P   4449
0.1036581088070478D0,0.4940488159497248D0,5.95457593150396D0,    0000035P   4450
0.09423464437058243D0,0.4446439343442294D0,5.963217624117772D0,  0000035P   4451
0.08481117993151716D0,0.3952390527896053D0,5.970956748024954D0,  0000035P   4452
0.07538771550215503D0,0.3458341710451266D0,5.977790939782405D0,  0000035P   4453
0.06596425103658023D0,0.2964292900091939D0,5.983718124845423D0,  0000035P   4454
0.05654078670615305D0,0.2470244063289329D0,5.988736490835897D0,  0000035P   4455
0.04711732187134794D0,0.1976195325174389D0,5.99284451381099D0,   0000035P   4456
0.03769385891890691D0,0.1482146218752055D0,5.996040945920143D0,  0000035P   4457
0.02827038894138757D0,0.09880984868716229D0,5.998324784508433D0, 0000035P   4458
0.01884694518181737D0,0.04940456251309757D0,5.999695450046127D0, 0000035P   4459
0.009423403575528906D0,0.01646898139031838D0,                    0000035P   4460
5.999999874886744D0,0.003141285950619221D0,                      0000035P   4461
1.767786016516547D-15,6.0D0,1.465260040861653D-15,-180.0D0,      0000035P   4462
-0.0D0,0.0D0,56.54831059055645D0;                                0000035P   4463
S0000001G0000011D0000036P0004463                                        T      1
